glob_id,label,pref_label,latitude,longitude,wkt,place_type_uri,place_type
-,Lama|T Eijlant kelang|Vavorlang|Aimoi|Packan|Lamai|Mattysen Eijlant|Tanswei|Tanekoja|Piscadores|de stadt Proventie|Kelangh|Tamsui|Lamo|Kavalang|Quemoi|Loukion|Tankoij|stadt proventie|het vlekje Provintie|Barnagore|Nankin|Rivier van Fabolangh|tansue|Tanswij|Cinchieu|t eijlandt quelangh|Pehouw|Eijmoij|St. Matheus Eijlant|Tanky|Cinchieuw,-,-,-,POINT EMPTY,-,-
GLOB2_1001,Larique|Larieque|Larieke|Larricque|Laricque|Laryecque|Larike,Larike,-3.75519,127.9305,POINT (127.9305 -3.75519),https://digitaalerfgoed.poolparty.biz/globalise/4b274bf6-aa23-44f3-8d90-809c6617916f,comptoir
GLOB2_1003,Carnatica|Vijayanagara,Vijayanagara,15.325,76.465,POINT (76.465 15.325),https://digitaalerfgoed.poolparty.biz/globalise/27785c97-df3c-424e-aa75-bddbd674e183|https://digitaalerfgoed.poolparty.biz/globalise/6f1f178a-fa6f-4553-a723-99f9d909a771,kingdom|empire
GLOB2_1007,Maba,Maba,0.7007,128.29197,POINT (128.29197 0.7007),https://digitaalerfgoed.poolparty.biz/globalise/40217104-de46-42ed-80c8-480fac1f8706,district
GLOB2_1009,Hijla|Hela|Hila|Hilla,Hila,-3.58142,128.0863,POINT (128.0863 -3.58142),-,-
GLOB2_1009_HUM_1,Hijla|Hela|Hila|Hilla,Hila,-3.58142,128.0863,POINT (128.0863 -3.58142),https://digitaalerfgoed.poolparty.biz/globalise/d4dafba3-2344-4f5a-a94d-ed988069d0e5,village
GLOB2_1009_HUM_2,Hijla|Hela|Hila|Hilla,Hila,-3.58142,128.0863,POINT (128.0863 -3.58142),https://digitaalerfgoed.poolparty.biz/globalise/4b274bf6-aa23-44f3-8d90-809c6617916f,comptoir
GLOB2_1009_HUM_3,Fort Amsterdam (Ambon)|fort Amsterdam|fort Hila|Kasteel van Verre,Fort Amsterdam (Ambon),-3.582671,128.083173,POINT (128.083173 -3.582671),https://digitaalerfgoed.poolparty.biz/globalise/84767cdb-cabe-4384-9e51-faca2ae3b864,fortification
GLOB2_1010,Calicata|Calikut|Calechut|Calij Catta|Calicatto|Caliacatta|Calicut|Calecuth|Kozhikode|Kalicout,Kozhikode,11.258,75.77716,POINT (75.77716 11.258),https://digitaalerfgoed.poolparty.biz/globalise/20d7cfe7-b3b1-4223-b2b4-d9f6ddb2e683|https://digitaalerfgoed.poolparty.biz/globalise/93a0b2c9-ad9a-4bab-8620-11b5c1e01f37,port|city
GLOB2_1010_HUM_1,'t Koninkryk Calichut|Kozhikode (kingdom)|Het Koningryk Calicut,Kozhikode (kingdom),11.258,75.77716,POINT (75.77716 11.258),https://digitaalerfgoed.poolparty.biz/globalise/6f1f178a-fa6f-4553-a723-99f9d909a771,kingdom
GLOB2_1010_HUM_2,Calikut|Calichut|Kozhikode (European Settlement),Kozhikode (European Settlement),11.258,75.77716,POINT (75.77716 11.258),https://digitaalerfgoed.poolparty.biz/globalise/c12eaa34-8bf0-4f08-92b8-195871dbf949,european settlement
GLOB2_1018,Tello|Tallo|Talloq,Tallo,-5.149,119.4698,POINT (119.4698 -5.149),https://digitaalerfgoed.poolparty.biz/globalise/6f1f178a-fa6f-4553-a723-99f9d909a771,kingdom
GLOB2_1019,Guzeratte|Gujarāt,Gujarāt,23.0,71.75,POINT (71.75 23),https://digitaalerfgoed.poolparty.biz/globalise/06278cc4-0ec4-4376-b869-8c21bf507894,region
GLOB2_1020,北京|Paquin|Packin|Beijing|Peking|Packijn|Packjan,Beijing,39.9075,116.39723,POINT (116.39723 39.9075),https://digitaalerfgoed.poolparty.biz/globalise/20d7cfe7-b3b1-4223-b2b4-d9f6ddb2e683|https://digitaalerfgoed.poolparty.biz/globalise/2b007e6a-a299-413b-bc7f-51e69a9e1fab,city|capital
GLOB2_1021,Sangij|Sangihe Besar Island|Sangihe,Sangihe Besar Island,3.58333,125.53333,POINT (125.53333 3.58333),https://digitaalerfgoed.poolparty.biz/globalise/d8b4d9c6-11b3-430a-ba08-48eb1f3a8f56,island
GLOB2_1022,Wajo|Wadjo|Towadjo,Wajo,-4.01824,120.1872,POINT (120.1872 -4.01824),https://digitaalerfgoed.poolparty.biz/globalise/d1f592cd-dec1-4f42-bb73-930ce816dfaf,landschap
GLOB2_1023,Dompo|Dompu,Dompu,-8.54183,118.4531,POINT (118.4531 -8.54183),https://digitaalerfgoed.poolparty.biz/globalise/d1f592cd-dec1-4f42-bb73-930ce816dfaf,landschap
GLOB2_1026,Sweden|Zweden,Sweden,62.0,15.0,POINT (15 62),https://digitaalerfgoed.poolparty.biz/globalise/6f1f178a-fa6f-4553-a723-99f9d909a771,kingdom
GLOB2_1027,Tartarije|Tartary|Tartarye|Tartaria,Tartary,-,-,POINT EMPTY,https://digitaalerfgoed.poolparty.biz/globalise/06278cc4-0ec4-4376-b869-8c21bf507894,region
GLOB2_1028,Pauh|Pauw,Pauh,-0.8825,100.49806,POINT (100.49806 -0.8825),https://digitaalerfgoed.poolparty.biz/globalise/d4dafba3-2344-4f5a-a94d-ed988069d0e5,village
GLOB2_1029,Maccisser|Kisser|Makisser|Pulau Kisar|Kisar,Pulau Kisar,-8.08333,127.2,POINT (127.2 -8.08333),https://digitaalerfgoed.poolparty.biz/globalise/d8b4d9c6-11b3-430a-ba08-48eb1f3a8f56,island
GLOB2_1031,Pipeli|Pipelij|Ballipaal|Pipely|Baliapal|Piepelij|Pipilipatan,Baliapal,21.651365,87.279797,POINT (87.279797 21.651365),https://digitaalerfgoed.poolparty.biz/globalise/20d7cfe7-b3b1-4223-b2b4-d9f6ddb2e683|https://digitaalerfgoed.poolparty.biz/globalise/93a0b2c9-ad9a-4bab-8620-11b5c1e01f37,port|city
GLOB2_1033,Pulau Gorom|Pulau Gorong|Gorom Island|Gooram|Goram,Gorom Island,-4.00266,131.4132,POINT (131.4132 -4.00266),https://digitaalerfgoed.poolparty.biz/globalise/d8b4d9c6-11b3-430a-ba08-48eb1f3a8f56,island
GLOB2_1034,Nias|Pulau Nias,Pulau Nias,1.053071,97.63784,POINT (97.63784 1.053071),https://digitaalerfgoed.poolparty.biz/globalise/d8b4d9c6-11b3-430a-ba08-48eb1f3a8f56,island
GLOB2_1035,Bwool|Buol|Bwooll,Buol,1.156253,121.44,POINT (121.44 1.156253),https://digitaalerfgoed.poolparty.biz/globalise/6f1f178a-fa6f-4553-a723-99f9d909a771,kingdom
GLOB2_1036,Celebar|Zillebaar|Cillebaer|Silebar,Silebar,-4.08711,102.59533,POINT (102.59533 -4.08711),https://digitaalerfgoed.poolparty.biz/globalise/954cae70-c7e6-4ee9-8273-73beabc3fc0b,coastal settlement
GLOB2_1038,Tambora|Tombora,Tambora,-8.24655,117.95863,POINT (117.95863 -8.24655),-,-
GLOB2_1038_GEO_1,Tambora|Tombora|Gunung Tambora,Gunung Tambora,-8.24655,117.95863,POINT (117.95863 -8.24655),https://digitaalerfgoed.poolparty.biz/globalise/0c8912b1-6814-4b31-8160-61e51ea1d011,volcano
GLOB2_1038_HUM_1,Tambora|Tombora|Tambora Kingdom,Tambora Kingdom,-8.24655,117.95863,POINT (117.95863 -8.24655),https://digitaalerfgoed.poolparty.biz/globalise/6f1f178a-fa6f-4553-a723-99f9d909a771,kingdom
GLOB2_1041,Tangeran|Tangerangh|Tangarang|Tangerang|fort Tangerang,Tangerang,-6.172524,106.630507,POINT (106.630507 -6.172524),-,-
GLOB2_1041_HUM_1,Tangerangh|Tangerang|Tangarang|Tangeran,Tangerang,-6.172524,106.630507,POINT (106.630507 -6.172524),https://digitaalerfgoed.poolparty.biz/globalise/8e41887e-0111-4667-b209-9d0da933b7d8,town
GLOB2_1041_HUM_2,Tangeran|Tangerangh|Fort Tangerang|Tangerang|Tangarang,Fort Tangerang,-6.174639,106.629597,POINT (106.629597 -6.174639),https://digitaalerfgoed.poolparty.biz/globalise/84767cdb-cabe-4384-9e51-faca2ae3b864,fortification
GLOB2_1045,Balemboangang|Balamboangan|Blambangan|Balambangan|Baliboangh,Blambangan,-8.4294,114.3071,POINT (114.3071 -8.4294),https://digitaalerfgoed.poolparty.biz/globalise/7c1af419-926c-47c9-9450-05dc5849c05c|https://digitaalerfgoed.poolparty.biz/globalise/6f1f178a-fa6f-4553-a723-99f9d909a771,kingdom|negorij [PROBLEMATIC TERM]
GLOB2_1047,"Guinea Coast|Guinea, Kust van",Guinea Coast,2.0,2.5,POINT (2.5 2),https://digitaalerfgoed.poolparty.biz/globalise/42bea596-3b26-4598-a894-5922ff137c7c,coast
GLOB2_1049,Rājmahal|Ragiemahol|Rajmahal|Ragamahol|Ragiamahol|Ragimahol,Rājmahal,25.05543,87.82945,POINT (87.82945 25.05543),https://digitaalerfgoed.poolparty.biz/globalise/20d7cfe7-b3b1-4223-b2b4-d9f6ddb2e683,city
GLOB2_1050,Krawang|Carawang|Karawang|Carwangh|Craoangh|Crawang|Hoek van Craoangh|Craoang|Croang|Caruan,Karawang,-6.3052,107.2928,POINT (107.2928 -6.3052),-,-
GLOB2_1050_GEO_1,Tanjung Karawang|Hoek van Craoangh,Tanjung Karawang,-5.92611,107.00333,POINT (107.00333 -5.92611),https://digitaalerfgoed.poolparty.biz/globalise/ea0cf4b3-3d82-4ff6-ad10-12e77f581218,cape
GLOB2_1050_GEO_2,Ci Tarum|Karawang|Carwangh|Craoangse rivier|Tjitarum|Moordenaars R.|Caruan,Ci Tarum,-5.93833,106.99333,POINT (106.99333 -5.93833),https://digitaalerfgoed.poolparty.biz/globalise/cf7cc49f-738b-48b0-80a7-476244ba4919,river
GLOB2_1050_HUM_1,Krawang|Karawang|Carwangh|Craoangh|Crawang|Craoang|Croang|Caruan,Karawang,-6.3052,107.2928,POINT (107.2928 -6.3052),https://digitaalerfgoed.poolparty.biz/globalise/d1f592cd-dec1-4f42-bb73-930ce816dfaf,landschap
GLOB2_1051,Mozambique|Mosambyque|Mosambique|Mousanbick|Mozambique coast,Mozambique,-15.029,40.74387,POINT (40.74387 -15.029),https://digitaalerfgoed.poolparty.biz/globalise/06278cc4-0ec4-4376-b869-8c21bf507894,region
GLOB2_1053,薩摩|Satsuma|Zatsuma,Satsuma,31.41667,130.41667,POINT (130.41667 31.41667),https://digitaalerfgoed.poolparty.biz/globalise/0e3137ad-bc4d-4da6-8ba3-f4fc5fe7058f,province
GLOB2_1056,Martapura|Martapoura,Martapura,-3.4109,114.8642,POINT (114.8642 -3.4109),https://digitaalerfgoed.poolparty.biz/globalise/ebf26f69-b692-437a-b6fa-2bb4ae0ae95b|https://digitaalerfgoed.poolparty.biz/globalise/93a0b2c9-ad9a-4bab-8620-11b5c1e01f37,port|polity
GLOB2_1062,Parigi|Parygy|Parigie|Parigij,Parigi,-0.83939,120.1876,POINT (120.1876 -0.83939),https://digitaalerfgoed.poolparty.biz/globalise/6f1f178a-fa6f-4553-a723-99f9d909a771,kingdom
GLOB2_1063,Bajang|Bayangh|Bayang,Bayang,-1.257,100.522,POINT (100.522 -1.257),https://digitaalerfgoed.poolparty.biz/globalise/954cae70-c7e6-4ee9-8273-73beabc3fc0b,coastal settlement
GLOB2_1066,Londen|London,London,51.51051,-0.0912,POINT (-0.0912 51.51051),https://digitaalerfgoed.poolparty.biz/globalise/20d7cfe7-b3b1-4223-b2b4-d9f6ddb2e683,city
GLOB2_1067,Endeh|Flores|Ende|Pulau Flores,Flores,-8.69329,121.2471,POINT (121.2471 -8.69329),https://digitaalerfgoed.poolparty.biz/globalise/d8b4d9c6-11b3-430a-ba08-48eb1f3a8f56,island
GLOB2_1070,Afrique|Africa|Afrika,Africa,7.1881,21.09375,POINT (21.09375 7.1881),https://digitaalerfgoed.poolparty.biz/globalise/7006b73c-c2eb-4873-8393-5af701fae308,continent
GLOB2_1071,Gingier|Sinsier|Gingee|Gingie|Tsinsij|Gingi,Gingee,12.25282,79.41727,POINT (79.41727 12.25282),https://digitaalerfgoed.poolparty.biz/globalise/84767cdb-cabe-4384-9e51-faca2ae3b864,fort
GLOB2_1071_HUM_1,Gingee|Gingier|Gingie|Gingi,Gingee,12.25282,79.41727,POINT (79.41727 12.25282),https://digitaalerfgoed.poolparty.biz/globalise/6f1f178a-fa6f-4553-a723-99f9d909a771,kingdom
GLOB2_1071_HUM_2,Sinsier|Gingee Fort|Gingie|Gingi,Gingee Fort,12.250833,79.395833,POINT (79.395833 12.250833),https://digitaalerfgoed.poolparty.biz/globalise/84767cdb-cabe-4384-9e51-faca2ae3b864,fortification
GLOB2_1078,Menjuto|Lamanjuta|Mandjuta|Lamajuta|Manjutte|Majutte|Lammajuta|Manjuta,Menjuto,-2.5344,101.0755,POINT (101.0755 -2.5344),https://digitaalerfgoed.poolparty.biz/globalise/7c1af419-926c-47c9-9450-05dc5849c05c,negorij [PROBLEMATIC TERM]
GLOB2_1080,Passarouang|Passourawang|Passourowang|Passourouangh|Passourouan|Pasuruan|Passouroang|Passoeroeang|Passourouang|Pasuruhan,Pasuruan,-7.64384,112.9041,POINT (112.9041 -7.64384),https://digitaalerfgoed.poolparty.biz/globalise/8e41887e-0111-4667-b209-9d0da933b7d8,town
GLOB2_1081,Waijer|Waaijer|Wajer|Wayer|Waer,Wayer,-4.55085,129.9479,POINT (129.9479 -4.55085),-,-
GLOB2_1081_HUM_1,Waijer|Waaijer|Wajer|Wayer (settlement)|Waer,Wayer (settlement),-4.55085,129.9479,POINT (129.9479 -4.55085),https://digitaalerfgoed.poolparty.biz/globalise/46724d25-aa94-4848-a8ca-17fe02b0db2b,settlement
GLOB2_1081_HUM_2,Wayer (perk)|Waijer|Waaijer|Wajer|Waer,Wayer (perk),-4.55085,129.9479,POINT (129.9479 -4.55085),https://digitaalerfgoed.poolparty.biz/globalise/ff08099f-3b85-48c8-ab5e-e2c50895565b,perk
GLOB2_1081_HUM_3,fort Oerangie|fort Wayer|fort Concordia|Fort Concordia (Banda Lonthor)|fort Wajer|fort Orangie,Fort Concordia (Banda Lonthor),-4.551057,129.949438,POINT (129.949438 -4.551057),https://digitaalerfgoed.poolparty.biz/globalise/84767cdb-cabe-4384-9e51-faca2ae3b864,fort
GLOB2_1082,Lisboa|Lissabon|Lisbon,Lisbon,38.70872,-9.1352,POINT (-9.1352 38.70872),https://digitaalerfgoed.poolparty.biz/globalise/20d7cfe7-b3b1-4223-b2b4-d9f6ddb2e683|https://digitaalerfgoed.poolparty.biz/globalise/2b007e6a-a299-413b-bc7f-51e69a9e1fab,city|capital
GLOB2_1085,Rotterdam,Rotterdam,51.91667,4.483333,POINT (4.483333 51.91667),https://digitaalerfgoed.poolparty.biz/globalise/20d7cfe7-b3b1-4223-b2b4-d9f6ddb2e683,city
GLOB2_1088,Allenberwe|Allemperwe|Allamparwa,Allamparwa,12.2659,80.0101,POINT (80.0101 12.2659),https://digitaalerfgoed.poolparty.biz/globalise/d4dafba3-2344-4f5a-a94d-ed988069d0e5,village
GLOB2_1090,Malayo|Maleijo|Maliaro|Malayu|Maleyo|Malaija,Malayu,0.792885,127.386719,POINT (127.386719 0.792885),https://digitaalerfgoed.poolparty.biz/globalise/8e41887e-0111-4667-b209-9d0da933b7d8,town
GLOB2_1098,"Straet Banca|Selat Bangka|Bangka, Straat",Selat Bangka,-2.49736,105.76817,POINT (105.76817 -2.49736),https://digitaalerfgoed.poolparty.biz/globalise/b2cd216c-9533-449a-849d-1cbd3840a3d2,strait
GLOB2_1099,Oostende|Ostend,Ostend,51.21551,2.927,POINT (2.927 51.21551),https://digitaalerfgoed.poolparty.biz/globalise/8e41887e-0111-4667-b209-9d0da933b7d8|https://digitaalerfgoed.poolparty.biz/globalise/93a0b2c9-ad9a-4bab-8620-11b5c1e01f37,port|town
GLOB2_1105,Diu|Dieuw,Diu,20.71538,70.98832,POINT (70.98832 20.71538),https://digitaalerfgoed.poolparty.biz/globalise/20d7cfe7-b3b1-4223-b2b4-d9f6ddb2e683,city
GLOB2_1107,Delft,Delft,52.00667,4.35556,POINT (4.35556 52.00667),https://digitaalerfgoed.poolparty.biz/globalise/8e41887e-0111-4667-b209-9d0da933b7d8,town
GLOB2_1110,"Fort Victoria (Ambon)|Victoria, fort|fort Nieuw Victoria|Fort of Our Lady of the Annunciation|fort Victoria|Victoria, Kasteel|Kota Laha|Forte de Nossa Senhora da Anunciada",Fort Victoria (Ambon),-3.69155,128.182342,POINT (128.182342 -3.69155),https://digitaalerfgoed.poolparty.biz/globalise/84767cdb-cabe-4384-9e51-faca2ae3b864,fort
GLOB2_1112,Aleppo,Aleppo,36.20124,37.16117,POINT (37.16117 36.20124),https://digitaalerfgoed.poolparty.biz/globalise/20d7cfe7-b3b1-4223-b2b4-d9f6ddb2e683,city
GLOB2_1114,Kolattiri|Kolathunadu|Colatrie|Colastrij,Kolathunadu,12.16667,75.33333,POINT (75.33333 12.16667),https://digitaalerfgoed.poolparty.biz/globalise/6f1f178a-fa6f-4553-a723-99f9d909a771,kingdom
GLOB2_1117,淡水|Tampsuy|Tamsuij|Tanshui|Tangswij|Tan-shui|Tamsuy|Tan-Sui,Tan-shui,25.169912,121.440282,POINT (121.440282 25.169912),https://digitaalerfgoed.poolparty.biz/globalise/06278cc4-0ec4-4376-b869-8c21bf507894|https://digitaalerfgoed.poolparty.biz/globalise/93a0b2c9-ad9a-4bab-8620-11b5c1e01f37,region|port
GLOB2_1118,Dodinga|Dodingo,Dodinga,0.856644,127.6439,POINT (127.6439 0.856644),https://digitaalerfgoed.poolparty.biz/globalise/4b274bf6-aa23-44f3-8d90-809c6617916f,comptoir
GLOB2_1119,Damaon|Dammangh|Daman|Deman|Dammang,Daman,20.41503,72.83239,POINT (72.83239 20.41503),https://digitaalerfgoed.poolparty.biz/globalise/20d7cfe7-b3b1-4223-b2b4-d9f6ddb2e683,city
GLOB2_1121,Coedoes|Kudus|Koedoes,Kudus,-6.8048,110.8405,POINT (110.8405 -6.8048),https://digitaalerfgoed.poolparty.biz/globalise/40217104-de46-42ed-80c8-480fac1f8706|https://digitaalerfgoed.poolparty.biz/globalise/55f41aea-cc65-4cfb-88c4-766a2841452a,regency|district
GLOB2_1122,Soualij Strant|Soualy|Sualy|Suvali|Suhalij,Suvali,21.162,72.63405,POINT (72.63405 21.162),https://digitaalerfgoed.poolparty.biz/globalise/7f946cd2-9901-408a-ac12-355466c473c2,residentie
GLOB2_1126,Tigabelas Kota|Tiga Belas Kota|Tigablas Cottas|Tigaballa Cotta,Tiga Belas Kota,-0.8006,100.6571,POINT (100.6571 -0.8006),https://digitaalerfgoed.poolparty.biz/globalise/d1f592cd-dec1-4f42-bb73-930ce816dfaf,landschap
GLOB2_1127,Pulau Babar|Babber|Babar,Pulau Babar,-7.89733,129.6949,POINT (129.6949 -7.89733),https://digitaalerfgoed.poolparty.biz/globalise/d8b4d9c6-11b3-430a-ba08-48eb1f3a8f56,island
GLOB2_1128,Singora|Sangora|Songkhla,Songkhla,7.2,100.5833,POINT (100.5833 7.2),https://digitaalerfgoed.poolparty.biz/globalise/20d7cfe7-b3b1-4223-b2b4-d9f6ddb2e683,city
GLOB2_1131,Bengkalis|Pulau Bengkalis,Pulau Bengkalis,1.5,102.25,POINT (102.25 1.5),https://digitaalerfgoed.poolparty.biz/globalise/d8b4d9c6-11b3-430a-ba08-48eb1f3a8f56,island
GLOB2_1132,Kambello|Serikambela|Serikkembelo|Cambelle|Cambello,Serikambela,-3.360917,127.943587,POINT (127.943587 -3.360917),https://digitaalerfgoed.poolparty.biz/globalise/d4dafba3-2344-4f5a-a94d-ed988069d0e5,village
GLOB2_1134,Makkah|Mekka|Mecca,Makkah,21.42664,39.82563,POINT (39.82563 21.42664),https://digitaalerfgoed.poolparty.biz/globalise/20d7cfe7-b3b1-4223-b2b4-d9f6ddb2e683,city
GLOB2_1135,Covelon|Covelong|Covelang,Covelong,12.787205,80.250093,POINT (80.250093 12.787205),https://digitaalerfgoed.poolparty.biz/globalise/93a0b2c9-ad9a-4bab-8620-11b5c1e01f37,port
GLOB2_1137,Ning-po|寧波|Limpho|Ningbo|Nimpho|Limpo|Nunbpoe|Nimpo,Ningbo,29.87819,121.54945,POINT (121.54945 29.87819),https://digitaalerfgoed.poolparty.biz/globalise/20d7cfe7-b3b1-4223-b2b4-d9f6ddb2e683,city
GLOB2_1138,Glisson|Galesong,Galesong,-5.3166,119.3661,POINT (119.3661 -5.3166),https://digitaalerfgoed.poolparty.biz/globalise/40217104-de46-42ed-80c8-480fac1f8706,district
GLOB2_1139,Pulau Moa|Moa Island|Moa,Moa Island,-8.18333,127.9,POINT (127.9 -8.18333),https://digitaalerfgoed.poolparty.biz/globalise/d8b4d9c6-11b3-430a-ba08-48eb1f3a8f56,island
GLOB2_1143,Toradja|Toraja lands|Toraja,Toraja lands,-3.05671,119.7617,POINT (119.7617 -3.05671),https://digitaalerfgoed.poolparty.biz/globalise/06278cc4-0ec4-4376-b869-8c21bf507894,region
GLOB2_1149,Utrecht,Utrecht,52.09083,5.12222,POINT (5.12222 52.09083),https://digitaalerfgoed.poolparty.biz/globalise/20d7cfe7-b3b1-4223-b2b4-d9f6ddb2e683,city
GLOB2_1150,Sawai|Zaway|Saway|Sawaij,Sawai,-2.95877,129.1817,POINT (129.1817 -2.95877),https://digitaalerfgoed.poolparty.biz/globalise/d4dafba3-2344-4f5a-a94d-ed988069d0e5,village
GLOB2_1154,Brazil|Brazilië,Brazil,-20.281378,-42.075897,POINT (-42.075897 -20.281378),https://digitaalerfgoed.poolparty.biz/globalise/06278cc4-0ec4-4376-b869-8c21bf507894,region
GLOB2_1157,Leiden,Leiden,52.15833,4.49306,POINT (4.49306 52.15833),https://digitaalerfgoed.poolparty.biz/globalise/8e41887e-0111-4667-b209-9d0da933b7d8,town
GLOB2_1159,Pulau Boano|Boano|Bonoa,Pulau Boano,-2.98027,127.92078,POINT (127.92078 -2.98027),https://digitaalerfgoed.poolparty.biz/globalise/d8b4d9c6-11b3-430a-ba08-48eb1f3a8f56,island
GLOB2_1161,"St. Helena|Saint Helena Island|Sint Helena|Helena, Sint|Island of St. Helena|St. Helena eiland",Saint Helena Island,-15.9258,-5.71745,POINT (-5.71745 -15.9258),https://digitaalerfgoed.poolparty.biz/globalise/d8b4d9c6-11b3-430a-ba08-48eb1f3a8f56,island
GLOB2_1162,Tontolij|Tantoly|Toli-Toli|Tolitoli|Tontoli|Totolij,Toli-Toli,1.039696,120.8153,POINT (120.8153 1.039696),https://digitaalerfgoed.poolparty.biz/globalise/d1f592cd-dec1-4f42-bb73-930ce816dfaf,landschap
GLOB2_1165,Loeboe|Luwuk|Loubou|Luwu,Luwu,-2.6,120.25,POINT (120.25 -2.6),https://digitaalerfgoed.poolparty.biz/globalise/d1f592cd-dec1-4f42-bb73-930ce816dfaf,landschap
GLOB2_1166,Enkhuizen,Enkhuizen,52.70318,5.292306,POINT (5.292306 52.70318),https://digitaalerfgoed.poolparty.biz/globalise/8e41887e-0111-4667-b209-9d0da933b7d8,town
GLOB2_1168,Naning|Naningh|Nanning,Naning,2.381605,102.212,POINT (102.212 2.381605),https://digitaalerfgoed.poolparty.biz/globalise/40217104-de46-42ed-80c8-480fac1f8706|https://digitaalerfgoed.poolparty.biz/globalise/46724d25-aa94-4848-a8ca-17fe02b0db2b,settlement|district
GLOB2_1170,Sidayoe|Sidaju|Nieuw Leydago|Sadayo|Sidayu,Sidayu,-6.9993,112.5636,POINT (112.5636 -6.9993),https://digitaalerfgoed.poolparty.biz/globalise/40217104-de46-42ed-80c8-480fac1f8706,district
GLOB2_1173,Hattuwe|Hatuwe,Hatuwe,-2.7949,129.4956,POINT (129.4956 -2.7949),-,-
GLOB2_1174,Venetië|Venice,Venice,45.4386,12.3267,POINT (12.3267 45.4386),https://digitaalerfgoed.poolparty.biz/globalise/ebf26f69-b692-437a-b6fa-2bb4ae0ae95b,polity
GLOB2_1182,Koonimedu|Kunimedu|Conimur|Conjemere,Koonimedu,12.08519,79.88925,POINT (79.88925 12.08519),-,-
GLOB2_1182_HUM_1,Koonimedu|Kunimedu|Conimur|Conjemere,Koonimedu,12.08519,79.88925,POINT (79.88925 12.08519),https://digitaalerfgoed.poolparty.biz/globalise/d4dafba3-2344-4f5a-a94d-ed988069d0e5,village
GLOB2_1182_HUM_2,Koonimedu|Kunimedu|Conimur|Conjemere,Koonimedu,12.08519,79.88925,POINT (79.88925 12.08519),https://digitaalerfgoed.poolparty.biz/globalise/4b274bf6-aa23-44f3-8d90-809c6617916f,comptoir
GLOB2_1189,Singhia|Singia,Singhia,25.64217,85.32007,POINT (85.32007 25.64217),https://digitaalerfgoed.poolparty.biz/globalise/548ee91d-6717-49f1-917f-827280553153,factory
GLOB2_1190,Madura|Madura (Indonesia),Madura (Indonesia),-7.0,113.33333,POINT (113.33333 -7),https://digitaalerfgoed.poolparty.biz/globalise/d8b4d9c6-11b3-430a-ba08-48eb1f3a8f56,island
GLOB2_1194,Bongaja|Bungaya,Bungaya,-5.36944,119.70528,POINT (119.70528 -5.36944),https://digitaalerfgoed.poolparty.biz/globalise/d4dafba3-2344-4f5a-a94d-ed988069d0e5,village
GLOB2_1195,Banyumas|Banjoemas|Banjumas,Banyumas,-7.51417,109.29417,POINT (109.29417 -7.51417),https://digitaalerfgoed.poolparty.biz/globalise/d1f592cd-dec1-4f42-bb73-930ce816dfaf,landschap
GLOB2_1198,Candar|Candhar|Kandhar|Kendahe,Kendahe,3.68745,125.40176,POINT (125.40176 3.68745),https://digitaalerfgoed.poolparty.biz/globalise/6f1f178a-fa6f-4553-a723-99f9d909a771,kingdom
GLOB2_1201,"Belgica, fort (Banda)|redoute Neira|Belgica, Kasteel|fort Bellegika|fort Belgica|Belgica, fort","Belgica, fort (Banda)",-4.526072,129.898894,POINT (129.898894 -4.526072),https://digitaalerfgoed.poolparty.biz/globalise/84767cdb-cabe-4384-9e51-faca2ae3b864,fortification
GLOB2_1204,Malay Peninsula|Malaya,Malay Peninsula,6.0,102.0,POINT (102 6),https://digitaalerfgoed.poolparty.biz/globalise/422b34bb-dffe-4552-b1cd-f720d3efe4df|https://digitaalerfgoed.poolparty.biz/globalise/06278cc4-0ec4-4376-b869-8c21bf507894,region|peninsula
GLOB2_1206,Bessalor|Barsseloor|Condapoer|Barsalore|Basrūr|Barsaloor|Barssalur|Basseloor|Barcelor,Basrūr,13.6308,74.73769,POINT (74.73769 13.6308),https://digitaalerfgoed.poolparty.biz/globalise/93a0b2c9-ad9a-4bab-8620-11b5c1e01f37,port
GLOB2_1206_GEO_1,Basrur|Barsaloor|de rhee van Barsseloor|Condapoer|Basrur (River),Basrur|Basrur (River),13.6308,74.73769,POINT (74.73769 13.6308),https://digitaalerfgoed.poolparty.biz/globalise/61bf5840-ba7f-4121-b18e-f1c1f101729b|https://digitaalerfgoed.poolparty.biz/globalise/cf7cc49f-738b-48b0-80a7-476244ba4919,river|roadstead
GLOB2_1206_HUM_1,Basseloor|Basrur (European Settlement),Basrur (European Settlement),13.6308,74.73769,POINT (74.73769 13.6308),https://digitaalerfgoed.poolparty.biz/globalise/c12eaa34-8bf0-4f08-92b8-195871dbf949,european settlement
GLOB2_1206_HUM_2,Condapoer|Barsaloor|Basrur (VOC administered area)|Basseloor|Barcelor,Basrur (VOC administered area),13.6308,74.73769,POINT (74.73769 13.6308),https://digitaalerfgoed.poolparty.biz/globalise/49b48294-d3be-4a92-a066-a13be466993c,VOC administered area
GLOB2_1208,Louwen-Landt|Laos|Lansjang|Louwen-lant,Laos,17.9667,102.6,POINT (102.6 17.9667),https://digitaalerfgoed.poolparty.biz/globalise/6f1f178a-fa6f-4553-a723-99f9d909a771,kingdom
GLOB2_1210,Manganitu|Manganitoe,Manganitu,3.57622,125.51849,POINT (125.51849 3.57622),https://digitaalerfgoed.poolparty.biz/globalise/6f1f178a-fa6f-4553-a723-99f9d909a771,kingdom
GLOB2_1211,Pati,Pati,-6.7559,111.038,POINT (111.038 -6.7559),https://digitaalerfgoed.poolparty.biz/globalise/40217104-de46-42ed-80c8-480fac1f8706,district
GLOB2_1212,Hoorn,Hoorn,52.64072,5.057781,POINT (5.057781 52.64072),https://digitaalerfgoed.poolparty.biz/globalise/20d7cfe7-b3b1-4223-b2b4-d9f6ddb2e683,city
GLOB2_1213,Caybobo|Kaibobo|Caijbobo,Kaibobo,-3.21456,128.176432,POINT (128.176432 -3.21456),https://digitaalerfgoed.poolparty.biz/globalise/7c1af419-926c-47c9-9450-05dc5849c05c,negorij [PROBLEMATIC TERM]
GLOB2_1214,Molenvliet|Molenvlied,Molenvliet,-,-,POINT EMPTY,https://digitaalerfgoed.poolparty.biz/globalise/4c199e1f-806b-405d-8e19-c86bed78f44b,canal
GLOB2_1216,Toudjouw Kotta|Tujuh Kota|Tudjuh Kota,Tujuh Kota,-1.05111,101.97556,POINT (101.97556 -1.05111),https://digitaalerfgoed.poolparty.biz/globalise/06278cc4-0ec4-4376-b869-8c21bf507894,region
GLOB2_1217,"Teluk Tomini|Tomini, Golf van|Tomini, bocht van|Tomini (Bocht van)",Teluk Tomini,-0.5975,121.09472,POINT (121.09472 -0.5975),https://digitaalerfgoed.poolparty.biz/globalise/f4f67f28-f00c-4888-a286-f712d82aa9a2,gulf
GLOB2_1218,"fort Geldria|Geldria, Kasteel|Gelria, Kasteel|Fort Geldria|fort Gelderland",Fort Geldria,13.4194,80.316321,POINT (80.316321 13.4194),https://digitaalerfgoed.poolparty.biz/globalise/84767cdb-cabe-4384-9e51-faca2ae3b864,fortification
GLOB2_1219,Ende|Pulau Ende,Pulau Ende,-8.88856,121.5217,POINT (121.5217 -8.88856),https://digitaalerfgoed.poolparty.biz/globalise/d8b4d9c6-11b3-430a-ba08-48eb1f3a8f56,island
GLOB2_1220,Nieuw-Spanje|Nova Spaigna|New Spain|Nova Spangien|Nova Hispania|Nova Espanga,New Spain,19.43060799,-99.1333494,POINT (-99.133349 19.430608),https://digitaalerfgoed.poolparty.biz/globalise/06278cc4-0ec4-4376-b869-8c21bf507894,region
GLOB2_1221,"Concordia, fort (Timor)|Concordia, Kasteel","Concordia, fort (Timor)",-10.162786,123.574844,POINT (123.574844 -10.162786),https://digitaalerfgoed.poolparty.biz/globalise/84767cdb-cabe-4384-9e51-faca2ae3b864,fort
GLOB2_1223,Saint-Malo|St. Malo|Saint Malo,Saint-Malo,48.64678,-2.02377,POINT (-2.02377 48.64678),https://digitaalerfgoed.poolparty.biz/globalise/20d7cfe7-b3b1-4223-b2b4-d9f6ddb2e683,city
GLOB2_1224,Golepalem|Gollapalem,Gollapalem,16.85127,82.17086,POINT (82.17086 16.85127),https://digitaalerfgoed.poolparty.biz/globalise/d4dafba3-2344-4f5a-a94d-ed988069d0e5,village
GLOB2_1228,Tioor|Pulau Teor|Teeuwer,Pulau Teor,-4.75,131.75,POINT (131.75 -4.75),https://digitaalerfgoed.poolparty.biz/globalise/d8b4d9c6-11b3-430a-ba08-48eb1f3a8f56,island
GLOB2_1229,"fort Orangie|Fort Oranje (Ternate)|Oranje, Kasteel|Oranje, fort",Fort Oranje (Ternate),0.792885,127.386719,POINT (127.386719 0.792885),https://digitaalerfgoed.poolparty.biz/globalise/84767cdb-cabe-4384-9e51-faca2ae3b864,fortification
GLOB2_1231,Schotland|Scotland,Scotland,56.0,-4.0,POINT (-4 56),https://digitaalerfgoed.poolparty.biz/globalise/3a7d9c3a-c494-4713-b6a7-65cc125271a8,political administrative body
GLOB2_1232,Magindenao|Magindanao|Maguindanao,Maguindanao,7.196017,124.1813,POINT (124.1813 7.196017),https://digitaalerfgoed.poolparty.biz/globalise/ebf26f69-b692-437a-b6fa-2bb4ae0ae95b|https://digitaalerfgoed.poolparty.biz/globalise/06278cc4-0ec4-4376-b869-8c21bf507894,region|polity
GLOB2_1233,Brebes,Brebes,-6.86678,109.0365,POINT (109.0365 -6.86678),https://digitaalerfgoed.poolparty.biz/globalise/55f41aea-cc65-4cfb-88c4-766a2841452a,regency
GLOB2_1234,Lohayong|Lawajong|Lawayang|Lowayang|Lawayangh|Lawajang,Lohayong,-8.4345,123.0688,POINT (123.0688 -8.4345),https://digitaalerfgoed.poolparty.biz/globalise/7c1af419-926c-47c9-9450-05dc5849c05c,negorij [PROBLEMATIC TERM]
GLOB2_1236,Mekong River|Mekong,Mekong River,10.27982,105.8892,POINT (105.8892 10.27982),https://digitaalerfgoed.poolparty.biz/globalise/cf7cc49f-738b-48b0-80a7-476244ba4919,river
GLOB2_1238,Saldanhabaaij|Saldanhaijbaij|Zaldanhaybay|Saldanhabaai|Zaldanhabaij|Saldanhabay|Saldanha|Saldanha Bay|Saldanhabhaij|Saldanhabaij|Saldanhaybaey|Zaldanhabaaij,Saldanha Bay,-33.00672,17.943063,POINT (17.943063 -33.00672),https://digitaalerfgoed.poolparty.biz/globalise/bd0dfde6-0fb2-476b-ad5e-2f63ed7787ff,bay
GLOB2_1239,Texel,Texel,53.08333,4.83333,POINT (4.83333 53.08333),https://digitaalerfgoed.poolparty.biz/globalise/d8b4d9c6-11b3-430a-ba08-48eb1f3a8f56,island
GLOB2_1240,Thie|Thy|Tie|Timor: Tie,Thie,-10.8464,122.8316,POINT (122.8316 -10.8464),https://digitaalerfgoed.poolparty.biz/globalise/f2e48ff8-f0e6-4a7d-998a-1a4916658270,nusak
GLOB2_1241,Saccam|Siccam|Sakam|Saccan,Saccam,22.995633,120.202127,POINT (120.202127 22.995633),https://digitaalerfgoed.poolparty.biz/globalise/d4dafba3-2344-4f5a-a94d-ed988069d0e5|https://digitaalerfgoed.poolparty.biz/globalise/46724d25-aa94-4848-a8ca-17fe02b0db2b,settlement|village
GLOB2_1243,Minahasa|Minahassa,Minahasa,1.0,124.58333,POINT (124.58333 1),https://digitaalerfgoed.poolparty.biz/globalise/422b34bb-dffe-4552-b1cd-f720d3efe4df,peninsula
GLOB2_1245,"Laut Poelo|Laut, Pulau|Pulau Laut",Pulau Laut,-3.62462,116.15694,POINT (116.15694 -3.62462),https://digitaalerfgoed.poolparty.biz/globalise/d8b4d9c6-11b3-430a-ba08-48eb1f3a8f56,island
GLOB2_1248,Tobang|Tuban|Toeban|Touban,Tuban,-6.8976,112.0649,POINT (112.0649 -6.8976),https://digitaalerfgoed.poolparty.biz/globalise/55f41aea-cc65-4cfb-88c4-766a2841452a,regency
GLOB2_1253,Petapoely|Nizampatam|Petapoli|Petapuli|Nizampatnam|Peettapoely,Nizampatnam,15.903556,80.666842,POINT (80.666842 15.903556),https://digitaalerfgoed.poolparty.biz/globalise/93a0b2c9-ad9a-4bab-8620-11b5c1e01f37,port
GLOB2_1256,Bulba|Bulboe|Bilba,Bilba,-10.6375,123.36694,POINT (123.36694 -10.6375),https://digitaalerfgoed.poolparty.biz/globalise/f2e48ff8-f0e6-4a7d-998a-1a4916658270,nusak
GLOB2_1259,Seven Korales|Zeven Corles,Seven Korales,7.4839,80.3683,POINT (80.3683 7.4839),https://digitaalerfgoed.poolparty.biz/globalise/46a91433-5f11-49f5-a37b-bd52aec90197,dessavony
GLOB2_1266,Stille Zuidzee|Pacific Ocean|Stille Oceaan,Pacific Ocean,3.51342,-132.1875,POINT (-132.1875 3.51342),https://digitaalerfgoed.poolparty.biz/globalise/05abdf2e-d71d-4c3e-9125-e3eed855de10,ocean
GLOB2_1267,Lamahala Jaya|Lamahala,Lamahala,-8.39061,123.1536,POINT (123.1536 -8.39061),https://digitaalerfgoed.poolparty.biz/globalise/d4dafba3-2344-4f5a-a94d-ed988069d0e5,village
GLOB2_1268,Lamacquera|Lamake|Lamakera,Lamakera,-8.4336,123.1643,POINT (123.1643 -8.4336),https://digitaalerfgoed.poolparty.biz/globalise/d4dafba3-2344-4f5a-a94d-ed988069d0e5,village
GLOB2_1270,Tolukko|Tolucco|Terlucco|Benteng Tolukko|Taloyky|Tolouco|Talouky|Tolloucke|Taluco|Tolokko,Benteng Tolukko,0.8139,127.38814,POINT (127.38814 0.8139),https://digitaalerfgoed.poolparty.biz/globalise/84767cdb-cabe-4384-9e51-faca2ae3b864,fortification
GLOB2_1271,Kei|Kay|Kepulauan Kei,Kepulauan Kei,-5.75,132.725,POINT (132.725 -5.75),https://digitaalerfgoed.poolparty.biz/globalise/25b09c82-eab3-41d4-9c36-831cfc2b496c,archipelago
GLOB2_1272,Parran|Gunung Parang|Parang,Gunung Parang,-6.595,107.34556,POINT (107.34556 -6.595),https://digitaalerfgoed.poolparty.biz/globalise/168b4dfb-083c-4c4b-9bc8-4a824da53f0b,mountain
GLOB2_1273,Salawati|Pulau Salawati|Salwattij|Island of Salawatty,Pulau Salawati,-1.10819,130.9122,POINT (130.9122 -1.10819),https://digitaalerfgoed.poolparty.biz/globalise/d8b4d9c6-11b3-430a-ba08-48eb1f3a8f56,island
GLOB2_1274,Maye|Mahē|Mayyazhi|Mahé|Mahie|Mihie |Mahe|Majelle|Maje|Mahee,Mahē,11.70172,75.53474,POINT (75.53474 11.70172),https://digitaalerfgoed.poolparty.biz/globalise/8e41887e-0111-4667-b209-9d0da933b7d8,town
GLOB2_1274_HUM_1,Mahe (European settlement)|Mahee Frans|Mahie|Mihie ,Mahe (European settlement),11.70172,75.53474,POINT (75.53474 11.70172),https://digitaalerfgoed.poolparty.biz/globalise/c12eaa34-8bf0-4f08-92b8-195871dbf949,european settlement
GLOB2_1275,Rasiapour|Rajapur|Ragepour|Rasepour|Ragiapour|Rasapour,Rajapur,16.63927,73.54511,POINT (73.54511 16.63927),https://digitaalerfgoed.poolparty.biz/globalise/40217104-de46-42ed-80c8-480fac1f8706,district
GLOB2_1278,Batang,Batang,-7.025,109.8675,POINT (109.8675 -7.025),https://digitaalerfgoed.poolparty.biz/globalise/55f41aea-cc65-4cfb-88c4-766a2841452a,regency
GLOB2_1281,Bantimurung|Batimouro,Bantimurung,-5.014,119.6538,POINT (119.6538 -5.014),https://digitaalerfgoed.poolparty.biz/globalise/168b4dfb-083c-4c4b-9bc8-4a824da53f0b,mountain
GLOB2_1282,Vlaardingen|Vlaerdinghen,Vlaardingen,-5.13418,119.405556,POINT (119.405556 -5.13418),https://digitaalerfgoed.poolparty.biz/globalise/d4dafba3-2344-4f5a-a94d-ed988069d0e5|https://digitaalerfgoed.poolparty.biz/globalise/7c1af419-926c-47c9-9450-05dc5849c05c|https://digitaalerfgoed.poolparty.biz/globalise/14321f35-fa9f-40a4-a4b5-5d9c0ea8b43a,quarter|village|negorij [PROBLEMATIC TERM]
GLOB2_1287,Sungai Batang Hari|Batanghari,Sungai Batang Hari,-1.26567,104.09154,POINT (104.09154 -1.26567),https://digitaalerfgoed.poolparty.biz/globalise/cf7cc49f-738b-48b0-80a7-476244ba4919,river
GLOB2_1289,Erang|Erangh,Erang,-3.2913,127.9151,POINT (127.9151 -3.2913),https://digitaalerfgoed.poolparty.biz/globalise/d4dafba3-2344-4f5a-a94d-ed988069d0e5,village
GLOB2_1292,Musi|Air Musi,Air Musi,-2.34308,104.91773,POINT (104.91773 -2.34308),https://digitaalerfgoed.poolparty.biz/globalise/cf7cc49f-738b-48b0-80a7-476244ba4919,river
GLOB2_1298,Italy|Italië,Italy,42.8333,12.8333,POINT (12.8333 42.8333),https://digitaalerfgoed.poolparty.biz/globalise/06278cc4-0ec4-4376-b869-8c21bf507894,region
GLOB2_1299,Peru,Peru,-12.06,-77.0375,POINT (-77.0375 -12.06),https://digitaalerfgoed.poolparty.biz/globalise/3a7d9c3a-c494-4713-b6a7-65cc125271a8,political administrative body
GLOB2_1300,Pamanoukan|Pamanukan|Pamanoekan|Pamanuccan,Pamanukan,-6.28417,107.81056,POINT (107.81056 -6.28417),https://digitaalerfgoed.poolparty.biz/globalise/40217104-de46-42ed-80c8-480fac1f8706,district
GLOB2_1305,Sinkang|Sinkan|Sinckan|Sincan,Sinkang,23.07768,120.29449,POINT (120.29449 23.07768),https://digitaalerfgoed.poolparty.biz/globalise/d4dafba3-2344-4f5a-a94d-ed988069d0e5,village
GLOB2_1307,Mangun Jayo|Mangunjaya|Mangundjaja|Mongonjaja|Mangonjadja,Mangun Jayo,-1.4956,102.4395,POINT (102.4395 -1.4956),https://digitaalerfgoed.poolparty.biz/globalise/6f1f178a-fa6f-4553-a723-99f9d909a771,kingdom
GLOB2_1311,Obi eilanden|Pulau Pulau Obi,Pulau Pulau Obi,-1.41167,127.6686,POINT (127.6686 -1.41167),https://digitaalerfgoed.poolparty.biz/globalise/25b09c82-eab3-41d4-9c36-831cfc2b496c,archipelago
GLOB2_1314,Jolo Island|Solot|Sulu|Solock,Jolo Island,6.015,121.10528,POINT (121.10528 6.015),https://digitaalerfgoed.poolparty.biz/globalise/d8b4d9c6-11b3-430a-ba08-48eb1f3a8f56,island
GLOB2_1315,Laha,Laha,-3.7014,128.1031,POINT (128.1031 -3.7014),https://digitaalerfgoed.poolparty.biz/globalise/d4dafba3-2344-4f5a-a94d-ed988069d0e5,village
GLOB2_1316,Madion|Madiun,Madiun,-7.6298,111.5239,POINT (111.5239 -7.6298),https://digitaalerfgoed.poolparty.biz/globalise/55f41aea-cc65-4cfb-88c4-766a2841452a,regency
GLOB2_1319,Sepa,Sepa,-3.34241,129.11468,POINT (129.11468 -3.34241),https://digitaalerfgoed.poolparty.biz/globalise/46724d25-aa94-4848-a8ca-17fe02b0db2b,settlement
GLOB2_1322,Danisburgh|Dansburgh|Danisborgh|Dansborg|Fort Dansborg|Dansborch|Daensburch,Fort Dansborg,11.024611,79.855806,POINT (79.855806 11.024611),https://digitaalerfgoed.poolparty.biz/globalise/84767cdb-cabe-4384-9e51-faca2ae3b864,fort
GLOB2_1325,Sudiang|Soediang|Sodiang|Sodia|Zodian,Sudiang,-5.0974,119.5328,POINT (119.5328 -5.0974),https://digitaalerfgoed.poolparty.biz/globalise/d1f592cd-dec1-4f42-bb73-930ce816dfaf,landschap
GLOB2_1326,Baía de Maputo|Delagoa Bay|Delagoabaai,Baía de Maputo,-26.04383,32.75642,POINT (32.75642 -26.04383),https://digitaalerfgoed.poolparty.biz/globalise/bd0dfde6-0fb2-476b-ad5e-2f63ed7787ff,bay
GLOB2_1334,Malde|Maldah|Malda,Malda,25.01974,88.13609,POINT (88.13609 25.01974),https://digitaalerfgoed.poolparty.biz/globalise/20d7cfe7-b3b1-4223-b2b4-d9f6ddb2e683,city
GLOB2_1336,Belu|Beloe,Belu,-9.17581,124.91628,POINT (124.91628 -9.17581),https://digitaalerfgoed.poolparty.biz/globalise/d1f592cd-dec1-4f42-bb73-930ce816dfaf|https://digitaalerfgoed.poolparty.biz/globalise/0e3137ad-bc4d-4da6-8ba3-f4fc5fe7058f,province|landschap
GLOB2_1337,Ourangabadda|Aurangābād|Orangabad|Orangabaad|Aurangabad,Aurangābād,19.87757,75.34226,POINT (75.34226 19.87757),https://digitaalerfgoed.poolparty.biz/globalise/20d7cfe7-b3b1-4223-b2b4-d9f6ddb2e683,city
GLOB2_1339,Attingola|Attingolo|Atinggola,Atinggola,0.8991,123.1166,POINT (123.1166 0.8991),https://digitaalerfgoed.poolparty.biz/globalise/d1f592cd-dec1-4f42-bb73-930ce816dfaf,landschap
GLOB2_1341,Camponbero|Kampon Baroe|Kampungbaru|Kampong Baru|Campon Barouw,Kampungbaru,-5.1104,119.4307,POINT (119.4307 -5.1104),https://digitaalerfgoed.poolparty.biz/globalise/14321f35-fa9f-40a4-a4b5-5d9c0ea8b43a,quarter
GLOB2_1342,Segara Anakan|Sagaranakan|Kinderzee|Zagaranakan,Segara Anakan,-7.66667,108.83333,POINT (108.83333 -7.66667),https://digitaalerfgoed.poolparty.biz/globalise/6c3c2e6f-3d69-4028-9126-80191051e960,lagoon
GLOB2_1348,Mascarenhas|Mascarene Islands,Mascarene Islands,-21.0,57.0,POINT (57 -21),https://digitaalerfgoed.poolparty.biz/globalise/25b09c82-eab3-41d4-9c36-831cfc2b496c,archipelago
GLOB2_1349,Robben Eijlant|Robbeneijland|Robbeneijlandt|Robben Island|Robbeneyland|Robbeneylandt|Robben Eijland|Robbeneiland,Robben Island,-33.8059,18.37067,POINT (18.37067 -33.8059),https://digitaalerfgoed.poolparty.biz/globalise/d8b4d9c6-11b3-430a-ba08-48eb1f3a8f56,island
GLOB2_1351,Istanbul|Constantinopel,Istanbul,41.01384,28.94966,POINT (28.94966 41.01384),https://digitaalerfgoed.poolparty.biz/globalise/20d7cfe7-b3b1-4223-b2b4-d9f6ddb2e683|https://digitaalerfgoed.poolparty.biz/globalise/2b007e6a-a299-413b-bc7f-51e69a9e1fab,city|capital
GLOB2_1354,Gamma Lamma|Castela|Gam Lamo|Gammelamma|Gammelamme|Gammalamma|Gammalama,Castela,0.755717,127.324626,POINT (127.324626 0.755717),https://digitaalerfgoed.poolparty.biz/globalise/84767cdb-cabe-4384-9e51-faca2ae3b864,fortification
GLOB2_1355,Paloe|Palu,Palu,-0.90833,119.87083,POINT (119.87083 -0.90833),https://digitaalerfgoed.poolparty.biz/globalise/d1f592cd-dec1-4f42-bb73-930ce816dfaf,landschap
GLOB2_1357,Bangil|Banger,Bangil,-7.59939,112.8186,POINT (112.8186 -7.59939),https://digitaalerfgoed.poolparty.biz/globalise/7c1af419-926c-47c9-9450-05dc5849c05c|https://digitaalerfgoed.poolparty.biz/globalise/55f41aea-cc65-4cfb-88c4-766a2841452a,regency|negorij [PROBLEMATIC TERM]
GLOB2_1360,Deli|Deli (Sumatra)|Dilli,Deli (Sumatra),3.879,98.633,POINT (98.633 3.879),https://digitaalerfgoed.poolparty.biz/globalise/6f1f178a-fa6f-4553-a723-99f9d909a771,kingdom
GLOB2_1363,Ban Bang Khli|Bangary|Bangery,Ban Bang Khli,8.31236,98.29075,POINT (98.29075 8.31236),https://digitaalerfgoed.poolparty.biz/globalise/6f1f178a-fa6f-4553-a723-99f9d909a771,kingdom
GLOB2_1365,Waterpoort (Batavia)|Waterpoort|Water Gate,Waterpoort (Batavia),-6.127672,106.811354,POINT (106.811354 -6.127672),https://digitaalerfgoed.poolparty.biz/globalise/385fe473-cafc-4f17-9f72-cbecd4088e6b,gate
GLOB2_1366,Lasem|Lassem|Lassum|Lassam,Lasem,-6.69891,111.4457,POINT (111.4457 -6.69891),https://digitaalerfgoed.poolparty.biz/globalise/40217104-de46-42ed-80c8-480fac1f8706|https://digitaalerfgoed.poolparty.biz/globalise/93a0b2c9-ad9a-4bab-8620-11b5c1e01f37,port|district
GLOB2_1368,Arialchery|Aliaalcherij|Arialcherry,Arialcherry,12.526789,80.163324,POINT (80.163324 12.526789),https://digitaalerfgoed.poolparty.biz/globalise/d4dafba3-2344-4f5a-a94d-ed988069d0e5,village
GLOB2_1371,Nagalwancha|Nagulvancha|Nagelwanze|Nagelwanse,Nagalwancha,17.07433,80.22852,POINT (80.22852 17.07433),https://digitaalerfgoed.poolparty.biz/globalise/d4dafba3-2344-4f5a-a94d-ed988069d0e5,village
GLOB2_1372,Kau|Cauw|Kao,Kao,1.16962,127.9003,POINT (127.9003 1.16962),https://digitaalerfgoed.poolparty.biz/globalise/40217104-de46-42ed-80c8-480fac1f8706,district
GLOB2_1376,Teralta|Terr'Alta|Romang|Pulau Romang|Roma,Pulau Romang,-7.566666667,127.45,POINT (127.45 -7.566667),https://digitaalerfgoed.poolparty.biz/globalise/d8b4d9c6-11b3-430a-ba08-48eb1f3a8f56,island
GLOB2_1380,Bankebazaar|Banquibazar|Bankibasaar|Bakibazaar,Banquibazar,22.80499,88.37088,POINT (88.37088 22.80499),https://digitaalerfgoed.poolparty.biz/globalise/d4dafba3-2344-4f5a-a94d-ed988069d0e5,village
GLOB2_1381,Agam,Agam,-0.23333,100.21667,POINT (100.21667 -0.23333),https://digitaalerfgoed.poolparty.biz/globalise/d1f592cd-dec1-4f42-bb73-930ce816dfaf,landschap
GLOB2_1382,"Nassau, Kasteel|Neira fort Nassouw|Fort Nassau (Banda)|Neira fort Nassauw|fort Nassau|Neira fort Nassou",Fort Nassau (Banda),-4.52822,129.897786,POINT (129.897786 -4.52822),https://digitaalerfgoed.poolparty.biz/globalise/84767cdb-cabe-4384-9e51-faca2ae3b864,fortification
GLOB2_1383,Falta|Phalta|Volta,Phalta,22.29597,88.12296,POINT (88.12296 22.29597),https://digitaalerfgoed.poolparty.biz/globalise/d4dafba3-2344-4f5a-a94d-ed988069d0e5,village
GLOB2_1385,Anger|Anyar|Anyer|Anjar|Anjer|Anguer,Anyer,-6.05256,105.9228,POINT (105.9228 -6.05256),-,-
GLOB2_1387,Gamkonora|Gammacanorre|Gammaknorra,Gamkonora,1.43526,127.53385,POINT (127.53385 1.43526),https://digitaalerfgoed.poolparty.biz/globalise/46724d25-aa94-4848-a8ca-17fe02b0db2b,settlement
GLOB2_1390,Talaud|Talauw|Pulau-pulau Talaud,Pulau-pulau Talaud,4.19,126.8,POINT (126.8 4.19),https://digitaalerfgoed.poolparty.biz/globalise/25b09c82-eab3-41d4-9c36-831cfc2b496c,archipelago
GLOB2_1391,Bayāna|Biana,Bayāna,26.90791,77.28985,POINT (77.28985 26.90791),https://digitaalerfgoed.poolparty.biz/globalise/20d7cfe7-b3b1-4223-b2b4-d9f6ddb2e683,city
GLOB2_1393,Pehu|Pehoe|Peng-Hu|澎湖諸島|Pescadores|Penghu|Penghu Qundao|Penghu Islands|澎湖|Pehou|Penghoe,Penghu Qundao,23.55292,119.5479,POINT (119.5479 23.55292),https://digitaalerfgoed.poolparty.biz/globalise/25b09c82-eab3-41d4-9c36-831cfc2b496c,archipelago
GLOB2_1395,Genua|Genoa,Genoa,44.40478,8.94439,POINT (8.94439 44.40478),https://digitaalerfgoed.poolparty.biz/globalise/ebf26f69-b692-437a-b6fa-2bb4ae0ae95b,polity
GLOB2_1401,Pahang|Pahangh|Pahan,Pahang,3.4836,103.3996,POINT (103.3996 3.4836),https://digitaalerfgoed.poolparty.biz/globalise/8e41887e-0111-4667-b209-9d0da933b7d8|https://digitaalerfgoed.poolparty.biz/globalise/93a0b2c9-ad9a-4bab-8620-11b5c1e01f37,port|town
GLOB2_1402,Delft (eiland)|Delft Island (Sri Lanka),Delft Island (Sri Lanka),9.533333333,79.66666667,POINT (79.666667 9.533333),https://digitaalerfgoed.poolparty.biz/globalise/d8b4d9c6-11b3-430a-ba08-48eb1f3a8f56,island
GLOB2_1403,Kuiper (eiland)|Pulau Kahyangan|Kuijper|Kuyper Eyland|Pulau Kayangan|D' Cuyper|Cipir|Cuyper|Cuijpers Eijlandt,Pulau Kayangan,-6.038889,106.735556,POINT (106.735556 -6.038889),https://digitaalerfgoed.poolparty.biz/globalise/d8b4d9c6-11b3-430a-ba08-48eb1f3a8f56,island
GLOB2_1405,Luzon|Luconia,Luzon,16.0,121.0,POINT (121 16),https://digitaalerfgoed.poolparty.biz/globalise/d8b4d9c6-11b3-430a-ba08-48eb1f3a8f56,island
GLOB2_1406,Griekenland|Greece,Greece,39.0,22.0,POINT (22 39),https://digitaalerfgoed.poolparty.biz/globalise/ebf26f69-b692-437a-b6fa-2bb4ae0ae95b|https://digitaalerfgoed.poolparty.biz/globalise/06278cc4-0ec4-4376-b869-8c21bf507894,region|polity
GLOB2_1407,Grobogan,Grobogan,-7.0258,110.9195,POINT (110.9195 -7.0258),https://digitaalerfgoed.poolparty.biz/globalise/40217104-de46-42ed-80c8-480fac1f8706,district
GLOB2_1409,fort Noordwijck|Fort Noordwijk|Noordwijk|fort Noortwijck,Fort Noordwijk,-6.167893,106.830599,POINT (106.830599 -6.167893),https://digitaalerfgoed.poolparty.biz/globalise/84767cdb-cabe-4384-9e51-faca2ae3b864,fort
GLOB2_1411,Chandernagore|Chandannagar,Chandannagar,22.86225,88.36796,POINT (88.36796 22.86225),https://digitaalerfgoed.poolparty.biz/globalise/93a0b2c9-ad9a-4bab-8620-11b5c1e01f37,port
GLOB2_1412,Ony|Ounigh|Onin|Ounig|Semenanjung Onin,Semenanjung Onin,-2.78657,132.2309,POINT (132.2309 -2.78657),https://digitaalerfgoed.poolparty.biz/globalise/422b34bb-dffe-4552-b1cd-f720d3efe4df,peninsula
GLOB2_1413,Zuidzee|Suydtzee|Zuytzee|South Pacific Ocean,South Pacific Ocean,-45.0,-130.0,POINT (-130 -45),https://digitaalerfgoed.poolparty.biz/globalise/05abdf2e-d71d-4c3e-9125-e3eed855de10,ocean
GLOB2_1414,Sirgees|Sharkej|Sirkhej|Sirches|Sarkhej|Sergees,Sarkhej,22.98297,72.50196,POINT (72.50196 22.98297),https://digitaalerfgoed.poolparty.biz/globalise/d4dafba3-2344-4f5a-a94d-ed988069d0e5,village
GLOB2_1415,Nollot|Nolot,Nolot,-3.498834,128.693104,POINT (128.693104 -3.498834),https://digitaalerfgoed.poolparty.biz/globalise/d4dafba3-2344-4f5a-a94d-ed988069d0e5,village
GLOB2_1416,Nzwani|Answany|Ndzuwani|Anzuany|Hinzuan|Johanna|Ansjouan|Anjouan|Ndzwani|Anzuani|Anjouan Island|Ansuany,Anjouan Island,-12.1598,44.4019,POINT (44.4019 -12.1598),https://digitaalerfgoed.poolparty.biz/globalise/d8b4d9c6-11b3-430a-ba08-48eb1f3a8f56,island
GLOB2_1422,West Indies|West-Indië,West Indies,19.38333,-71.21667,POINT (-71.21667 19.38333),https://digitaalerfgoed.poolparty.biz/globalise/06278cc4-0ec4-4376-b869-8c21bf507894,region
GLOB2_1424,"Straete Cincapure|Singapore Strait|Singapura, Straat van|Singapore, Straat",Singapore Strait,1.23175,103.94131,POINT (103.94131 1.23175),https://digitaalerfgoed.poolparty.biz/globalise/b2cd216c-9533-449a-849d-1cbd3840a3d2,strait
GLOB2_1426,"Selat Bali|Bali, Straat",Selat Bali,-8.3,114.425,POINT (114.425 -8.3),https://digitaalerfgoed.poolparty.biz/globalise/b2cd216c-9533-449a-849d-1cbd3840a3d2,strait
GLOB2_1428,Alor Island|Aloor|Alor|Basar van Alor,Alor Island,-8.29102,124.7252,POINT (124.7252 -8.29102),https://digitaalerfgoed.poolparty.biz/globalise/d8b4d9c6-11b3-430a-ba08-48eb1f3a8f56,island
GLOB2_1429,Bacaassij|Bacassie|Baccassie|Bekasi|Barangcassy|Bocassie|Bacassij|Baccassy,Bekasi,-6.08969,106.9927,POINT (106.9927 -6.08969),https://digitaalerfgoed.poolparty.biz/globalise/07b3f630-b359-4d5d-a0cd-3c029dc1c394,guard post
GLOB2_1430,Limbotto|Limbotte|Lambotto|Limboto,Limboto,0.638117,122.9267,POINT (122.9267 0.638117),https://digitaalerfgoed.poolparty.biz/globalise/6f1f178a-fa6f-4553-a723-99f9d909a771,kingdom
GLOB2_1431,Ringgou|Rackauw|Rokkou|Ringgur,Ringgou,-10.5902,123.355,POINT (123.355 -10.5902),https://digitaalerfgoed.poolparty.biz/globalise/f2e48ff8-f0e6-4a7d-998a-1a4916658270,nusak
GLOB2_1435,Guinee|Guinea,Guinea,10.06046,-14.0443,POINT (-14.0443 10.06046),https://digitaalerfgoed.poolparty.biz/globalise/06278cc4-0ec4-4376-b869-8c21bf507894,region
GLOB2_1436,Amabi|Ammaby|Amanabi,Amabi,-10.0743,123.7556,POINT (123.7556 -10.0743),https://digitaalerfgoed.poolparty.biz/globalise/d1f592cd-dec1-4f42-bb73-930ce816dfaf|https://digitaalerfgoed.poolparty.biz/globalise/e2aea655-e60c-47a1-96d8-4c2fd0f92ba2,principality|landschap
GLOB2_1437,Damar-Besar|Pulau Damar Besar|Edam,Pulau Damar Besar,-5.95722,106.8444,POINT (106.8444 -5.95722),https://digitaalerfgoed.poolparty.biz/globalise/d8b4d9c6-11b3-430a-ba08-48eb1f3a8f56,island
GLOB2_1440,"Fort Speelwijk|fort Spelwijck|fort Speelwijck|Speelwijk, Kasteel",Fort Speelwijk,-6.030973,106.150679,POINT (106.150679 -6.030973),https://digitaalerfgoed.poolparty.biz/globalise/84767cdb-cabe-4384-9e51-faca2ae3b864,fort
GLOB2_1441,Tomini,Tomini,0.5152,120.5515,POINT (120.5515 0.5152),https://digitaalerfgoed.poolparty.biz/globalise/d4dafba3-2344-4f5a-a94d-ed988069d0e5,village
GLOB2_1442,Anhai|安海|An-Hai|Anhay|Anhaij,Anhai,24.71958,118.47079,POINT (118.47079 24.71958),https://digitaalerfgoed.poolparty.biz/globalise/20d7cfe7-b3b1-4223-b2b4-d9f6ddb2e683,city
GLOB2_1443,Carangantoe|Karangantu|Pelabuhankarangantu,Pelabuhankarangantu,-6.0306,106.1639,POINT (106.1639 -6.0306),https://digitaalerfgoed.poolparty.biz/globalise/d4dafba3-2344-4f5a-a94d-ed988069d0e5,village
GLOB2_1444,Pulau Pandjang|Lange Eyland|Pulo Panjangh|Pulau Panjang (Banten),Pulau Panjang (Banten),-5.93093,106.15193,POINT (106.15193 -5.93093),https://digitaalerfgoed.poolparty.biz/globalise/d8b4d9c6-11b3-430a-ba08-48eb1f3a8f56,island
GLOB2_1445,"Bastion Groningen (Batavia)|Groningen, Punt",Bastion Groningen (Batavia),-6.12741,106.80903,POINT (106.80903 -6.12741),https://digitaalerfgoed.poolparty.biz/globalise/84767cdb-cabe-4384-9e51-faca2ae3b864,fortification
GLOB2_1447,Allang|Alang,Alang,-3.77485,128.0019,POINT (128.0019 -3.77485),https://digitaalerfgoed.poolparty.biz/globalise/d4dafba3-2344-4f5a-a94d-ed988069d0e5,village
GLOB2_1448,Surcam|Sorkam,Sorkam,1.8705,98.56154,POINT (98.56154 1.8705),https://digitaalerfgoed.poolparty.biz/globalise/954cae70-c7e6-4ee9-8273-73beabc3fc0b,coastal settlement
GLOB2_1451,"Tondi, bocht van|Palk Bay",Palk Bay,9.5,79.25,POINT (79.25 9.5),https://digitaalerfgoed.poolparty.biz/globalise/bd0dfde6-0fb2-476b-ad5e-2f63ed7787ff,bay
GLOB2_1452,"Bastion Saphier (Batavia)|Saffier, Punt|Safier, Punt",Bastion Saphier (Batavia),-6.127672,106.811354,POINT (106.811354 -6.127672),https://digitaalerfgoed.poolparty.biz/globalise/84767cdb-cabe-4384-9e51-faca2ae3b864,fortification
GLOB2_1455,baie St. Jago|Sint Jago|Saint Jacques|Santiago|St. Jacques|Saint Jago,St. Jacques,-23.0025,43.49231,POINT (43.49231 -23.0025),https://digitaalerfgoed.poolparty.biz/globalise/bd0dfde6-0fb2-476b-ad5e-2f63ed7787ff,bay
GLOB2_1457,Sandraboni|Sandrabonij|Sanrabone|Sanrobone|Sadrebone,Sanrobone,-5.4304,119.3907,POINT (119.3907 -5.4304),https://digitaalerfgoed.poolparty.biz/globalise/6f1f178a-fa6f-4553-a723-99f9d909a771,kingdom
GLOB2_1458,Labuha|Laboea|Laboua,Labuha,-0.62546,127.47808,POINT (127.47808 -0.62546),https://digitaalerfgoed.poolparty.biz/globalise/d4dafba3-2344-4f5a-a94d-ed988069d0e5,village
GLOB2_1461,Vovorolang|Favorolangh|Favorolang|Vavoralangh|Favorlangh|Favorlang,Favorlangh,23.34521,120.6403,POINT (120.6403 23.34521),https://digitaalerfgoed.poolparty.biz/globalise/d4dafba3-2344-4f5a-a94d-ed988069d0e5,village
GLOB2_1463,Madrid,Madrid,40.4165,-3.70256,POINT (-3.70256 40.4165),https://digitaalerfgoed.poolparty.biz/globalise/8e41887e-0111-4667-b209-9d0da933b7d8|https://digitaalerfgoed.poolparty.biz/globalise/2b007e6a-a299-413b-bc7f-51e69a9e1fab,town|capital
GLOB2_1464,Chaul,Chaul,18.56723,72.93177,POINT (72.93177 18.56723),https://digitaalerfgoed.poolparty.biz/globalise/20d7cfe7-b3b1-4223-b2b4-d9f6ddb2e683|https://digitaalerfgoed.poolparty.biz/globalise/93a0b2c9-ad9a-4bab-8620-11b5c1e01f37,port|city
GLOB2_1467,Rome,Rome,41.89193,12.51133,POINT (12.51133 41.89193),https://digitaalerfgoed.poolparty.biz/globalise/20d7cfe7-b3b1-4223-b2b4-d9f6ddb2e683,city
GLOB2_1471,Lahore|Lahor,Lahore,31.558,74.35071,POINT (74.35071 31.558),https://digitaalerfgoed.poolparty.biz/globalise/20d7cfe7-b3b1-4223-b2b4-d9f6ddb2e683,city
GLOB2_1472,Bira,Bira,-5.5975,120.45083,POINT (120.45083 -5.5975),https://digitaalerfgoed.poolparty.biz/globalise/d4dafba3-2344-4f5a-a94d-ed988069d0e5,village
GLOB2_1473,Lommelaija|Roemacay|Rumahkai|Roumakay,Rumahkai,-3.44741,128.53858,POINT (128.53858 -3.44741),https://digitaalerfgoed.poolparty.biz/globalise/7c1af419-926c-47c9-9450-05dc5849c05c,negorij [PROBLEMATIC TERM]
GLOB2_1475,Korea|Corea,Korea,38.62545,127.55127,POINT (127.55127 38.62545),-,-
GLOB2_1475_GEO_1,Corea|Korean Peninsula,Korean Peninsula,38.62545,127.55127,POINT (127.55127 38.62545),https://digitaalerfgoed.poolparty.biz/globalise/422b34bb-dffe-4552-b1cd-f720d3efe4df,peninsula
GLOB2_1475_HUM_1,Korea|Corea,Korea,38.62545,127.55127,POINT (127.55127 38.62545),https://digitaalerfgoed.poolparty.biz/globalise/ebf26f69-b692-437a-b6fa-2bb4ae0ae95b,polity
GLOB2_1476,Erikan|Ïrakam|Erican,Ïrakam,13.57169,80.14617,POINT (80.14617 13.57169),https://digitaalerfgoed.poolparty.biz/globalise/d8b4d9c6-11b3-430a-ba08-48eb1f3a8f56,island
GLOB2_1478,Kiushiu|Kyushu|Saijkock|Kioesjoe|Saikock|九州|Kyūshū|Cikoco|Qoesiouw|Quoesiouw,Kyushu,32.42944,130.99099,POINT (130.99099 32.42944),https://digitaalerfgoed.poolparty.biz/globalise/d8b4d9c6-11b3-430a-ba08-48eb1f3a8f56,island
GLOB2_1480,`s-Gravenhage|The Hague,The Hague,52.07667,4.29861,POINT (4.29861 52.07667),https://digitaalerfgoed.poolparty.biz/globalise/8e41887e-0111-4667-b209-9d0da933b7d8,town
GLOB2_1482,海南|Aijnam|Ainnaon|Ainaon|Hainan Dao|Hainan|Ainam,Hainan Dao,19.15854,109.7088,POINT (109.7088 19.15854),https://digitaalerfgoed.poolparty.biz/globalise/d8b4d9c6-11b3-430a-ba08-48eb1f3a8f56,island
GLOB2_1485,Vier Korala|Four Korales,Four Korales,7.1761,80.3351,POINT (80.3351 7.1761),https://digitaalerfgoed.poolparty.biz/globalise/46a91433-5f11-49f5-a37b-bd52aec90197,dessavony
GLOB2_1487,Pampanga|Papanga,Pampanga,15.06667,120.66667,POINT (120.66667 15.06667),https://digitaalerfgoed.poolparty.biz/globalise/0e3137ad-bc4d-4da6-8ba3-f4fc5fe7058f,province
GLOB2_1488,Warnama|Werinama,Werinama,-3.5479,130.1811,POINT (130.1811 -3.5479),https://digitaalerfgoed.poolparty.biz/globalise/d4dafba3-2344-4f5a-a94d-ed988069d0e5,village
GLOB2_1489,Imbanagara,Imbanagara,-7.32222,108.30944,POINT (108.30944 -7.32222),https://digitaalerfgoed.poolparty.biz/globalise/55f41aea-cc65-4cfb-88c4-766a2841452a,regency
GLOB2_1491,"Parel, Punt|Bastion Parel (Batavia)|Paerle|Peerl",Bastion Parel (Batavia),-6.127672,106.811354,POINT (106.811354 -6.127672),https://digitaalerfgoed.poolparty.biz/globalise/84767cdb-cabe-4384-9e51-faca2ae3b864,fortification
GLOB2_1495,Canael|English Channel|Kanaal,English Channel,50.0,-1.0,POINT (-1 50),https://digitaalerfgoed.poolparty.biz/globalise/1def21b2-fbe7-48e1-a236-f562dff99614,sea
GLOB2_1496,Lissidi|Lessidi|Lessidij|Lesidi,Lesidi,-3.343737,127.93875,POINT (127.93875 -3.343737),https://digitaalerfgoed.poolparty.biz/globalise/46724d25-aa94-4848-a8ca-17fe02b0db2b,settlement
GLOB2_1497,Diepan|Djipang|Jipang|Djipan,Jipang,-7.2053,111.5606,POINT (111.5606 -7.2053),https://digitaalerfgoed.poolparty.biz/globalise/d1f592cd-dec1-4f42-bb73-930ce816dfaf,landschap
GLOB2_1498,Pracamoentjang|Prakan Moentsjang|Parakanmuncang|Parakanmuntjang|Prackan Moentjang|Parakan Muntjang|Prakamontjang,Parakanmuncang,-7.2674,107.8909,POINT (107.8909 -7.2674),https://digitaalerfgoed.poolparty.biz/globalise/55f41aea-cc65-4cfb-88c4-766a2841452a,regency
GLOB2_1499,Germany|Duitsland,Germany,50.1167,8.6833,POINT (8.6833 50.1167),https://digitaalerfgoed.poolparty.biz/globalise/ebf26f69-b692-437a-b6fa-2bb4ae0ae95b,polity
GLOB2_1500,Allas|Alas,Alas,-8.51179,117.0105,POINT (117.0105 -8.51179),https://digitaalerfgoed.poolparty.biz/globalise/7c1af419-926c-47c9-9450-05dc5849c05c,negorij [PROBLEMATIC TERM]
GLOB2_1503,"Fort Wilhelmus|Wilhelmus, Fort|William Fort (Chettuva)|Chettuva Fort|fort Wilhelmus",William Fort (Chettuva),10.525102,76.042137,POINT (76.042137 10.525102),https://digitaalerfgoed.poolparty.biz/globalise/84767cdb-cabe-4384-9e51-faca2ae3b864,fortification
GLOB2_1505,Ceram-Laut|Ceram Laut|Ceram Lauw|Pulau Seram Laut|Seram Laut|Ceramlaut,Pulau Seram Laut,-3.88707,130.9187,POINT (130.9187 -3.88707),https://digitaalerfgoed.poolparty.biz/globalise/d8b4d9c6-11b3-430a-ba08-48eb1f3a8f56,island
GLOB2_1506,Dabhul|Dābhol|Dabul|Dabhol,Dābhol,17.58546,73.17204,POINT (73.17204 17.58546),https://digitaalerfgoed.poolparty.biz/globalise/20d7cfe7-b3b1-4223-b2b4-d9f6ddb2e683|https://digitaalerfgoed.poolparty.biz/globalise/93a0b2c9-ad9a-4bab-8620-11b5c1e01f37,port|city
GLOB2_1507,Landu|Pulau Landu|Lande,Pulau Landu,-10.9292,122.9477,POINT (122.9477 -10.9292),https://digitaalerfgoed.poolparty.biz/globalise/d8b4d9c6-11b3-430a-ba08-48eb1f3a8f56,island
GLOB2_1508,Sala Tiga|Salatiga,Salatiga,-7.34212,110.5046,POINT (110.5046 -7.34212),https://digitaalerfgoed.poolparty.biz/globalise/d4dafba3-2344-4f5a-a94d-ed988069d0e5,village
GLOB2_1512,蚊港|Wang-kang|Wankan|Wancan|Wanckan|Haomei,Wancan,23.42205,120.211,POINT (120.211 23.42205),-,-
GLOB2_1514,"Ujung Pandang|Rotterdam, Kasteel|Rotterdam, fort|kasteel Rotterdam|fort Rotterdam|Fort Rotterdam (Makassar)|fort Panyua",Fort Rotterdam (Makassar),-5.13418,119.405556,POINT (119.405556 -5.13418),https://digitaalerfgoed.poolparty.biz/globalise/84767cdb-cabe-4384-9e51-faca2ae3b864,fortification
GLOB2_1515,Lontar|Banda-Lonthar|Lonthour|Banda-Lontar|Banda Lontar|Lontoijr|Lonthoir|Lonthor|Lontoor|Lontor|Pulau Banda|Pulau Banda Besar|Lonthoijr|Groot Banda|Banda Lonthar,Pulau Banda Besar,-4.55085,129.9479,POINT (129.9479 -4.55085),https://digitaalerfgoed.poolparty.biz/globalise/d8b4d9c6-11b3-430a-ba08-48eb1f3a8f56,island
GLOB2_1516,Sumatra's Oostkust|Oostkust van Sumatra|Sumatra's Eastern Coast|Eastcoast of Sumatra,Sumatra's Eastern Coast,-0.962065,103.620396,POINT (103.620396 -0.962065),https://digitaalerfgoed.poolparty.biz/globalise/06278cc4-0ec4-4376-b869-8c21bf507894,region
GLOB2_1517,Tungkal|Tonkal|Toncal,Tungkal,-0.81623,103.46111,POINT (103.46111 -0.81623),-,-
GLOB2_1517_GEO_1,Tungkal|Tonkal|Toncal|Sungai Tungkal,Sungai Tungkal,-0.7962,103.4877,POINT (103.4877 -0.7962),https://digitaalerfgoed.poolparty.biz/globalise/cf7cc49f-738b-48b0-80a7-476244ba4919,river
GLOB2_1517_HUM_1,Tungkal|Kuala Tungkal|Tonkal|Toncal,Kuala Tungkal,-0.81623,103.46111,POINT (103.46111 -0.81623),https://digitaalerfgoed.poolparty.biz/globalise/7c1af419-926c-47c9-9450-05dc5849c05c,negorij [PROBLEMATIC TERM]
GLOB2_1518,Bonto Parrang|Bontoparang,Bontoparang,-5.2523,119.618,POINT (119.618 -5.2523),https://digitaalerfgoed.poolparty.biz/globalise/168b4dfb-083c-4c4b-9bc8-4a824da53f0b,mountain
GLOB2_1520,Toboh|Nagari Toboh Gadang|Tobok|Thobo|Tobo,Nagari Toboh Gadang,-0.65972,100.23528,POINT (100.23528 -0.65972),-,-
GLOB2_1523,"Diamant, Punt|Bastion Diamant (Batavia)",Bastion Diamant (Batavia),-6.127672,106.811354,POINT (106.811354 -6.127672),https://digitaalerfgoed.poolparty.biz/globalise/84767cdb-cabe-4384-9e51-faca2ae3b864,fortification
GLOB2_1524,Tjiamis|Tsjamies|Ciamis,Ciamis,-7.3257,108.3534,POINT (108.3534 -7.3257),https://digitaalerfgoed.poolparty.biz/globalise/55f41aea-cc65-4cfb-88c4-766a2841452a,regency
GLOB2_1526,Soulang|Soulangh|Sulang,Soulang,23.15814,120.17651,POINT (120.17651 23.15814),https://digitaalerfgoed.poolparty.biz/globalise/d4dafba3-2344-4f5a-a94d-ed988069d0e5,village
GLOB2_1527,Camarien|Kamarian|Kamarin,Kamarian,-3.43842,128.42683,POINT (128.42683 -3.43842),https://digitaalerfgoed.poolparty.biz/globalise/7c1af419-926c-47c9-9450-05dc5849c05c,negorij [PROBLEMATIC TERM]
GLOB2_1528,Mangalore|Mangalur|Mangelor|Mangaluru|Mangeloor|Mangaloor|Mangalor,Mangaluru,12.84883,74.83865,POINT (74.83865 12.84883),https://digitaalerfgoed.poolparty.biz/globalise/20d7cfe7-b3b1-4223-b2b4-d9f6ddb2e683,city
GLOB2_1528_HUM_ 1,Mangaluru (Port city)|Mangaloor|Mangalor,Mangaluru (Port city),12.84883,74.83865,POINT (74.83865 12.84883),https://digitaalerfgoed.poolparty.biz/globalise/20d7cfe7-b3b1-4223-b2b4-d9f6ddb2e683|https://digitaalerfgoed.poolparty.biz/globalise/93a0b2c9-ad9a-4bab-8620-11b5c1e01f37,port|city
GLOB2_1528_HUM_ 2,Mangaluru (Kingdom)|'t Koninkryk Mangeloor,Mangaluru (Kingdom),12.84883,74.83865,POINT (74.83865 12.84883),https://digitaalerfgoed.poolparty.biz/globalise/6f1f178a-fa6f-4553-a723-99f9d909a771,kingdom
GLOB2_1528_HUM_ 3,Mangeloor|Mangaluru (European settlement),Mangaluru (European settlement),12.84883,74.83865,POINT (74.83865 12.84883),https://digitaalerfgoed.poolparty.biz/globalise/c12eaa34-8bf0-4f08-92b8-195871dbf949,european settlement
GLOB2_1531,Toutcheo|Tosjeo|Thoccho|Tosscho|Thoucheneo|Toseku|Toheso|Tocheho|Tossehoe|Taseho|Toseho|Tosseho,Taseho,0.35845,127.6689,POINT (127.6689 0.35845),https://digitaalerfgoed.poolparty.biz/globalise/7c1af419-926c-47c9-9450-05dc5849c05c,negorij [PROBLEMATIC TERM]
GLOB2_1534,Tomokalang|Tomacallangh|Tomocalang,Tomokalang,-,-,POINT EMPTY,https://digitaalerfgoed.poolparty.biz/globalise/7ae1058d-6313-435b-a30a-fd1c1b2ac9ee,trading post
GLOB2_1536,Torrabaja|Torbaya|Terboyo,Terboyo,-6.9538,110.4637,POINT (110.4637 -6.9538),https://digitaalerfgoed.poolparty.biz/globalise/d4dafba3-2344-4f5a-a94d-ed988069d0e5,village
GLOB2_1537,fort Wailoa|Tabalola|Tabelolo|fort Tabilolo|Tabelola,Tabalola,0.277976,127.38749,POINT (127.38749 0.277976),https://digitaalerfgoed.poolparty.biz/globalise/84767cdb-cabe-4384-9e51-faca2ae3b864,fort
GLOB2_1538,America|America (unspecified port)|Americas|Amerika,America,26.0173,-104.41406,POINT (-104.41406 26.0173),https://digitaalerfgoed.poolparty.biz/globalise/7006b73c-c2eb-4873-8393-5af701fae308,continent
GLOB2_1539,Dordrecht,Dordrecht,51.81,4.67361,POINT (4.67361 51.81),https://digitaalerfgoed.poolparty.biz/globalise/8e41887e-0111-4667-b209-9d0da933b7d8,town
GLOB2_1540,fort Tafaco|Tafasoho|fort Tafasoho|fort Zeven Provincieën|fort Tofasoha|Taffasoha,Tafasoho,0.328697,127.347302,POINT (127.347302 0.328697),https://digitaalerfgoed.poolparty.biz/globalise/84767cdb-cabe-4384-9e51-faca2ae3b864,fort
GLOB2_1542,"Poulo Condoor|Côn Sơn|Pulo Condor|Kondor, Pulau",Côn Sơn,8.68497,106.60781,POINT (106.60781 8.68497),https://digitaalerfgoed.poolparty.biz/globalise/25b09c82-eab3-41d4-9c36-831cfc2b496c,archipelago
GLOB2_1544,Takome|Tacome,Takome,0.844576,127.3121,POINT (127.3121 0.844576),-,-
GLOB2_1544_HUM_1,Takome|Tacome,Takome,0.844576,127.3121,POINT (127.3121 0.844576),https://digitaalerfgoed.poolparty.biz/globalise/46724d25-aa94-4848-a8ca-17fe02b0db2b,settlement
GLOB2_1544_HUM_2,Fort Takome|fort Tacomi|fort Willemstad,Fort Takome,0.845452,127.314125,POINT (127.314125 0.845452),https://digitaalerfgoed.poolparty.biz/globalise/84767cdb-cabe-4384-9e51-faca2ae3b864,fortification
GLOB2_1546,de Oosthoek|Oosthoek|Eastern Salient|Java's Oosthoek,Oosthoek,-7.286701,112.733946,POINT (112.733946 -7.286701),https://digitaalerfgoed.poolparty.biz/globalise/06278cc4-0ec4-4376-b869-8c21bf507894,region
GLOB2_1548,Arandore|Arandara,Arandara,7.1796,80.2919,POINT (80.2919 7.1796),https://digitaalerfgoed.poolparty.biz/globalise/84767cdb-cabe-4384-9e51-faca2ae3b864,fortification
GLOB2_1549,Tidor|Pulau Tidore|Tidoor|Tidore|Tidoore|Tydor,Pulau Tidore,0.666667,127.4167,POINT (127.4167 0.666667),https://digitaalerfgoed.poolparty.biz/globalise/d8b4d9c6-11b3-430a-ba08-48eb1f3a8f56,island
GLOB2_1550,Panarukan|Panaroekan|Panarockan|Pannaroekan|Pannoerakan|Panneroekan,Panarukan,-7.68086,113.943,POINT (113.943 -7.68086),https://digitaalerfgoed.poolparty.biz/globalise/8e41887e-0111-4667-b209-9d0da933b7d8,town
GLOB2_1553,Ontong Java|Tanjung Burung|Untung Djawa,Tanjung Burung,-6.01417,106.63889,POINT (106.63889 -6.01417),https://digitaalerfgoed.poolparty.biz/globalise/50310cac-a6c2-4e9d-9162-ebaa073a9835,point
GLOB2_1555,Pringalij|Peroengalli|Pringali|Perunkali|Parankali|Peringaly,Perunkali,9.01667,80.03333,POINT (80.03333 9.01667),https://digitaalerfgoed.poolparty.biz/globalise/d4dafba3-2344-4f5a-a94d-ed988069d0e5,village
GLOB2_1557,Binongko|Pinonco|Pulau Binongko|Pinanko|Pinonka|Pinonko,Pulau Binongko,-5.94109,124.01633,POINT (124.01633 -5.94109),https://digitaalerfgoed.poolparty.biz/globalise/d8b4d9c6-11b3-430a-ba08-48eb1f3a8f56,island
GLOB2_1559,Tackabaka|Takabee|Papenberg|Papeneiland|Tackaboca|高鉾島|Takabokojima|Takaboko-shima,Takaboko-shima,32.71565,129.83102,POINT (129.83102 32.71565),https://digitaalerfgoed.poolparty.biz/globalise/d8b4d9c6-11b3-430a-ba08-48eb1f3a8f56,island
GLOB2_1564,"Robijn, Punt|Bastion Robijn (Batavia)",Bastion Robijn (Batavia),-6.127672,106.811354,POINT (106.811354 -6.127672),https://digitaalerfgoed.poolparty.biz/globalise/84767cdb-cabe-4384-9e51-faca2ae3b864,fortification
GLOB2_1566,Syria|Syrië,Syria,33.5102,36.29128,POINT (36.29128 33.5102),https://digitaalerfgoed.poolparty.biz/globalise/06278cc4-0ec4-4376-b869-8c21bf507894,region
GLOB2_1568,Kozhancheri|Kodachery|Coddachery,Kozhancheri,9.35,76.7,POINT (76.7 9.35),https://digitaalerfgoed.poolparty.biz/globalise/6f1f178a-fa6f-4553-a723-99f9d909a771,kingdom
GLOB2_1571,Three Korales|Drie Korala,Three Korales,7.0689,80.2186,POINT (80.2186 7.0689),https://digitaalerfgoed.poolparty.biz/globalise/46a91433-5f11-49f5-a37b-bd52aec90197,dessavony
GLOB2_1574,Gilan|Gīlān,Gīlān,37.0,49.83333,POINT (49.83333 37),https://digitaalerfgoed.poolparty.biz/globalise/0e3137ad-bc4d-4da6-8ba3-f4fc5fe7058f,province
GLOB2_1576,安南|Annam|Dai Viet,Dai Viet,21.0375,105.84,POINT (105.84 21.0375),https://digitaalerfgoed.poolparty.biz/globalise/ebf26f69-b692-437a-b6fa-2bb4ae0ae95b,polity
GLOB2_1577,"Buton, Straat|Selat Buton",Selat Buton,-5.1403,122.6775,POINT (122.6775 -5.1403),https://digitaalerfgoed.poolparty.biz/globalise/b2cd216c-9533-449a-849d-1cbd3840a3d2,strait
GLOB2_1580,Kilmuri|Quellimoury,Kilmuri,-3.68667,130.47417,POINT (130.47417 -3.68667),https://digitaalerfgoed.poolparty.biz/globalise/7c1af419-926c-47c9-9450-05dc5849c05c,negorij [PROBLEMATIC TERM]
GLOB2_1587,Hatu Patola|Lisbatte|Lissabatha|Lissabatte|Hato Patola|Lisabata|Lisabatta,Lisabata,-2.865642,128.709219,POINT (128.709219 -2.865642),https://digitaalerfgoed.poolparty.biz/globalise/d4dafba3-2344-4f5a-a94d-ed988069d0e5,village
GLOB2_1588,Munster|Münster,Münster,51.96236,7.62571,POINT (7.62571 51.96236),https://digitaalerfgoed.poolparty.biz/globalise/8e41887e-0111-4667-b209-9d0da933b7d8,town
GLOB2_1590,Yunnan|Junnan,Yunnan,25.0,101.5,POINT (101.5 25),https://digitaalerfgoed.poolparty.biz/globalise/0e3137ad-bc4d-4da6-8ba3-f4fc5fe7058f,province
GLOB2_1594,Loleij|Loleh|Loly|Lolij|Lole,Lole,-,-,POINT EMPTY,https://digitaalerfgoed.poolparty.biz/globalise/7c1af419-926c-47c9-9450-05dc5849c05c|https://digitaalerfgoed.poolparty.biz/globalise/6f1f178a-fa6f-4553-a723-99f9d909a771,kingdom|negorij [PROBLEMATIC TERM]
GLOB2_1595,Indian Ocean|Indische Oceaan,Indian Ocean,-10.0,70.0,POINT (70 -10),https://digitaalerfgoed.poolparty.biz/globalise/05abdf2e-d71d-4c3e-9125-e3eed855de10,ocean
GLOB2_1596,"Mount Api|Api, Gunung",Mount Api,-4.52239,129.87931,POINT (129.87931 -4.52239),https://digitaalerfgoed.poolparty.biz/globalise/168b4dfb-083c-4c4b-9bc8-4a824da53f0b,mountain
GLOB2_1597,Commer|Combir|Comber|Komber,Combir,-4.54464,129.92272,POINT (129.92272 -4.54464),-,-
GLOB2_1597_GEO_1,Commer|Combir|Comber|Komber,Combir,-4.54464,129.92272,POINT (129.92272 -4.54464),https://digitaalerfgoed.poolparty.biz/globalise/cf7cc49f-738b-48b0-80a7-476244ba4919,river
GLOB2_1597_HUM_1,Commer|Combir|Comber|Komber,Combir,-4.54464,129.92272,POINT (129.92272 -4.54464),https://digitaalerfgoed.poolparty.biz/globalise/d4dafba3-2344-4f5a-a94d-ed988069d0e5,village
GLOB2_1597_HUM_2,Commer|Combir|Comber|Komber,Combir,-4.54464,129.92272,POINT (129.92272 -4.54464),https://digitaalerfgoed.poolparty.biz/globalise/ff08099f-3b85-48c8-ab5e-e2c50895565b,perk
GLOB2_1598,Saba|Sawang|Saban,Sawang,3.72333,125.45194,POINT (125.45194 3.72333),https://digitaalerfgoed.poolparty.biz/globalise/d4dafba3-2344-4f5a-a94d-ed988069d0e5,village
GLOB2_1599,St Helenabhay|St. Helenabaai|Saint Helena Bay,Saint Helena Bay,-32.75612,18.09574,POINT (18.09574 -32.75612),https://digitaalerfgoed.poolparty.biz/globalise/bd0dfde6-0fb2-476b-ad5e-2f63ed7787ff,bay
GLOB2_1600,Godāvari River|Godavari,Godāvari River,16.96782,81.76163,POINT (81.76163 16.96782),https://digitaalerfgoed.poolparty.biz/globalise/cf7cc49f-738b-48b0-80a7-476244ba4919,river
GLOB2_1603,Ynthassem|Ciasem|Tjiasem|Siassam,Ciasem,-6.33972,107.66194,POINT (107.66194 -6.33972),https://digitaalerfgoed.poolparty.biz/globalise/40217104-de46-42ed-80c8-480fac1f8706,district
GLOB2_1604,fort Saboga|Sabugo|Sabougo|Benteng Saboega|fort Sabugo|Sabugou,Benteng Saboega,1.135091,127.438666,POINT (127.438666 1.135091),https://digitaalerfgoed.poolparty.biz/globalise/84767cdb-cabe-4384-9e51-faca2ae3b864,fort
GLOB2_1605,Arima|有馬,Arima,32.67565,130.25695,POINT (130.25695 32.67565),https://digitaalerfgoed.poolparty.biz/globalise/06278cc4-0ec4-4376-b869-8c21bf507894,region
GLOB2_1606,Armigon|Armagon|Arimagon,Armagon,13.9,80.28333,POINT (80.28333 13.9),https://digitaalerfgoed.poolparty.biz/globalise/93a0b2c9-ad9a-4bab-8620-11b5c1e01f37,port
GLOB2_1608,Taroboan|Tarraboan|Terraboan|Tackilis|Terroboangh|Taraboan,Taraboan,-,-,POINT EMPTY,https://digitaalerfgoed.poolparty.biz/globalise/d4dafba3-2344-4f5a-a94d-ed988069d0e5,village
GLOB2_1610,Ireland|Ierland,Ireland,53.3333,-8.0,POINT (-8 53.3333),https://digitaalerfgoed.poolparty.biz/globalise/d8b4d9c6-11b3-430a-ba08-48eb1f3a8f56,island
GLOB2_1611,Balangnipa|Balanipa,Balanipa,-3.4858,119.0437,POINT (119.0437 -3.4858),https://digitaalerfgoed.poolparty.biz/globalise/6f1f178a-fa6f-4553-a723-99f9d909a771,kingdom
GLOB2_1612,Lamongan,Lamongan,-7.11667,112.41667,POINT (112.41667 -7.11667),https://digitaalerfgoed.poolparty.biz/globalise/55f41aea-cc65-4cfb-88c4-766a2841452a,regency
GLOB2_1613,Purmenent|Purmerent|Purmerendt|Pulau Bidadari|Purmenend|Purmerend,Pulau Bidadari,-6.03611,106.74694,POINT (106.74694 -6.03611),https://digitaalerfgoed.poolparty.biz/globalise/d8b4d9c6-11b3-430a-ba08-48eb1f3a8f56,island
GLOB2_1615,Mud Bay|Modderbhay|Modderbaai,Mud Bay,9.493297,76.32901,POINT (76.32901 9.493297),https://digitaalerfgoed.poolparty.biz/globalise/bd0dfde6-0fb2-476b-ad5e-2f63ed7787ff,bay
GLOB2_1616_1,fort Reijswijk|Fort Rijswijk (1656-1720)|Rijswijk|fort Rijswijck,Fort Rijswijk (1656-1720),-6.164444,106.818222,POINT (106.818222 -6.164444),https://digitaalerfgoed.poolparty.biz/globalise/84767cdb-cabe-4384-9e51-faca2ae3b864,fortification
GLOB2_1616_2,Fort Rijswijk (1668-1811)|fort Reijswijk|Rijswijk|fort Rijswijck,Fort Rijswijk (1668-1811),-6.167444,106.820411,POINT (106.820411 -6.167444),https://digitaalerfgoed.poolparty.biz/globalise/84767cdb-cabe-4384-9e51-faca2ae3b864,fortification
GLOB2_1622,Boutuan|Butuan,Butuan,8.94917,125.54361,POINT (125.54361 8.94917),https://digitaalerfgoed.poolparty.biz/globalise/93a0b2c9-ad9a-4bab-8620-11b5c1e01f37,port
GLOB2_1623,Yemen|Jemen,Yemen,15.5,47.5,POINT (47.5 15.5),https://digitaalerfgoed.poolparty.biz/globalise/06278cc4-0ec4-4376-b869-8c21bf507894,region
GLOB2_1624,Hamburg,Hamburg,53.55073,9.99302,POINT (9.99302 53.55073),https://digitaalerfgoed.poolparty.biz/globalise/20d7cfe7-b3b1-4223-b2b4-d9f6ddb2e683|https://digitaalerfgoed.poolparty.biz/globalise/93a0b2c9-ad9a-4bab-8620-11b5c1e01f37,port|city
GLOB2_1626,"Noorderkwartier, Kamers van het","Noorderkwartier, Kamers van het",-,-,POINT EMPTY,-,-
GLOB2_1627,South India|Zuid-India,South India,13.0,77.0,POINT (77 13),https://digitaalerfgoed.poolparty.biz/globalise/06278cc4-0ec4-4376-b869-8c21bf507894,region
GLOB2_1628,Tanniyurnagaram |Tannoor|Tanur|Tanniyurnagaram|Tannoer|Tanour|Tanoer|Ianoor|Bettette|Tanor,Tanniyurnagaram |Tanniyurnagaram,10.98317,75.869,POINT (75.869 10.98317),-,-
GLOB2_1628_HUM_1,Tanur|Tanoer|Tannoor|Tanniyurnagaram (city),Tanniyurnagaram (city),10.98317,75.869,POINT (75.869 10.98317),https://digitaalerfgoed.poolparty.biz/globalise/20d7cfe7-b3b1-4223-b2b4-d9f6ddb2e683,city
GLOB2_1628_HUM_2,Koningr. Tanor|Tannoor|Tanur|Tanniyurnagaram (kingdom)|Tanoer|Bettette,Tanniyurnagaram (kingdom),10.98317,75.869,POINT (75.869 10.98317),https://digitaalerfgoed.poolparty.biz/globalise/6f1f178a-fa6f-4553-a723-99f9d909a771,kingdom
GLOB2_1629,Mombassa|Monbasse|Mombasa|Mombase,Mombasa,-4.06222,39.679,POINT (39.679 -4.06222),https://digitaalerfgoed.poolparty.biz/globalise/20d7cfe7-b3b1-4223-b2b4-d9f6ddb2e683,city
GLOB2_1630,Noorderdistricten|Northern Districts|Noorderprovincies (Celebes),Northern Districts,-5.005104,119.572263,POINT (119.572263 -5.005104),https://digitaalerfgoed.poolparty.biz/globalise/06278cc4-0ec4-4376-b869-8c21bf507894,region
GLOB2_1631,"Bastion Gelderland (Batavia)|Gelderland, Punt",Bastion Gelderland (Batavia),-6.12741,106.80903,POINT (106.80903 -6.12741),https://digitaalerfgoed.poolparty.biz/globalise/84767cdb-cabe-4384-9e51-faca2ae3b864,fortification
GLOB2_1633,Kopenhagen|København|Copenhagen|Coppenhaven,Copenhagen,55.67549,12.57156,POINT (12.57156 55.67549),https://digitaalerfgoed.poolparty.biz/globalise/20d7cfe7-b3b1-4223-b2b4-d9f6ddb2e683,city
GLOB2_1637,Cabon|Kabun,Kabun,0.457,100.7854,POINT (100.7854 0.457),https://digitaalerfgoed.poolparty.biz/globalise/7c1af419-926c-47c9-9450-05dc5849c05c,negorij [PROBLEMATIC TERM]
GLOB2_1638,Bungus|Bongus,Bungus,-1.04109,100.41444,POINT (100.41444 -1.04109),https://digitaalerfgoed.poolparty.biz/globalise/7c1af419-926c-47c9-9450-05dc5849c05c,negorij [PROBLEMATIC TERM]
GLOB2_1643,Diestpoort|Diest Gate|Diestpoort (Batavia),Diestpoort (Batavia),-6.12741,106.80903,POINT (106.80903 -6.12741),https://digitaalerfgoed.poolparty.biz/globalise/385fe473-cafc-4f17-9f72-cbecd4088e6b|https://digitaalerfgoed.poolparty.biz/globalise/84767cdb-cabe-4384-9e51-faca2ae3b864,fortification|gate
GLOB2_1644,Hendiaal|Hāndiāl|Handiael,Hāndiāl,24.32218,89.35211,POINT (89.35211 24.32218),https://digitaalerfgoed.poolparty.biz/globalise/db80a209-840f-4014-a9b4-6d580b1c682a,aurung
GLOB2_1645,"Benteng Lohayong|fort Fredrik Hendrik|fort Lohayong|Henricus, Kasteel|fort Henricus",Benteng Lohayong,-8.43478,123.065811,POINT (123.065811 -8.43478),https://digitaalerfgoed.poolparty.biz/globalise/84767cdb-cabe-4384-9e51-faca2ae3b864,fortification
GLOB2_1647,Bega,Bega,-1.4163,120.6655,POINT (120.6655 -1.4163),https://digitaalerfgoed.poolparty.biz/globalise/d4dafba3-2344-4f5a-a94d-ed988069d0e5,village
GLOB2_1649,"Coromandel, Zuid|South Coromandel",South Coromandel,13.417423,80.317168,POINT (80.317168 13.417423),https://digitaalerfgoed.poolparty.biz/globalise/06278cc4-0ec4-4376-b869-8c21bf507894,region
GLOB2_1652,Straat Bangka|Selat Bangka|Straat Banca|Straet Banca|Bangka Strait,Selat Bangka,-2.56667,105.7667,POINT (105.7667 -2.56667),https://digitaalerfgoed.poolparty.biz/globalise/b2cd216c-9533-449a-849d-1cbd3840a3d2,strait
GLOB2_1653,Sangar|Sanggar|Sangara,Sanggar,-8.3822,118.2438,POINT (118.2438 -8.3822),https://digitaalerfgoed.poolparty.biz/globalise/6f1f178a-fa6f-4553-a723-99f9d909a771,kingdom
GLOB2_1655,Turatte|Toratte|Turatea,Turatea,-5.60361,119.75889,POINT (119.75889 -5.60361),https://digitaalerfgoed.poolparty.biz/globalise/6b2244e4-726a-46b6-bc6c-f1b86b42b6ba,political division
GLOB2_1656,Bato Poety|Pulau Batuputih|Batu Putih,Pulau Batuputih,-2.94226,131.99519,POINT (131.99519 -2.94226),https://digitaalerfgoed.poolparty.biz/globalise/d8b4d9c6-11b3-430a-ba08-48eb1f3a8f56,island
GLOB2_1659,Maha Oya|Caeymelse revier|Caymelle|Kaymelle,Maha Oya,7.2727,79.8412,POINT (79.8412 7.2727),https://digitaalerfgoed.poolparty.biz/globalise/cf7cc49f-738b-48b0-80a7-476244ba4919,river
GLOB2_1661,Mamala|Mamalou|Mamalo,Mamala,-3.56052,128.1883,POINT (128.1883 -3.56052),https://digitaalerfgoed.poolparty.biz/globalise/d4dafba3-2344-4f5a-a94d-ed988069d0e5,village
GLOB2_1662,Mokervaart|Mookervaart,Mookervaart,-6.15,106.7,POINT (106.7 -6.15),https://digitaalerfgoed.poolparty.biz/globalise/4c199e1f-806b-405d-8e19-c86bed78f44b,canal
GLOB2_1663,Kadinding|Kadingding|Kadingdingh,Kadinding,-8.19611,117.76111,POINT (117.76111 -8.19611),https://digitaalerfgoed.poolparty.biz/globalise/d4dafba3-2344-4f5a-a94d-ed988069d0e5,village
GLOB2_1664,Pulo Gom|Pangkor eiland|Dinding|Dindings|Poulo Gom|Pulau Pangkor|Pulau Giam|Dinghdingh|Pangkor,Pulau Pangkor,4.200765,100.575,POINT (100.575 4.200765),https://digitaalerfgoed.poolparty.biz/globalise/d8b4d9c6-11b3-430a-ba08-48eb1f3a8f56,island
GLOB2_1666,Hasanabadur|Hassenabadoer,Hassenabadoer,13.417423,80.317168,POINT (80.317168 13.417423),https://digitaalerfgoed.poolparty.biz/globalise/d4dafba3-2344-4f5a-a94d-ed988069d0e5,village
GLOB2_1667,Trimilevaes|Trimelevaas|Trimilivas|Tirumullaivasal,Tirumullaivasal,11.23996,79.83705,POINT (79.83705 11.23996),https://digitaalerfgoed.poolparty.biz/globalise/954cae70-c7e6-4ee9-8273-73beabc3fc0b,coastal settlement
GLOB2_1668,Awadh|Auwt|Oudh|Ood,Awadh,26.776111,82.129444,POINT (82.129444 26.776111),https://digitaalerfgoed.poolparty.biz/globalise/0e3137ad-bc4d-4da6-8ba3-f4fc5fe7058f,province
GLOB2_1669,Woena|Wuna,Wuna,-4.82208,122.5195,POINT (122.5195 -4.82208),https://digitaalerfgoed.poolparty.biz/globalise/d4dafba3-2344-4f5a-a94d-ed988069d0e5,village
GLOB2_1670,Gandikota|Gendecata|Gendicotta|Gendikota,Gandikota,14.8,78.2833,POINT (78.2833 14.8),https://digitaalerfgoed.poolparty.biz/globalise/84767cdb-cabe-4384-9e51-faca2ae3b864,fortification
GLOB2_1671,Andamanen|Andaman Islands,Andaman Islands,12.41647,92.7831,POINT (92.7831 12.41647),https://digitaalerfgoed.poolparty.biz/globalise/25b09c82-eab3-41d4-9c36-831cfc2b496c,archipelago
GLOB2_1672,Tossora|Tosora,Tosora,-4.1213,120.1195,POINT (120.1195 -4.1213),https://digitaalerfgoed.poolparty.biz/globalise/20d7cfe7-b3b1-4223-b2b4-d9f6ddb2e683|https://digitaalerfgoed.poolparty.biz/globalise/2b007e6a-a299-413b-bc7f-51e69a9e1fab,city|capital
GLOB2_1673,Kadziang|Kajang|Kadjang,Kajang,-5.4879,119.425,POINT (119.425 -5.4879),https://digitaalerfgoed.poolparty.biz/globalise/d1f592cd-dec1-4f42-bb73-930ce816dfaf|https://digitaalerfgoed.poolparty.biz/globalise/7c1af419-926c-47c9-9450-05dc5849c05c,negorij [PROBLEMATIC TERM]|landschap
GLOB2_1676,"Cape Espiritu Santo|Cabo de Spiritu Santo|Spiritu Santo, Kaap",Cape Espiritu Santo,12.55,125.18333,POINT (125.18333 12.55),https://digitaalerfgoed.poolparty.biz/globalise/ea0cf4b3-3d82-4ff6-ad10-12e77f581218,cape
GLOB2_1677,Pescena|Passaman|Pasemah,Pasemah,-3.98766,103.3994,POINT (103.3994 -3.98766),https://digitaalerfgoed.poolparty.biz/globalise/d1f592cd-dec1-4f42-bb73-930ce816dfaf,landschap
GLOB2_1678,Wolvendaal|Wolvendaal Church,Wolvendaal Church,6.94208,79.85907,POINT (79.85907 6.94208),https://digitaalerfgoed.poolparty.biz/globalise/d988ee0d-6b1c-4ba3-96f5-a95a5fd672da,church
GLOB2_1679,"Pakhuis Amsterdam|Amsterdam, Pakhuis",Pakhuis Amsterdam,13.73333333,100.5,POINT (100.5 13.733333),https://digitaalerfgoed.poolparty.biz/globalise/7f946f14-4c6c-4295-bc8e-f7d9a9092345,warehouse
GLOB2_1682,Lumadjang|Lamadjang|Lumajang,Lumajang,-8.1335,113.2248,POINT (113.2248 -8.1335),https://digitaalerfgoed.poolparty.biz/globalise/55f41aea-cc65-4cfb-88c4-766a2841452a,regency
GLOB2_1683,"Rachado, Kaap|Capo Rachado|Tanjung Tuan",Tanjung Tuan,2.40295,101.85366,POINT (101.85366 2.40295),https://digitaalerfgoed.poolparty.biz/globalise/ea0cf4b3-3d82-4ff6-ad10-12e77f581218,cape
GLOB2_1684,Duysent Eylanden|Kepulauan Seribu|Duizend eilanden,Kepulauan Seribu,-5.6,106.55,POINT (106.55 -5.6),https://digitaalerfgoed.poolparty.biz/globalise/25b09c82-eab3-41d4-9c36-831cfc2b496c,archipelago
GLOB2_1688,Landack|Landak,Landak,0.42373,109.75917,POINT (109.75917 0.42373),https://digitaalerfgoed.poolparty.biz/globalise/d1f592cd-dec1-4f42-bb73-930ce816dfaf,landschap
GLOB2_1689,Brabant,Brabant,51.66667,5.0,POINT (5 51.66667),https://digitaalerfgoed.poolparty.biz/globalise/06278cc4-0ec4-4376-b869-8c21bf507894,region
GLOB2_1690,"fort Ay|Fort Revenge|Revengie, Kasteel|fort Revengie",Fort Revenge,-4.518957,129.773855,POINT (129.773855 -4.518957),https://digitaalerfgoed.poolparty.biz/globalise/84767cdb-cabe-4384-9e51-faca2ae3b864,fortification
GLOB2_1692,"Zeeburg, Kasteel|Zeeburgh (Ngofakiaha)|Zeeburgh|Zeeburg|Zeeborg",Zeeburgh (Ngofakiaha),0.36628,127.419176,POINT (127.419176 0.36628),https://digitaalerfgoed.poolparty.biz/globalise/84767cdb-cabe-4384-9e51-faca2ae3b864,fortification
GLOB2_1695,Kalungkung|Kalonco|Caloncon|Kalongkong,Kalongkong,-,-,POINT EMPTY,https://digitaalerfgoed.poolparty.biz/globalise/d4dafba3-2344-4f5a-a94d-ed988069d0e5,village
GLOB2_1700,Madou|Mattauw|Mattau,Madou,23.18578,120.24971,POINT (120.24971 23.18578),https://digitaalerfgoed.poolparty.biz/globalise/d4dafba3-2344-4f5a-a94d-ed988069d0e5,village
GLOB2_1702,Wamar|Pulau Wamar|Wammer,Pulau Wamar,-5.79112,134.21741,POINT (134.21741 -5.79112),https://digitaalerfgoed.poolparty.biz/globalise/d8b4d9c6-11b3-430a-ba08-48eb1f3a8f56,island
GLOB2_1704,Kema|Keema,Kema,1.364879,125.0757,POINT (125.0757 1.364879),https://digitaalerfgoed.poolparty.biz/globalise/7c1af419-926c-47c9-9450-05dc5849c05c,negorij [PROBLEMATIC TERM]
GLOB2_1705,Pulau Bintan|Bintang|Bintan,Pulau Bintan,1.1,104.525,POINT (104.525 1.1),https://digitaalerfgoed.poolparty.biz/globalise/d8b4d9c6-11b3-430a-ba08-48eb1f3a8f56,island
GLOB2_1706,Bedroer|Bednur|Bidnoer|Bidroer,Bednur,13.82425,75.0307,POINT (75.0307 13.82425),https://digitaalerfgoed.poolparty.biz/globalise/8e41887e-0111-4667-b209-9d0da933b7d8|https://digitaalerfgoed.poolparty.biz/globalise/2b007e6a-a299-413b-bc7f-51e69a9e1fab,town|capital
GLOB2_1707,Utrechtse poort (te Batavia)|Utrecht Gate,Utrecht Gate,-6.12741,106.80903,POINT (106.80903 -6.12741),https://digitaalerfgoed.poolparty.biz/globalise/385fe473-cafc-4f17-9f72-cbecd4088e6b,gate
GLOB2_1709,Liwas,Liwas,1.4772,124.8749,POINT (124.8749 1.4772),-,-
GLOB2_1710,Serra Liona|Sierra Leone,Sierra Leone,8.35089,-13.14471,POINT (-13.14471 8.35089),https://digitaalerfgoed.poolparty.biz/globalise/06278cc4-0ec4-4376-b869-8c21bf507894,region
GLOB2_1711,New Gate|Nieuwpoort (Batavia)|Nieuwpoort,Nieuwpoort (Batavia),-6.12741,106.80903,POINT (106.80903 -6.12741),https://digitaalerfgoed.poolparty.biz/globalise/385fe473-cafc-4f17-9f72-cbecd4088e6b|https://digitaalerfgoed.poolparty.biz/globalise/84767cdb-cabe-4384-9e51-faca2ae3b864,fortification|gate
GLOB2_1712,"Bandar Kong|Kung|Congo|Bender-Kong|Kong, Bandar|Bande Kong|Bandar-e Kong|Conge",Bandar-e Kong,26.597507,54.938321,POINT (54.938321 26.597507),https://digitaalerfgoed.poolparty.biz/globalise/8e41887e-0111-4667-b209-9d0da933b7d8|https://digitaalerfgoed.poolparty.biz/globalise/93a0b2c9-ad9a-4bab-8620-11b5c1e01f37,port|town
GLOB2_1715,"Bengalen, Golf van|Bay of Bengal",Bay of Bengal,13.5392,87.6709,POINT (87.6709 13.5392),https://digitaalerfgoed.poolparty.biz/globalise/bd0dfde6-0fb2-476b-ad5e-2f63ed7787ff,bay
GLOB2_1716,Tammelau|Tamillaauw|Tamlouw|Tamilau,Tamilau,-3.38528,129.19944,POINT (129.19944 -3.38528),https://digitaalerfgoed.poolparty.biz/globalise/d4dafba3-2344-4f5a-a94d-ed988069d0e5,village
GLOB2_1721,Guli-Guli|Pulau Panjang (East Seram)|Gouli Gouli,Pulau Panjang (East Seram),-4.01599,131.22826,POINT (131.22826 -4.01599),https://digitaalerfgoed.poolparty.biz/globalise/d8b4d9c6-11b3-430a-ba08-48eb1f3a8f56,island
GLOB2_1722,Balanta|Balantak|Balante,Balantak,-0.88086,123.39561,POINT (123.39561 -0.88086),https://digitaalerfgoed.poolparty.biz/globalise/7c1af419-926c-47c9-9450-05dc5849c05c,negorij [PROBLEMATIC TERM]
GLOB2_1723,Gumulak|Goemalak|Goemoelak|Desa Gemulak,Desa Gemulak,-6.91972,110.535,POINT (110.535 -6.91972),https://digitaalerfgoed.poolparty.biz/globalise/d4dafba3-2344-4f5a-a94d-ed988069d0e5,village
GLOB2_1724,Engano|Pulau Enggano|Enggano,Pulau Enggano,-5.4,102.26667,POINT (102.26667 -5.4),https://digitaalerfgoed.poolparty.biz/globalise/d8b4d9c6-11b3-430a-ba08-48eb1f3a8f56,island
GLOB2_1726,Grote Rivier (te Batavia)|Kali Besar,Kali Besar,-6.131361,106.810583,POINT (106.810583 -6.131361),https://digitaalerfgoed.poolparty.biz/globalise/4c199e1f-806b-405d-8e19-c86bed78f44b,canal
GLOB2_1729,Hongarije|Kingdom of Hungary,Kingdom of Hungary,47.0,19.0,POINT (19 47),https://digitaalerfgoed.poolparty.biz/globalise/6f1f178a-fa6f-4553-a723-99f9d909a771,kingdom
GLOB2_1730,Burhanpur|Berampoer|Burhānpur|Boerhanpoer|Brampour,Burhānpur,21.31009,76.22862,POINT (76.22862 21.31009),https://digitaalerfgoed.poolparty.biz/globalise/20d7cfe7-b3b1-4223-b2b4-d9f6ddb2e683|https://digitaalerfgoed.poolparty.biz/globalise/2b007e6a-a299-413b-bc7f-51e69a9e1fab,city|capital
GLOB2_1731,Trippewaron|Tripalewaron|Tripelewaran|Tripalewaram,Tripalewaron,13.417423,80.317168,POINT (80.317168 13.417423),https://digitaalerfgoed.poolparty.biz/globalise/d4dafba3-2344-4f5a-a94d-ed988069d0e5,village
GLOB2_1734,Pruisen|Prussia,Prussia,50.0833,10.5833,POINT (10.5833 50.0833),https://digitaalerfgoed.poolparty.biz/globalise/ebf26f69-b692-437a-b6fa-2bb4ae0ae95b,polity
GLOB2_1736,Henatelloe|Hinetelle|Hennetello|Henatelu|Hennetelle|Henatelo|Henetello,Henatelo,-3.075648,127.995766,POINT (127.995766 -3.075648),https://digitaalerfgoed.poolparty.biz/globalise/d4dafba3-2344-4f5a-a94d-ed988069d0e5,village
GLOB2_1737,Simuay|Sinway,Simuay,7.27722,124.30722,POINT (124.30722 7.27722),https://digitaalerfgoed.poolparty.biz/globalise/cf7cc49f-738b-48b0-80a7-476244ba4919,river
GLOB2_1739,Alikan|Bentota Ganga|Alican,Bentota Ganga,6.4393,79.9855,POINT (79.9855 6.4393),https://digitaalerfgoed.poolparty.biz/globalise/cf7cc49f-738b-48b0-80a7-476244ba4919,river
GLOB2_1740,"Fort Marlborough|fort Marlbourg|Marlborough, Kasteel",Fort Marlborough,-3.78748,102.25099,POINT (102.25099 -3.78748),https://digitaalerfgoed.poolparty.biz/globalise/84767cdb-cabe-4384-9e51-faca2ae3b864,fortification
GLOB2_1743,Plymouth,Plymouth,50.37153,-4.14305,POINT (-4.14305 50.37153),-,-
GLOB2_1744,Succatora|Socotra|Sucatora,Socotra,12.46899,53.8814,POINT (53.8814 12.46899),https://digitaalerfgoed.poolparty.biz/globalise/d8b4d9c6-11b3-430a-ba08-48eb1f3a8f56,island
GLOB2_1745,Chili|Chile,Chile,-33.45,-70.666667,POINT (-70.666667 -33.45),https://digitaalerfgoed.poolparty.biz/globalise/3a7d9c3a-c494-4713-b6a7-65cc125271a8|https://digitaalerfgoed.poolparty.biz/globalise/06278cc4-0ec4-4376-b869-8c21bf507894,region|political administrative body
GLOB2_1748,Friesland|Vriese,Friesland,53.16667,5.83333,POINT (5.83333 53.16667),https://digitaalerfgoed.poolparty.biz/globalise/0e3137ad-bc4d-4da6-8ba3-f4fc5fe7058f,province
GLOB2_1749,Bodjong Lopang|Boedjong Lopan|Boedjonglopang|Bodjonglopang,Bodjonglopang,-7.35,108.483333,POINT (108.483333 -7.35),https://digitaalerfgoed.poolparty.biz/globalise/55f41aea-cc65-4cfb-88c4-766a2841452a,regency
GLOB2_1750,Mandsjoerije|Manchuria,Manchuria,42.0,126.0,POINT (126 42),https://digitaalerfgoed.poolparty.biz/globalise/06278cc4-0ec4-4376-b869-8c21bf507894,region
GLOB2_1751,Caspian Sea|Kaspische Zee,Caspian Sea,42.0,50.0,POINT (50 42),https://digitaalerfgoed.poolparty.biz/globalise/1def21b2-fbe7-48e1-a236-f562dff99614,sea
GLOB2_1752,Bebligamme|Bibligamme|Bibilegamme,Bibligamme,6.916667,80.666667,POINT (80.666667 6.916667),-,-
GLOB2_1753,Liliboi|Desa Liliboy|Lilleboy,Desa Liliboy,-3.71722,128.02028,POINT (128.02028 -3.71722),https://digitaalerfgoed.poolparty.biz/globalise/d4dafba3-2344-4f5a-a94d-ed988069d0e5,village
GLOB2_1755,Timo|Thiemo|Timu|Tima,Timu,-,-,POINT EMPTY,https://digitaalerfgoed.poolparty.biz/globalise/e2aea655-e60c-47a1-96d8-4c2fd0f92ba2,principality
GLOB2_1756,Bonto Panno|Bontopanno,Bontopanno,-4.8714,119.5562,POINT (119.5562 -4.8714),https://digitaalerfgoed.poolparty.biz/globalise/d4dafba3-2344-4f5a-a94d-ed988069d0e5,village
GLOB2_1757,Tepas,Tepas,-,-,POINT EMPTY,https://digitaalerfgoed.poolparty.biz/globalise/68219995-7bbe-44b0-a9b9-da492f85dbcb,mine
GLOB2_1758,Terong|Trongh|Trong,Terong,-8.3911,123.1404,POINT (123.1404 -8.3911),https://digitaalerfgoed.poolparty.biz/globalise/d4dafba3-2344-4f5a-a94d-ed988069d0e5|https://digitaalerfgoed.poolparty.biz/globalise/e2aea655-e60c-47a1-96d8-4c2fd0f92ba2,village|principality
GLOB2_1759,Tibore|Tioro|Tiworo,Tioro,-4.68333,122.6,POINT (122.6 -4.68333),https://digitaalerfgoed.poolparty.biz/globalise/d4dafba3-2344-4f5a-a94d-ed988069d0e5,village
GLOB2_1761,Salsette Island|Salset|Salsette|Salseet,Salsette Island,19.2,72.9,POINT (72.9 19.2),https://digitaalerfgoed.poolparty.biz/globalise/d8b4d9c6-11b3-430a-ba08-48eb1f3a8f56,island
GLOB2_1762,Saladju|Saladjouw|Desa Salajo|Saladjo|Saladjoe,Desa Salajo,-5.4575,119.42472,POINT (119.42472 -5.4575),https://digitaalerfgoed.poolparty.biz/globalise/7c1af419-926c-47c9-9450-05dc5849c05c,negorij [PROBLEMATIC TERM]
GLOB2_1764,Zhejiang|Chekiang|Chequian|Chekiangh,Zhejiang,29.16667,120.0,POINT (120 29.16667),https://digitaalerfgoed.poolparty.biz/globalise/0e3137ad-bc4d-4da6-8ba3-f4fc5fe7058f,province
GLOB2_1765,Pulauan|Pinnorouan|Wu-lao-wan|Pinorowan,Wu-lao-wan,25.17252,121.42072,POINT (121.42072 25.17252),https://digitaalerfgoed.poolparty.biz/globalise/d4dafba3-2344-4f5a-a94d-ed988069d0e5,village
GLOB2_1766,Sidangoli|Sindagnolij|Sidangolij,Sidangoli,0.88829,127.50205,POINT (127.50205 0.88829),https://digitaalerfgoed.poolparty.biz/globalise/40217104-de46-42ed-80c8-480fac1f8706,district
GLOB2_1767,Chiauwelecattoe|Chawela Cattu|Sjallacoedij|Sjawele Cattoe,Sjawele Cattoe,10.580803,76.018939,POINT (76.018939 10.580803),https://digitaalerfgoed.poolparty.biz/globalise/84767cdb-cabe-4384-9e51-faca2ae3b864,fort
GLOB2_1768,Milanen|Pulau Molana|Mulana,Pulau Molana,-3.6423,128.60831,POINT (128.60831 -3.6423),https://digitaalerfgoed.poolparty.biz/globalise/d8b4d9c6-11b3-430a-ba08-48eb1f3a8f56,island
GLOB2_1770,Rotterdammer poort|Rotterdam Gate|Rotterdamse Poort (Batavia),Rotterdamse Poort (Batavia),-6.12741,106.80903,POINT (106.80903 -6.12741),https://digitaalerfgoed.poolparty.biz/globalise/385fe473-cafc-4f17-9f72-cbecd4088e6b,gate
GLOB2_1771,Moskou|Moscow,Moscow,55.75222,37.61556,POINT (37.61556 55.75222),https://digitaalerfgoed.poolparty.biz/globalise/20d7cfe7-b3b1-4223-b2b4-d9f6ddb2e683,city
GLOB2_1772,Sesterganty|Sestraganty|Sesterganti,Sesterganty,-,-,POINT EMPTY,https://digitaalerfgoed.poolparty.biz/globalise/79dd26ba-f8df-4c5e-8783-27417a48fa99,inhabited place
GLOB2_1773,Bardez|Bardes,Bardez,15.64441,73.83308,POINT (73.83308 15.64441),https://digitaalerfgoed.poolparty.biz/globalise/06278cc4-0ec4-4376-b869-8c21bf507894,region
GLOB2_1774,Magoltoer|Mogalthur|Mogalturru|Mogoltoer|Mogoltour,Mogalthur,16.3979,81.57499,POINT (81.57499 16.3979),https://digitaalerfgoed.poolparty.biz/globalise/84767cdb-cabe-4384-9e51-faca2ae3b864,fortification
GLOB2_1775,Brest|Breste,Brest,48.38157,-4.48849,POINT (-4.48849 48.38157),https://digitaalerfgoed.poolparty.biz/globalise/20d7cfe7-b3b1-4223-b2b4-d9f6ddb2e683|https://digitaalerfgoed.poolparty.biz/globalise/93a0b2c9-ad9a-4bab-8620-11b5c1e01f37,port|city
GLOB2_1776,Mamouwako|Manowako|Pulau Manawoka|Mannewoke|Manawoka,Pulau Manawoka,-4.09604,131.29272,POINT (131.29272 -4.09604),https://digitaalerfgoed.poolparty.biz/globalise/d8b4d9c6-11b3-430a-ba08-48eb1f3a8f56,island
GLOB2_1778,Baddaal,Baddaal,-,-,POINT EMPTY,https://digitaalerfgoed.poolparty.biz/globalise/db80a209-840f-4014-a9b4-6d580b1c682a,aurung
GLOB2_1779,Wiera Saba|Wirasaba,Wirasaba,-7.56667,112.35,POINT (112.35 -7.56667),https://digitaalerfgoed.poolparty.biz/globalise/d1f592cd-dec1-4f42-bb73-930ce816dfaf,landschap
GLOB2_1780,Martabahan|Martavaan|Martavan|Martaban,Martaban,16.526126,97.608275,POINT (97.608275 16.526126),https://digitaalerfgoed.poolparty.biz/globalise/20d7cfe7-b3b1-4223-b2b4-d9f6ddb2e683,city
GLOB2_1781,Saba|Groot-Sabe|Zeba|Seba,Seba,-10.4933,121.8393,POINT (121.8393 -10.4933),https://digitaalerfgoed.poolparty.biz/globalise/7c1af419-926c-47c9-9450-05dc5849c05c,negorij [PROBLEMATIC TERM]
GLOB2_1782,Kingdom of Poland|Polen,Kingdom of Poland,50.05,19.9167,POINT (19.9167 50.05),-,-
GLOB2_1784,Pulau Dua|Twee Gebroeders,Pulau Dua,-5.87298,105.76871,POINT (105.76871 -5.87298),https://digitaalerfgoed.poolparty.biz/globalise/25b09c82-eab3-41d4-9c36-831cfc2b496c,islands
GLOB2_1785,Majo|Meao|Mayu|Meauw|Pulau Mayu,Pulau Mayu,1.32577,126.38691,POINT (126.38691 1.32577),https://digitaalerfgoed.poolparty.biz/globalise/d8b4d9c6-11b3-430a-ba08-48eb1f3a8f56,island
GLOB2_1786,"Boni, Golf van|Gulf of Boni",Gulf of Boni,-3.46361,120.64028,POINT (120.64028 -3.46361),https://digitaalerfgoed.poolparty.biz/globalise/f4f67f28-f00c-4888-a286-f712d82aa9a2,gulf
GLOB2_1787,Haarlem,Haarlem,52.38084,4.63683,POINT (4.63683 52.38084),https://digitaalerfgoed.poolparty.biz/globalise/8e41887e-0111-4667-b209-9d0da933b7d8,town
GLOB2_1788,Jellingij,Jellingij,-,-,POINT EMPTY,-,-
GLOB2_1789,Southern Districts|Zuiderdistricten|Zuiderprovincies,Southern Districts,-5.4236,119.4493,POINT (119.4493 -5.4236),https://digitaalerfgoed.poolparty.biz/globalise/06278cc4-0ec4-4376-b869-8c21bf507894,region
GLOB2_1791,Lagoa|Rio Delagoa|Rio de la Goa|Lusutfu|Delagoa|Rio de Lagoa|Maputo,Lusutfu,-25.9667,32.58333,POINT (32.58333 -25.9667),https://digitaalerfgoed.poolparty.biz/globalise/cf7cc49f-738b-48b0-80a7-476244ba4919,river
GLOB2_1792,Hatielang|Hatile|Hatilin|Hatiling|Hatilen,Hatile,-,-,POINT EMPTY,https://digitaalerfgoed.poolparty.biz/globalise/d4dafba3-2344-4f5a-a94d-ed988069d0e5,village
GLOB2_1793,Hatuwa|Hatuawa|Hatuaha|Hative,Hative,-3.67194,128.2025,POINT (128.2025 -3.67194),https://digitaalerfgoed.poolparty.biz/globalise/d4dafba3-2344-4f5a-a94d-ed988069d0e5,village
GLOB2_1795,Cabolangh|Cavalangh|Kabolang|Kavalan,Kavalan,24.757,121.753,POINT (121.753 24.757),-,-
GLOB2_1796,Dili (Timor)|Dilly|Dillij,Dili (Timor),-8.55861,125.57361,POINT (125.57361 -8.55861),https://digitaalerfgoed.poolparty.biz/globalise/8e41887e-0111-4667-b209-9d0da933b7d8,town
GLOB2_1797,"Barneveld, fort|Barneveld, Kasteel","Barneveld, fort",-0.624048,127.48187,POINT (127.48187 -0.624048),https://digitaalerfgoed.poolparty.biz/globalise/84767cdb-cabe-4384-9e51-faca2ae3b864,fortification
GLOB2_1802,Zelam|Selamma|Celamme|Selamon|Selamme|Chalam|Celame|Celemat|Celam,Selamon,-4.52593,129.9404,POINT (129.9404 -4.52593),https://digitaalerfgoed.poolparty.biz/globalise/46724d25-aa94-4848-a8ca-17fe02b0db2b,settlement
GLOB2_1803,Mangallekana|Mangelikana|Mangelicana,Mangallekana,-5.19306,119.38139,POINT (119.38139 -5.19306),https://digitaalerfgoed.poolparty.biz/globalise/46724d25-aa94-4848-a8ca-17fe02b0db2b,settlement
GLOB2_1805,Henrecan|Enrekang,Enrekang,-3.5,119.86667,POINT (119.86667 -3.5),https://digitaalerfgoed.poolparty.biz/globalise/e2aea655-e60c-47a1-96d8-4c2fd0f92ba2,principality
GLOB2_1806,"Bastion Amsterdam (Batavia)|Amsterdam, Punt",Bastion Amsterdam (Batavia),-6.12741,106.80903,POINT (106.80903 -6.12741),https://digitaalerfgoed.poolparty.biz/globalise/84767cdb-cabe-4384-9e51-faca2ae3b864,fortification
GLOB2_1807,Doablas Cotas|12 Vastigheden|Dua Belas Kota|Twaelff Cotas|Duablas Cottas|Duabelas Kota,Dua Belas Kota,-0.5,100.2,POINT (100.2 -0.5),https://digitaalerfgoed.poolparty.biz/globalise/7c1af419-926c-47c9-9450-05dc5849c05c,negorij [PROBLEMATIC TERM]
GLOB2_1808,Stellenbosch|Stellenboss,Stellenbosch,-33.934103,18.856266,POINT (18.856266 -33.934103),https://digitaalerfgoed.poolparty.biz/globalise/40217104-de46-42ed-80c8-480fac1f8706,district
GLOB2_1809,Manca Negara|Mantjanegara,Manca Negara,-8.576285,116.071686,POINT (116.071686 -8.576285),https://digitaalerfgoed.poolparty.biz/globalise/06278cc4-0ec4-4376-b869-8c21bf507894,region
GLOB2_1810,Kabul|Caboel,Kabul,34.52813,69.17233,POINT (69.17233 34.52813),https://digitaalerfgoed.poolparty.biz/globalise/20d7cfe7-b3b1-4223-b2b4-d9f6ddb2e683,city
GLOB2_1811,Latu|Lato,Latu,-3.41972,128.68885,POINT (128.68885 -3.41972),https://digitaalerfgoed.poolparty.biz/globalise/46724d25-aa94-4848-a8ca-17fe02b0db2b,settlement
GLOB2_1812,"Gulf of Aden|Aden, Golf van",Gulf of Aden,12.0,48.0,POINT (48 12),https://digitaalerfgoed.poolparty.biz/globalise/f4f67f28-f00c-4888-a286-f712d82aa9a2,gulf
GLOB2_1813,Tahane|Thana|Tahana,Tahane,0.2849,127.41925,POINT (127.41925 0.2849),https://digitaalerfgoed.poolparty.biz/globalise/d4dafba3-2344-4f5a-a94d-ed988069d0e5,village
GLOB2_1814,Land van Waveren|t Land van Waveren|Waveren,Land van Waveren,-33.33333,19.15,POINT (19.15 -33.33333),https://digitaalerfgoed.poolparty.biz/globalise/06278cc4-0ec4-4376-b869-8c21bf507894,region
GLOB2_1815,Madapolam|Maduapalem|Madapollam|Madapalen,Madapollam,16.5,81.833333,POINT (81.833333 16.5),https://digitaalerfgoed.poolparty.biz/globalise/548ee91d-6717-49f1-917f-827280553153,factory
GLOB2_1816,"Pulau Musala|Pulo Meuselaar|Musala, Pulau|Muyselaar",Pulau Musala,1.6366,98.5107,POINT (98.5107 1.6366),https://digitaalerfgoed.poolparty.biz/globalise/d8b4d9c6-11b3-430a-ba08-48eb1f3a8f56,island
GLOB2_1817,Groot Drakenstein|Drakenstein|Drakensteyn|Drakenstyn,Drakenstein,-33.5,19.0,POINT (19 -33.5),https://digitaalerfgoed.poolparty.biz/globalise/06278cc4-0ec4-4376-b869-8c21bf507894,region
GLOB2_1818,Macause eilanden,Macause eilanden,-,-,POINT EMPTY,https://digitaalerfgoed.poolparty.biz/globalise/25b09c82-eab3-41d4-9c36-831cfc2b496c,islands
GLOB2_1819,Mazandaran|Masanderan,Mazandaran,36.25,52.33333,POINT (52.33333 36.25),https://digitaalerfgoed.poolparty.biz/globalise/0e3137ad-bc4d-4da6-8ba3-f4fc5fe7058f,province
GLOB2_1820,Berau|Berroe,Berau,2.02889,117.11833,POINT (117.11833 2.02889),https://digitaalerfgoed.poolparty.biz/globalise/d1f592cd-dec1-4f42-bb73-930ce816dfaf|https://digitaalerfgoed.poolparty.biz/globalise/93a0b2c9-ad9a-4bab-8620-11b5c1e01f37,port|landschap
GLOB2_1821,Hatoe|Hatu,Hatu,-3.72847,128.0454,POINT (128.0454 -3.72847),https://digitaalerfgoed.poolparty.biz/globalise/d4dafba3-2344-4f5a-a94d-ed988069d0e5,village
GLOB2_1822,Hittoelamme|Hitulama|Hittolamma,Hitulama,-3.585081,128.176281,POINT (128.176281 -3.585081),https://digitaalerfgoed.poolparty.biz/globalise/d4dafba3-2344-4f5a-a94d-ed988069d0e5,village
GLOB2_1823,Sembilan Koto|Sambilang Cotta|Sembilan Kota,Sembilan Koto,-1.03111,101.28306,POINT (101.28306 -1.03111),https://digitaalerfgoed.poolparty.biz/globalise/d1f592cd-dec1-4f42-bb73-930ce816dfaf,landschap
GLOB2_1824,Bejouw,Bejouw,-,-,POINT EMPTY,https://digitaalerfgoed.poolparty.biz/globalise/ff08099f-3b85-48c8-ab5e-e2c50895565b,perk
GLOB2_1825,Mawomba|Mabomba,Mawomba,-1.4454,121.0675,POINT (121.0675 -1.4454),https://digitaalerfgoed.poolparty.biz/globalise/46724d25-aa94-4848-a8ca-17fe02b0db2b,settlement
GLOB2_1826,Cabite|Cavite,Cavite,14.48518,120.89566,POINT (120.89566 14.48518),https://digitaalerfgoed.poolparty.biz/globalise/93a0b2c9-ad9a-4bab-8620-11b5c1e01f37,port
GLOB2_1827,Serouwa|Pulau Serua|Serouwe|Serua,Pulau Serua,-6.31006,130.01552,POINT (130.01552 -6.31006),https://digitaalerfgoed.poolparty.biz/globalise/d8b4d9c6-11b3-430a-ba08-48eb1f3a8f56,island
GLOB2_1828,Soffala|Sofala|Nova Sofala,Sofala,-20.0243,34.74759,POINT (34.74759 -20.0243),https://digitaalerfgoed.poolparty.biz/globalise/46724d25-aa94-4848-a8ca-17fe02b0db2b,settlement
GLOB2_1829,Sgongelou|Gingelly coast|Gingeli,Gingelly coast,17.692764,83.214512,POINT (83.214512 17.692764),https://digitaalerfgoed.poolparty.biz/globalise/42bea596-3b26-4598-a894-5922ff137c7c,coast
GLOB2_1830,"Kepahiang, Sungai|Kapajang, Sungai|Songy Capajang|Songy Capayangh",Songy Capajang,-0.8225,102.17556,POINT (102.17556 -0.8225),https://digitaalerfgoed.poolparty.biz/globalise/68219995-7bbe-44b0-a9b9-da492f85dbcb,mine
GLOB2_1831,Moronda|de Maronda|de Marunda|Sungai Blencong,Sungai Blencong,-6.09667,106.95722,POINT (106.95722 -6.09667),https://digitaalerfgoed.poolparty.biz/globalise/cf7cc49f-738b-48b0-80a7-476244ba4919,river
GLOB2_1832,Talingany,Talingany,-,-,POINT EMPTY,https://digitaalerfgoed.poolparty.biz/globalise/cf7cc49f-738b-48b0-80a7-476244ba4919,river
GLOB2_1833,Santipur|Santipoer|Santiepoer,Santipur,23.25,88.43333,POINT (88.43333 23.25),https://digitaalerfgoed.poolparty.biz/globalise/db80a209-840f-4014-a9b4-6d580b1c682a,aurung
GLOB2_1834,Piesang|Kelurahan Pisang|Pisang,Kelurahan Pisang,-0.93806,100.40889,POINT (100.40889 -0.93806),https://digitaalerfgoed.poolparty.biz/globalise/7c1af419-926c-47c9-9450-05dc5849c05c,negorij [PROBLEMATIC TERM]
GLOB2_1835,Putih|Lampong Poetie,Putih,-4.68146,105.87396,POINT (105.87396 -4.68146),https://digitaalerfgoed.poolparty.biz/globalise/06278cc4-0ec4-4376-b869-8c21bf507894,region
GLOB2_1836,Kets|Kits|Kutch,Kutch,23.58333,70.0,POINT (70 23.58333),https://digitaalerfgoed.poolparty.biz/globalise/ebf26f69-b692-437a-b6fa-2bb4ae0ae95b,polity
GLOB2_1837,Vellore|Weloer|Veloer,Vellore,12.9184,79.13255,POINT (79.13255 12.9184),https://digitaalerfgoed.poolparty.biz/globalise/8e41887e-0111-4667-b209-9d0da933b7d8,town
GLOB2_1838,Backouan|Pakuan|Packouan|Desa Negeri Pakuan,Desa Negeri Pakuan,-4.2175,104.41611,POINT (104.41611 -4.2175),https://digitaalerfgoed.poolparty.biz/globalise/7c1af419-926c-47c9-9450-05dc5849c05c,negorij [PROBLEMATIC TERM]
GLOB2_1839,Swellendam,Swellendam,-34.024352,20.436945,POINT (20.436945 -34.024352),https://digitaalerfgoed.poolparty.biz/globalise/40217104-de46-42ed-80c8-480fac1f8706,district
GLOB2_1840,Klang (Malaysia)|Calangh|Calang,Klang (Malaysia),3.03667,101.44333,POINT (101.44333 3.03667),-,-
GLOB2_1840_GEO_1,Sungai Kelang (Malaysia)|Calangh|Calang|Klang River,Sungai Kelang (Malaysia),3.0,101.38333,POINT (101.38333 3),https://digitaalerfgoed.poolparty.biz/globalise/cf7cc49f-738b-48b0-80a7-476244ba4919,river
GLOB2_1840_HUM_1,Klang (Malaysia)|Calangh|Calang,Klang (Malaysia),3.03667,101.44333,POINT (101.44333 3.03667),https://digitaalerfgoed.poolparty.biz/globalise/40217104-de46-42ed-80c8-480fac1f8706,district
GLOB2_1841,Halar|Hallaar,Halar,22.783333,70.083333,POINT (70.083333 22.783333),https://digitaalerfgoed.poolparty.biz/globalise/ebf26f69-b692-437a-b6fa-2bb4ae0ae95b,polity
GLOB2_1842,Sampan|Sampang,Sampang,-7.18563,113.2497,POINT (113.2497 -7.18563),https://digitaalerfgoed.poolparty.biz/globalise/40217104-de46-42ed-80c8-480fac1f8706,district
GLOB2_1843,Bantamsche Bovenlanden|Bantam Bovenlanden,Bantamsche Bovenlanden,-6.5,106.25,POINT (106.25 -6.5),https://digitaalerfgoed.poolparty.biz/globalise/06278cc4-0ec4-4376-b869-8c21bf507894,region
GLOB2_1844,Angola,Angola,-12.0135,16.48754,POINT (16.48754 -12.0135),https://digitaalerfgoed.poolparty.biz/globalise/06278cc4-0ec4-4376-b869-8c21bf507894,region
GLOB2_1845,Ragiebach|Raibag|Rajbag|Ragiabach|Raybag|Rajabaagh|Ragiebaagh|Rasabaagh|Rajbagh,Raybag,16.49178,74.77391,POINT (74.77391 16.49178),https://digitaalerfgoed.poolparty.biz/globalise/20d7cfe7-b3b1-4223-b2b4-d9f6ddb2e683,city
GLOB2_1846,Marhoenij|Marhuni,Marhoenij,-,-,POINT EMPTY,https://digitaalerfgoed.poolparty.biz/globalise/7c1af419-926c-47c9-9450-05dc5849c05c,negorij [PROBLEMATIC TERM]
GLOB2_1847,Georgië|Georgia|Gorgestan,Georgia,42.0,43.5,POINT (43.5 42),https://digitaalerfgoed.poolparty.biz/globalise/06278cc4-0ec4-4376-b869-8c21bf507894,region
GLOB2_1848,Java's Noordoostkust|Java's Northeastern Coast|Java's Noord Oostkust,Java's Northeastern Coast,-6.755638,110.562678,POINT (110.562678 -6.755638),https://digitaalerfgoed.poolparty.biz/globalise/06278cc4-0ec4-4376-b869-8c21bf507894,region
GLOB2_1850,Siending|Sinding|Sijding|Sijending|Si-Iding|Sjending,Sjending,-,-,POINT EMPTY,https://digitaalerfgoed.poolparty.biz/globalise/6f1f178a-fa6f-4553-a723-99f9d909a771,kingdom
GLOB2_1851,"Batavia Castle|Batavia, kasteel",Batavia Castle,-6.127672,106.811354,POINT (106.811354 -6.127672),https://digitaalerfgoed.poolparty.biz/globalise/84767cdb-cabe-4384-9e51-faca2ae3b864,fortification
GLOB2_1852,Phra Nakhon Si Ayutthaya|Ayutthaya|Judja|Judia|Iudja|Judea|Iudiad|Ayuthia|Ajudhia|Jocdia,Phra Nakhon Si Ayutthaya,14.355202,100.577245,POINT (100.577245 14.355202),https://digitaalerfgoed.poolparty.biz/globalise/20d7cfe7-b3b1-4223-b2b4-d9f6ddb2e683,city
GLOB2_1854,Trimilepatam|Tirumalarajanpatnam|Trimmelepatam,Tirumalarajanpatnam,10.87206,79.83019,POINT (79.83019 10.87206),https://digitaalerfgoed.poolparty.biz/globalise/d4dafba3-2344-4f5a-a94d-ed988069d0e5|https://digitaalerfgoed.poolparty.biz/globalise/93a0b2c9-ad9a-4bab-8620-11b5c1e01f37,port|village
GLOB2_1855,Tiro,Tiro,-5.45,120.4,POINT (120.4 -5.45),https://digitaalerfgoed.poolparty.biz/globalise/d4dafba3-2344-4f5a-a94d-ed988069d0e5,village
GLOB2_1856,Veere,Veere,51.54833,3.66667,POINT (3.66667 51.54833),https://digitaalerfgoed.poolparty.biz/globalise/8e41887e-0111-4667-b209-9d0da933b7d8,town
GLOB2_1857,Papekat|Pekat|Pekkat,Pekat,-8.2488,117.7272,POINT (117.7272 -8.2488),https://digitaalerfgoed.poolparty.biz/globalise/d4dafba3-2344-4f5a-a94d-ed988069d0e5,village
GLOB2_1858,Rawas|Rauwas,Rawas,-2.70606,102.7632,POINT (102.7632 -2.70606),https://digitaalerfgoed.poolparty.biz/globalise/d1f592cd-dec1-4f42-bb73-930ce816dfaf|https://digitaalerfgoed.poolparty.biz/globalise/d4dafba3-2344-4f5a-a94d-ed988069d0e5,village|landschap
GLOB2_1859,Tabuyung|Taboejang|Toboejong|Taboeyangh,Tabuyung,0.8445,98.9869,POINT (98.9869 0.8445),https://digitaalerfgoed.poolparty.biz/globalise/954cae70-c7e6-4ee9-8273-73beabc3fc0b,coastal settlement
GLOB2_1860,Lallapette|Lalapette|Lalpettai,Lalpettai,11.30088,79.55612,POINT (79.55612 11.30088),https://digitaalerfgoed.poolparty.biz/globalise/79dd26ba-f8df-4c5e-8783-27417a48fa99,inhabited place
GLOB2_1862,Karimata|Crimata,Karimata,-1.41667,109.08333,POINT (109.08333 -1.41667),-,-
GLOB2_1862_GEO_1,Kepulauan Karimata|Karimata|Crimata,Kepulauan Karimata,-1.41667,109.08333,POINT (109.08333 -1.41667),https://digitaalerfgoed.poolparty.biz/globalise/25b09c82-eab3-41d4-9c36-831cfc2b496c,archipelago
GLOB2_1862_GEO_2,Pulau Karimata|Karimata|Crimata,Pulau Karimata,-1.6,108.91667,POINT (108.91667 -1.6),https://digitaalerfgoed.poolparty.biz/globalise/d8b4d9c6-11b3-430a-ba08-48eb1f3a8f56,island
GLOB2_1863,"Voorburg, fort|fort Kotanaka|Voorburg, post|fort Foorburg|fort Santosa|fort Voorburgh|fort Voorburg|Voorburg, Punt","Voorburg, post",0.800905,127.383903,POINT (127.383903 0.800905),https://digitaalerfgoed.poolparty.biz/globalise/84767cdb-cabe-4384-9e51-faca2ae3b864,fortification
GLOB2_1864,Balochistan|Baluchistan,Balochistan,28.0,63.0,POINT (63 28),https://digitaalerfgoed.poolparty.biz/globalise/06278cc4-0ec4-4376-b869-8c21bf507894,region
GLOB2_1865,Pulau Karas|Carras|Karas,Pulau Karas,-3.4535,132.68836,POINT (132.68836 -3.4535),https://digitaalerfgoed.poolparty.biz/globalise/d8b4d9c6-11b3-430a-ba08-48eb1f3a8f56,island
GLOB2_1866,Walajapet|Walajepette,Walajapet,12.9251,79.36626,POINT (79.36626 12.9251),https://digitaalerfgoed.poolparty.biz/globalise/79dd26ba-f8df-4c5e-8783-27417a48fa99,inhabited place
GLOB2_1867,Calligawe|Kali Gawe|Kaligawa|Caligawe,Kali Gawe,-6.96222,110.4475,POINT (110.4475 -6.96222),https://digitaalerfgoed.poolparty.biz/globalise/d4dafba3-2344-4f5a-a94d-ed988069d0e5,village
GLOB2_1868,"Hollandia, Kasteel (Lonthoir)|fort Hollandia|Fort Hollandia (Banda)",Fort Hollandia (Banda),-4.547392,129.881002,POINT (129.881002 -4.547392),https://digitaalerfgoed.poolparty.biz/globalise/84767cdb-cabe-4384-9e51-faca2ae3b864,fortification
GLOB2_1869,Bogor|Buitenzorg|Buytenzorg|Beuytenzorg|Buijtensorg,Bogor,-6.58997,106.7927,POINT (106.7927 -6.58997),https://digitaalerfgoed.poolparty.biz/globalise/156e18b0-dee8-406e-8f32-7259a573d368,estate
GLOB2_1870,Quelimanie|Quelimane (settlement)|Quelimana|Quelimane,Quelimane (settlement),-17.874697,36.880954,POINT (36.880954 -17.874697),https://digitaalerfgoed.poolparty.biz/globalise/46724d25-aa94-4848-a8ca-17fe02b0db2b,settlement
GLOB2_1872,Dengka|Decca|Dengka (nusak),Dengka (nusak),-10.78889,122.93111,POINT (122.93111 -10.78889),https://digitaalerfgoed.poolparty.biz/globalise/f2e48ff8-f0e6-4a7d-998a-1a4916658270,nusak
GLOB2_1873,Nuniali|Nonialy,Nuniali,-2.87129,128.39617,POINT (128.39617 -2.87129),-,-
GLOB2_1874,Graaff Reinet|Graaff-Reinet|Graaf Rynet,Graaff Reinet,-32.2507,24.538293,POINT (24.538293 -32.2507),https://digitaalerfgoed.poolparty.biz/globalise/8e41887e-0111-4667-b209-9d0da933b7d8,town
GLOB2_1875,Oudagins|Udagins,Oudagins,-,-,POINT EMPTY,https://digitaalerfgoed.poolparty.biz/globalise/d1f592cd-dec1-4f42-bb73-930ce816dfaf,landschap
GLOB2_1876,Zwartland|Malmesbury|het Zwart-Land|het Swartland|Swartland,Swartland,-33.45837,18.721333,POINT (18.721333 -33.45837),https://digitaalerfgoed.poolparty.biz/globalise/06278cc4-0ec4-4376-b869-8c21bf507894,region
GLOB2_1877,Auriwake|Auriewake|Aurewake|Aurewaka,Aurewake,13.57169,80.14617,POINT (80.14617 13.57169),https://digitaalerfgoed.poolparty.biz/globalise/d4dafba3-2344-4f5a-a94d-ed988069d0e5,village
GLOB2_1878,Caits|Kayts|Cayts|Cais,Kayts,9.6534,79.8901,POINT (79.8901 9.6534),https://digitaalerfgoed.poolparty.biz/globalise/d8b4d9c6-11b3-430a-ba08-48eb1f3a8f56,island
GLOB2_1880,Coringa|Coringe,Coringa,16.8,82.23333,POINT (82.23333 16.8),https://digitaalerfgoed.poolparty.biz/globalise/93a0b2c9-ad9a-4bab-8620-11b5c1e01f37,port
GLOB2_1881,Batu-eilanden|Kepulauan Batu|Batoe,Kepulauan Batu,-0.23487,98.36794,POINT (98.36794 -0.23487),https://digitaalerfgoed.poolparty.biz/globalise/25b09c82-eab3-41d4-9c36-831cfc2b496c,archipelago
GLOB2_1883,Oostenburg|fort Oostenburgh|fort Oostenburg|Ostenburg,Oostenburg,8.54531,81.22445,POINT (81.22445 8.54531),https://digitaalerfgoed.poolparty.biz/globalise/84767cdb-cabe-4384-9e51-faca2ae3b864,fortification
GLOB2_1885,Malwa,Malwa,22.34125,75.4013,POINT (75.4013 22.34125),https://digitaalerfgoed.poolparty.biz/globalise/0e3137ad-bc4d-4da6-8ba3-f4fc5fe7058f,province
GLOB2_1886,Sukawajana|Soccawajana|Sukawayana,Sukawayana,-6.95778,106.50389,POINT (106.50389 -6.95778),https://digitaalerfgoed.poolparty.biz/globalise/68219995-7bbe-44b0-a9b9-da492f85dbcb,mine
GLOB2_1887,St. Vincent|São Vicente,São Vicente,16.84414,-24.97398,POINT (-24.97398 16.84414),https://digitaalerfgoed.poolparty.biz/globalise/d8b4d9c6-11b3-430a-ba08-48eb1f3a8f56,island
GLOB2_1888,Ladrones|Ladronse eylanden|Ladronen|Mariana Islands,Mariana Islands,17.79054,145.89844,POINT (145.89844 17.79054),https://digitaalerfgoed.poolparty.biz/globalise/25b09c82-eab3-41d4-9c36-831cfc2b496c,archipelago
GLOB2_1889,Lakor|Pulau Lakor|Laccaer,Pulau Lakor,-8.23333,128.16667,POINT (128.16667 -8.23333),https://digitaalerfgoed.poolparty.biz/globalise/d8b4d9c6-11b3-430a-ba08-48eb1f3a8f56,island
GLOB2_1891,Mirzapur|Mirzapore|Bazar Mirzapur,Bazar Mirzapur,-,-,POINT EMPTY,https://digitaalerfgoed.poolparty.biz/globalise/d4dafba3-2344-4f5a-a94d-ed988069d0e5,village
GLOB2_1892,Tubella|Tobelo,Tobelo,1.72837,128.00948,POINT (128.00948 1.72837),https://digitaalerfgoed.poolparty.biz/globalise/46724d25-aa94-4848-a8ca-17fe02b0db2b,settlement
GLOB2_1893,de Paarl|Paarl,Paarl,-33.726553,18.960843,POINT (18.960843 -33.726553),https://digitaalerfgoed.poolparty.biz/globalise/06278cc4-0ec4-4376-b869-8c21bf507894,region
GLOB2_1894,Bancallang|Bangkalan,Bangkalan,-7.0455,112.7351,POINT (112.7351 -7.0455),-,-
GLOB2_1894_HUM_1,Bancallang|Bangcalon|Bangkalan,Bangkalan,-7.0455,112.7351,POINT (112.7351 -7.0455),https://digitaalerfgoed.poolparty.biz/globalise/ebf26f69-b692-437a-b6fa-2bb4ae0ae95b,polity
GLOB2_1894_HUM_2,"fort Bangkalan|fort Bancalang|fort Bancalling|Bangkalan, fort|fort Bancallang|fort Erfprins","Bangkalan, fort",-7.02436,112.75099,POINT (112.75099 -7.02436),https://digitaalerfgoed.poolparty.biz/globalise/84767cdb-cabe-4384-9e51-faca2ae3b864,fort
GLOB2_1895,Banyuwangi|Banjoewangie,Banyuwangi,-8.208984,114.373333,POINT (114.373333 -8.208984),https://digitaalerfgoed.poolparty.biz/globalise/55f41aea-cc65-4cfb-88c4-766a2841452a,regency
GLOB2_1896,Baviaan|Bawean|Baviaan eiland|Lubok|Bawean Island|Bavian,Bawean Island,-5.808658,112.636242,POINT (112.636242 -5.808658),https://digitaalerfgoed.poolparty.biz/globalise/d8b4d9c6-11b3-430a-ba08-48eb1f3a8f56,island
GLOB2_1897,Bojolale|Boyolali|Boejolalie|Boejalalie|Boujolalie|Bojolalie,Boyolali,-7.483333333,110.6666667,POINT (110.666667 -7.483333),https://digitaalerfgoed.poolparty.biz/globalise/d4dafba3-2344-4f5a-a94d-ed988069d0e5,village
GLOB2_1898,Jaffenasche passen|Jaffenapatnamse passen|De Passen|Jaffenase passen,De Passen,-,-,POINT EMPTY,-,-
GLOB2_1899,Amahusu|Amahoesoe,Amahusu,-3.72525,128.1471,POINT (128.1471 -3.72525),https://digitaalerfgoed.poolparty.biz/globalise/46724d25-aa94-4848-a8ca-17fe02b0db2b,settlement
GLOB2_1900,Gajaan|Cagayen|Cagayan|Cagiaen,Cagayan,18.0,121.83333,POINT (121.83333 18),https://digitaalerfgoed.poolparty.biz/globalise/06278cc4-0ec4-4376-b869-8c21bf507894,region
GLOB2_1901,Boni|Bone|Bony|Bonee|Bonij|Bono|Tjinrana Boni,Bone,-4.540919,120.325267,POINT (120.325267 -4.540919),https://digitaalerfgoed.poolparty.biz/globalise/6f1f178a-fa6f-4553-a723-99f9d909a771,kingdom
GLOB2_1902,Lease Islands|Uleasser|Uliassers,Lease Islands,-3.56667,128.6,POINT (128.6 -3.56667),https://digitaalerfgoed.poolparty.biz/globalise/25b09c82-eab3-41d4-9c36-831cfc2b496c,islands
GLOB2_1903,Ilha de Santiago|St. Jago,Ilha de Santiago,15.08737,-23.62576,POINT (-23.62576 15.08737),https://digitaalerfgoed.poolparty.biz/globalise/d8b4d9c6-11b3-430a-ba08-48eb1f3a8f56,island
GLOB2_1904,Phaijpho|Phayphu|Pheypho|Faijfos|Haifo|Fayfol|Hội An|Hoi An|Faifo,Hội An,15.878295,108.3166667,POINT (108.316667 15.878295),https://digitaalerfgoed.poolparty.biz/globalise/20d7cfe7-b3b1-4223-b2b4-d9f6ddb2e683,city
GLOB2_1905,Baaij Thoron|Bay of Tourane|Vịnh Đà Nẵng,Vịnh Đà Nẵng,16.13109,108.17705,POINT (108.17705 16.13109),https://digitaalerfgoed.poolparty.biz/globalise/bd0dfde6-0fb2-476b-ad5e-2f63ed7787ff,bay
GLOB2_1906,Tobbe|Tobo|Desa Tobo,Desa Tobo,-3.55795,130.2069,POINT (130.2069 -3.55795),https://digitaalerfgoed.poolparty.biz/globalise/d4dafba3-2344-4f5a-a94d-ed988069d0e5,village
GLOB2_1907,Tuban|Luhartuban,Luhartuban,-3.34824,127.59842,POINT (127.59842 -3.34824),https://digitaalerfgoed.poolparty.biz/globalise/d4dafba3-2344-4f5a-a94d-ed988069d0e5,village
GLOB2_1908,"Fort Wilhelmus (Damar)|Wilhelmus, Fort",Fort Wilhelmus (Damar),-7.09301,128.65713,POINT (128.65713 -7.09301),https://digitaalerfgoed.poolparty.biz/globalise/84767cdb-cabe-4384-9e51-faca2ae3b864,fortification
GLOB2_1909,Zeeburg (Colombo)|Zeeburg,Zeeburg (Colombo),6.934166667,79.84611111,POINT (79.846111 6.934167),https://digitaalerfgoed.poolparty.biz/globalise/84767cdb-cabe-4384-9e51-faca2ae3b864,fortification
GLOB2_1910,"Zeeburg|fort Zeeborg|Zeeborg, fort (Quilon)","Zeeborg, fort (Quilon)",8.881128,76.568086,POINT (76.568086 8.881128),https://digitaalerfgoed.poolparty.biz/globalise/84767cdb-cabe-4384-9e51-faca2ae3b864,fortification
GLOB2_1911,"Zeeburg, Bolwerk|Zeeburg, Punt|Zeeborch|Zeeburgh|Zeeburg, bulwark (Batavia)|Seeborgh|Zeeburg, Redoute","Zeeburg, bulwark (Batavia)",-6.12741,106.80903,POINT (106.80903 -6.12741),https://digitaalerfgoed.poolparty.biz/globalise/84767cdb-cabe-4384-9e51-faca2ae3b864,fortification
GLOB2_1912,Middelburg (Netherlands)|Middelburg|Middelburgh,Middelburg (Netherlands),51.502118,3.614101,POINT (3.614101 51.502118),https://digitaalerfgoed.poolparty.biz/globalise/20d7cfe7-b3b1-4223-b2b4-d9f6ddb2e683,city
GLOB2_1913,"fort Passo|fort Paso|fort Middelburg|Middelburg, fort|Middelburg, Redoute|Middelburg, fort (Ambon)","Middelburg, fort (Ambon)",-3.631033,128.253834,POINT (128.253834 -3.631033),https://digitaalerfgoed.poolparty.biz/globalise/84767cdb-cabe-4384-9e51-faca2ae3b864,fortification
GLOB2_894,Battavia|Jakarta|Batavia|Batvia,Jakarta,-6.13177,106.8121,POINT (106.8121 -6.13177),https://digitaalerfgoed.poolparty.biz/globalise/20d7cfe7-b3b1-4223-b2b4-d9f6ddb2e683|https://digitaalerfgoed.poolparty.biz/globalise/93a0b2c9-ad9a-4bab-8620-11b5c1e01f37,port|city
GLOB2_895,China,China,39.9288,116.3889,POINT (116.3889 39.9288),https://digitaalerfgoed.poolparty.biz/globalise/ebf26f69-b692-437a-b6fa-2bb4ae0ae95b,polity
GLOB2_896,Europ|Europe|Europa,Europe,50.42519,9.915553,POINT (9.915553 50.42519),https://digitaalerfgoed.poolparty.biz/globalise/7006b73c-c2eb-4873-8393-5af701fae308,continent
GLOB2_897,Malacca|Melaka|Mallacca|Melacca|Melaca|Melakka|Malakka|Mallakka|Malacka,Malacca,2.196727,102.2531,POINT (102.2531 2.196727),https://digitaalerfgoed.poolparty.biz/globalise/20d7cfe7-b3b1-4223-b2b4-d9f6ddb2e683,city
GLOB2_898,Portugal|Kingdom of Portugal,Kingdom of Portugal,40.0048,-8.13853,POINT (-8.13853 40.0048),https://digitaalerfgoed.poolparty.biz/globalise/6f1f178a-fa6f-4553-a723-99f9d909a771,kingdom
GLOB2_899,Bantham|Bantem|Bantan|Soeroesowan|Sourousouangh|Banten|Bantam,Banten,-6.02738,106.1942,POINT (106.1942 -6.02738),https://digitaalerfgoed.poolparty.biz/globalise/8e41887e-0111-4667-b209-9d0da933b7d8|https://digitaalerfgoed.poolparty.biz/globalise/93a0b2c9-ad9a-4bab-8620-11b5c1e01f37,port|town
GLOB2_900,Ternate|Ternaten|Ternaaten,Ternate,0.80562,127.34044,POINT (127.34044 0.80562),-,-
GLOB2_900_GEO_1,Ternate Island|Ternate|Ternaten|Ternaaten,Ternate Island,0.80562,127.34044,POINT (127.34044 0.80562),https://digitaalerfgoed.poolparty.biz/globalise/d8b4d9c6-11b3-430a-ba08-48eb1f3a8f56,island
GLOB2_900_HUM_1,Ternaten|Ternate (city)|Ternaaten,Ternate (city),0.8,127.3833,POINT (127.3833 0.8),https://digitaalerfgoed.poolparty.biz/globalise/20d7cfe7-b3b1-4223-b2b4-d9f6ddb2e683,city
GLOB2_901,Vranckrijck|France|Franckrijck|Vrankrijk|Frankrijk,France,47.55005,2.507582,POINT (2.507582 47.55005),https://digitaalerfgoed.poolparty.biz/globalise/ebf26f69-b692-437a-b6fa-2bb4ae0ae95b,polity
GLOB2_902,Palembang|Pallembang|Palimbangh|Palimbang|Palembangh,Palembang,-2.97047,104.7489,POINT (104.7489 -2.97047),https://digitaalerfgoed.poolparty.biz/globalise/ebf26f69-b692-437a-b6fa-2bb4ae0ae95b|https://digitaalerfgoed.poolparty.biz/globalise/93a0b2c9-ad9a-4bab-8620-11b5c1e01f37,port|polity
GLOB2_903,Azië|Asia,Asia,29.84064,89.29688,POINT (89.29688 29.84064),https://digitaalerfgoed.poolparty.biz/globalise/7006b73c-c2eb-4873-8393-5af701fae308,continent
GLOB2_905,Paddangh|Padang|Padangh,Padang,-0.94753,100.3552,POINT (100.3552 -0.94753),https://digitaalerfgoed.poolparty.biz/globalise/8e41887e-0111-4667-b209-9d0da933b7d8,town
GLOB2_907,Bima|Biema,Bima,-8.45446,118.7261,POINT (118.7261 -8.45446),https://digitaalerfgoed.poolparty.biz/globalise/7c1af419-926c-47c9-9450-05dc5849c05c,negorij [PROBLEMATIC TERM]
GLOB2_910,Japaren|Iapare|Jepara|Japare|Iapara|Jappare|Japara,Jepara,-6.5935,110.6681,POINT (110.6681 -6.5935),https://digitaalerfgoed.poolparty.biz/globalise/8e41887e-0111-4667-b209-9d0da933b7d8|https://digitaalerfgoed.poolparty.biz/globalise/93a0b2c9-ad9a-4bab-8620-11b5c1e01f37,port|town
GLOB2_911,Denmark|Denemarken,Denmark,56.0,10.0,POINT (10 56),https://digitaalerfgoed.poolparty.biz/globalise/6f1f178a-fa6f-4553-a723-99f9d909a771,kingdom
GLOB2_914,Boeton|Buton|Boutton|Boethon|Bouthon|Botton|Buthon|Pulau Buton|Baton|Bouton,Pulau Buton,-5.284044,122.923456,POINT (122.923456 -5.284044),https://digitaalerfgoed.poolparty.biz/globalise/d8b4d9c6-11b3-430a-ba08-48eb1f3a8f56,island
GLOB2_921,Pulau Kapal|Pulau Onrust|Onrust|Onrus,Pulau Onrust,-6.03335,106.7335,POINT (106.7335 -6.03335),https://digitaalerfgoed.poolparty.biz/globalise/d8b4d9c6-11b3-430a-ba08-48eb1f3a8f56,island
GLOB2_923,Buros|Barras|Barus|Baros,Barus,2.018663,98.41378,POINT (98.41378 2.018663),https://digitaalerfgoed.poolparty.biz/globalise/4b274bf6-aa23-44f3-8d90-809c6617916f,comptoir
GLOB2_925,Balij|Bali|Baly,Bali,-8.3784,115.1345,POINT (115.1345 -8.3784),https://digitaalerfgoed.poolparty.biz/globalise/d8b4d9c6-11b3-430a-ba08-48eb1f3a8f56,island
GLOB2_926,Nakhon Si Thammarat|Ligoor|Ligor,Nakhon Si Thammarat,8.465581,99.95338,POINT (99.95338 8.465581),https://digitaalerfgoed.poolparty.biz/globalise/6f1f178a-fa6f-4553-a723-99f9d909a771,kingdom
GLOB2_930,Vengurla|Vengurla (town)|Wingurla|Wingerla,Vengurla (town),15.88333,73.68333,POINT (73.68333 15.88333),https://digitaalerfgoed.poolparty.biz/globalise/8e41887e-0111-4667-b209-9d0da933b7d8,town
GLOB2_932,Arabia|Arabië,Arabia,25.0,45.0,POINT (45 25),https://digitaalerfgoed.poolparty.biz/globalise/06278cc4-0ec4-4376-b869-8c21bf507894,region
GLOB2_933,Bago|Pegoe|Pegu,Bago,17.3372,96.49527,POINT (96.49527 17.3372),https://digitaalerfgoed.poolparty.biz/globalise/6f1f178a-fa6f-4553-a723-99f9d909a771,kingdom
GLOB2_935,Kartasura|Kartasoera,Kartasura,-7.55766,110.7399,POINT (110.7399 -7.55766),https://digitaalerfgoed.poolparty.biz/globalise/2b007e6a-a299-413b-bc7f-51e69a9e1fab,capital
GLOB2_936,Rimbang|Rimbangh|Rembang|Rembangh|Rambang|Rambangh,Rembang,-6.70489,111.3416,POINT (111.3416 -6.70489),https://digitaalerfgoed.poolparty.biz/globalise/40217104-de46-42ed-80c8-480fac1f8706|https://digitaalerfgoed.poolparty.biz/globalise/93a0b2c9-ad9a-4bab-8620-11b5c1e01f37,port|district
GLOB2_937,Amsterdam|Amsterdam (Nederland)|Aemstelredam|Aemsterdam|Amstelredam|Amsteldam|Aemsteldam,Amsterdam,52.37287,4.899158,POINT (4.899158 52.37287),https://digitaalerfgoed.poolparty.biz/globalise/20d7cfe7-b3b1-4223-b2b4-d9f6ddb2e683,city
GLOB2_938,Aracan|Arackan|Arakan|Araccan|Mrauk U|Mrohaung|Arakkan|Arracan|Arraccan,Arakan,20.59113,93.19277,POINT (93.19277 20.59113),-,-
GLOB2_938_HUM_1,Aracan|Arackan|Arakan|Araccan|Arakan (kingdom)|Mrauk U|Mrohaung|Arakkan|Arracan|Arraccan,Arakan (kingdom),20.59113,93.19277,POINT (93.19277 20.59113),https://digitaalerfgoed.poolparty.biz/globalise/6f1f178a-fa6f-4553-a723-99f9d909a771,kingdom
GLOB2_938_HUM_2,Aracan|Arackan|Arakan|Araccan|Mrauk U (city)|Mrauk U|Mrohaung|Arakkan|Arracan|Arraccan,Mrauk U (city),20.59113,93.19277,POINT (93.19277 20.59113),https://digitaalerfgoed.poolparty.biz/globalise/20d7cfe7-b3b1-4223-b2b4-d9f6ddb2e683|https://digitaalerfgoed.poolparty.biz/globalise/2b007e6a-a299-413b-bc7f-51e69a9e1fab,city|capital
GLOB2_942,Parangipettai|Portonovo|Porto Novo,Parangipettai,11.49138,79.76018,POINT (79.76018 11.49138),https://digitaalerfgoed.poolparty.biz/globalise/93a0b2c9-ad9a-4bab-8620-11b5c1e01f37,port
GLOB2_944,Pulau Sumbawa|Soembawa|Zumbouwa|Sumbawa|Sunbawa|Sambouwa|Sumbauwa,Pulau Sumbawa,-8.78333,118.0833,POINT (118.0833 -8.78333),https://digitaalerfgoed.poolparty.biz/globalise/d8b4d9c6-11b3-430a-ba08-48eb1f3a8f56,island
GLOB2_946,Pulau Solor|Zolor|Lawayang|Soloor|Solor,Pulau Solor,-8.4665,122.9739,POINT (122.9739 -8.4665),https://digitaalerfgoed.poolparty.biz/globalise/d8b4d9c6-11b3-430a-ba08-48eb1f3a8f56,island
GLOB2_947,Sumatra|Soumatra,Sumatra,0.01386,101.571,POINT (101.571 0.01386),https://digitaalerfgoed.poolparty.biz/globalise/d8b4d9c6-11b3-430a-ba08-48eb1f3a8f56,island
GLOB2_949,Indrapoura|Indapoura|Indrapura|Indrapoera,Indrapura,-2.03925,100.9489,POINT (100.9489 -2.03925),https://digitaalerfgoed.poolparty.biz/globalise/6f1f178a-fa6f-4553-a723-99f9d909a771,kingdom
GLOB2_950,Borneo,Borneo,-0.04582,114.1824,POINT (114.1824 -0.04582),https://digitaalerfgoed.poolparty.biz/globalise/d8b4d9c6-11b3-430a-ba08-48eb1f3a8f56,island
GLOB2_952,Hitu|Semenanjung Hitu,Semenanjung Hitu,-3.63061,128.13572,POINT (128.13572 -3.63061),https://digitaalerfgoed.poolparty.biz/globalise/422b34bb-dffe-4552-b1cd-f720d3efe4df,peninsula
GLOB2_954,Gorontale|Gorrontale|Gorontalle|Gorontalo,Gorontalo,0.542442,123.0591,POINT (123.0591 0.542442),https://digitaalerfgoed.poolparty.biz/globalise/6f1f178a-fa6f-4553-a723-99f9d909a771,kingdom
GLOB2_955,Mindanao,Mindanao,7.66382,125.13051,POINT (125.13051 7.66382),https://digitaalerfgoed.poolparty.biz/globalise/d8b4d9c6-11b3-430a-ba08-48eb1f3a8f56,island
GLOB2_961,Middelburg|Middelburg (South Africa),Middelburg (South Africa),-31.4939,25.01722,POINT (25.01722 -31.4939),-,-
GLOB2_964,Maros|Marous,Maros,-5.0051,119.5723,POINT (119.5723 -5.0051),-,-
GLOB2_965,Golconda|Golkonda,Golconda,17.38502,78.40401,POINT (78.40401 17.38502),https://digitaalerfgoed.poolparty.biz/globalise/6f1f178a-fa6f-4553-a723-99f9d909a771,kingdom
GLOB2_967,Saleyer|Cheleyer|Selayar Island|Zaleijer|Zalyer|Cehleyer|Zaleyer|Salayer|Salyer|Salayar|Zalijer|Selayar|Zaleaijer|Salijer,Selayar Island,-6.11803,120.4766,POINT (120.4766 -6.11803),https://digitaalerfgoed.poolparty.biz/globalise/d8b4d9c6-11b3-430a-ba08-48eb1f3a8f56,island
GLOB2_969,Armenia|Armenië,Armenia,39.9542,44.5501,POINT (44.5501 39.9542),https://digitaalerfgoed.poolparty.biz/globalise/06278cc4-0ec4-4376-b869-8c21bf507894,region
GLOB2_972,Mexico,Mexico,23.54183,-101.072,POINT (-101.072 23.54183),https://digitaalerfgoed.poolparty.biz/globalise/06278cc4-0ec4-4376-b869-8c21bf507894,region
GLOB2_973,Kerman|Kirman,Kerman,30.3,57.08333,POINT (57.08333 30.3),-,-
GLOB2_973_HUM_1,Kerman Province|Kirman,Kerman Province,30.3,57.08333,POINT (57.08333 30.3),https://digitaalerfgoed.poolparty.biz/globalise/0e3137ad-bc4d-4da6-8ba3-f4fc5fe7058f,province
GLOB2_973_HUM_2,Kerman|Kirman,Kerman,30.3,57.08333,POINT (57.08333 30.3),https://digitaalerfgoed.poolparty.biz/globalise/20d7cfe7-b3b1-4223-b2b4-d9f6ddb2e683,city
GLOB2_975,Pulau Manipa|Manipa,Pulau Manipa,-3.3,127.55,POINT (127.55 -3.3),https://digitaalerfgoed.poolparty.biz/globalise/d8b4d9c6-11b3-430a-ba08-48eb1f3a8f56,island
GLOB2_985,Turkije|Ottoman Empire,Ottoman Empire,41.013,28.955,POINT (28.955 41.013),https://digitaalerfgoed.poolparty.biz/globalise/27785c97-df3c-424e-aa75-bddbd674e183,empire
GLOB2_987,Draksharam|Draksharama|Drākshārāma|Daatcheron|Datcheron,Drākshārāma,16.7915,82.05941,POINT (82.05941 16.7915),-,-
GLOB2_987_HUM_1,Draksharam|Draksharama|Drākshārāma|Daatcheron|Datcheron,Drākshārāma,16.7915,82.05941,POINT (82.05941 16.7915),https://digitaalerfgoed.poolparty.biz/globalise/d4dafba3-2344-4f5a-a94d-ed988069d0e5,village
GLOB2_987_HUM_2,Draksharam|Draksharama|Drākshārāma|Daatcheron|Datcheron,Drākshārāma,16.7915,82.05941,POINT (82.05941 16.7915),https://digitaalerfgoed.poolparty.biz/globalise/4b274bf6-aa23-44f3-8d90-809c6617916f,comptoir
GLOB2_989,Pulau Keffing|Pulau Seram Rei|Keffing|Kessing,Pulau Seram Rei,-3.86586,130.8676,POINT (130.8676 -3.86586),https://digitaalerfgoed.poolparty.biz/globalise/d8b4d9c6-11b3-430a-ba08-48eb1f3a8f56,island
GLOB2_990,Loehoe|Luhoe|Luhu,Luhu,-3.38765,127.9822,POINT (127.9822 -3.38765),https://digitaalerfgoed.poolparty.biz/globalise/7c1af419-926c-47c9-9450-05dc5849c05c,negorij [PROBLEMATIC TERM]
GLOB2_995,Pulau Hatta|Rosagain|Rosengayn|Rossegijn|Rosingain|Rosengain|Rosegijn|Rosingheijn|Rozengain|Rosingijn,Pulau Hatta,-4.59,130.04,POINT (130.04 -4.59),https://digitaalerfgoed.poolparty.biz/globalise/d8b4d9c6-11b3-430a-ba08-48eb1f3a8f56,island
GLOB2_998,Bonteyn|Bonchain|Bantaeng|Bonthain,Bantaeng,-5.54641,119.9496,POINT (119.9496 -5.54641),https://digitaalerfgoed.poolparty.biz/globalise/e2aea655-e60c-47a1-96d8-4c2fd0f92ba2,principality
GLOB2_E_1,Aroesche Eilanden|Aru Islands,Aru Islands,-6.1921,134.55059,POINT (134.55059 -6.1921),https://digitaalerfgoed.poolparty.biz/globalise/25b09c82-eab3-41d4-9c36-831cfc2b496c,archipelago
GLOB2_E_10,Kingdom of Spain|Spanje,Kingdom of Spain,40.2,-3.5,POINT (-3.5 40.2),https://digitaalerfgoed.poolparty.biz/globalise/6f1f178a-fa6f-4553-a723-99f9d909a771,kingdom
GLOB2_E_100,Karadomari|唐泊|Caijtotomaire,Karadomari,33.64614,130.23601,POINT (130.23601 33.64614),https://digitaalerfgoed.poolparty.biz/globalise/bd0dfde6-0fb2-476b-ad5e-2f63ed7787ff,bay
GLOB2_E_101,Karatsu|Karats|Krats|Crats|唐津,Karatsu,33.4425,129.96972,POINT (129.96972 33.4425),https://digitaalerfgoed.poolparty.biz/globalise/6b2244e4-726a-46b6-bc6c-f1b86b42b6ba,political division
GLOB2_E_102,Karōdo|Caroto|Carota|Karōto-shima|鹿老度,Karōto-shima,34.07131,132.54973,POINT (132.54973 34.07131),https://digitaalerfgoed.poolparty.biz/globalise/d8b4d9c6-11b3-430a-ba08-48eb1f3a8f56,island
GLOB2_E_103,帷子|Catawira|Katabira,Katabira,35.44641,139.59791,POINT (139.59791 35.44641),https://digitaalerfgoed.poolparty.biz/globalise/d4dafba3-2344-4f5a-a94d-ed988069d0e5,village
GLOB2_E_104,Catche|Coutchie|Kawachi-ura|河内浦|Kawachi-wan|Coutche|Coetchie|Coetchij|Coetey,Kawachi-wan,33.32319,129.53018,POINT (129.53018 33.32319),https://digitaalerfgoed.poolparty.biz/globalise/bd0dfde6-0fb2-476b-ad5e-2f63ed7787ff,bay
GLOB2_E_105,Kawasaki|川崎|Cauwasackij|Cawasacki|Cauwazacki,Kawasaki,35.52056,139.71722,POINT (139.71722 35.52056),https://digitaalerfgoed.poolparty.biz/globalise/d4dafba3-2344-4f5a-a94d-ed988069d0e5,village
GLOB2_E_106,Kibats|Kibachi|木鉢|Kingatsie,Kibachi,32.71667,129.85,POINT (129.85 32.71667),https://digitaalerfgoed.poolparty.biz/globalise/d4dafba3-2344-4f5a-a94d-ed988069d0e5,village
GLOB2_E_107,Kishi|Kis|岐志|Hikitsu Wan,Hikitsu Wan,33.56534,130.11951,POINT (130.11951 33.56534),https://digitaalerfgoed.poolparty.biz/globalise/bd0dfde6-0fb2-476b-ad5e-2f63ed7787ff,bay
GLOB2_E_108,小江|Koe,Koe,-,-,POINT EMPTY,-,-
GLOB2_E_109,Cocra|小倉|Kokura|Cocoura|Cokera|Kokora|Cocsoera|Cocora,Kokura,33.88333,130.88333,POINT (130.88333 33.88333),https://digitaalerfgoed.poolparty.biz/globalise/20d7cfe7-b3b1-4223-b2b4-d9f6ddb2e683,city
GLOB2_E_11,Zwitserland|Old Swiss Confederacy,Old Swiss Confederacy,47.05,8.3,POINT (8.3 47.05),https://digitaalerfgoed.poolparty.biz/globalise/aac3913b-50a0-4d44-adbf-080a98a6729c,federation
GLOB2_E_110,Cojanossij|Quinossi|木屋瀬|Coanossi|Koyanose,Koyanose,33.77963,130.72405,POINT (130.72405 33.77963),https://digitaalerfgoed.poolparty.biz/globalise/79dd26ba-f8df-4c5e-8783-27417a48fa99,inhabited place
GLOB2_E_111,Kōzaki|神崎|Cosacq,Kōzaki,32.72024,129.84544,POINT (129.84544 32.72024),https://digitaalerfgoed.poolparty.biz/globalise/bd0dfde6-0fb2-476b-ad5e-2f63ed7787ff,bay
GLOB2_E_112,Crosacki|Kfrosacki|Kurosaki|Crosackij|黒崎|Kerosacki,Kurosaki,33.86542,130.76635,POINT (130.76635 33.86542),-,-
GLOB2_E_113,Kroksuma|黒島|Crossima|Croksima|Kuroshima|Kuro Shima,Kuro Shima,33.2911,129.51641,POINT (129.51641 33.2911),https://digitaalerfgoed.poolparty.biz/globalise/d8b4d9c6-11b3-430a-ba08-48eb1f3a8f56,island
GLOB2_E_114,Kusatsu|Cousats|Coezats|草津|Coesats|Cusats,Kusatsu,35.01667,135.96667,POINT (135.96667 35.01667),https://digitaalerfgoed.poolparty.biz/globalise/79dd26ba-f8df-4c5e-8783-27417a48fa99,inhabited place
GLOB2_E_115,桑名|Quano|Kuwana,Kuwana,35.05192,136.66958,POINT (136.66958 35.05192),https://digitaalerfgoed.poolparty.biz/globalise/20d7cfe7-b3b1-4223-b2b4-d9f6ddb2e683,city
GLOB2_E_116,Kyōdomari|京泊|Kiotomarij,Kyōdomari,-,-,POINT EMPTY,https://digitaalerfgoed.poolparty.biz/globalise/bd0dfde6-0fb2-476b-ad5e-2f63ed7787ff,bay
GLOB2_E_117,Kionosoro|京上﨟|Kyōnojōrō Shima|Kyōjōrō,Kyōnojōrō Shima,34.4909,133.98105,POINT (133.98105 34.4909),https://digitaalerfgoed.poolparty.biz/globalise/d8b4d9c6-11b3-430a-ba08-48eb1f3a8f56,island
GLOB2_E_119,Miasacki|Maijsacka|Meisacca|舞坂|Maijsackij|Maisaka,Maisaka,34.68333,137.61667,POINT (137.61667 34.68333),https://digitaalerfgoed.poolparty.biz/globalise/d4dafba3-2344-4f5a-a94d-ed988069d0e5,village
GLOB2_E_12,Timbolan|Pulau-pulau Tambelan,Pulau-pulau Tambelan,1.0,107.5,POINT (107.5 1),https://digitaalerfgoed.poolparty.biz/globalise/25b09c82-eab3-41d4-9c36-831cfc2b496c,archipelago
GLOB2_E_120,Mariko|Maribo|Marico|丸子,Mariko,34.94498,138.35293,POINT (138.35293 34.94498),https://digitaalerfgoed.poolparty.biz/globalise/79dd26ba-f8df-4c5e-8783-27417a48fa99,inhabited place
GLOB2_E_121,Maruyama|丸山|Mariamme,Maruyama,35.00407,135.78114,POINT (135.78114 35.00407),https://digitaalerfgoed.poolparty.biz/globalise/79dd26ba-f8df-4c5e-8783-27417a48fa99,inhabited place
GLOB2_E_123,Meaxima|Me Shima|女島|Meshima,Me Shima,31.99796,128.35085,POINT (128.35085 31.99796),https://digitaalerfgoed.poolparty.biz/globalise/d8b4d9c6-11b3-430a-ba08-48eb1f3a8f56,island
GLOB2_E_124,Micourasa|御厨|Mikuriya,Mikuriya,33.36595,129.66258,POINT (129.66258 33.36595),-,-
GLOB2_E_125,Minakuts|水口|Minakuchi|Minacus|Minacoets,Minakuchi,34.97425,136.17683,POINT (136.17683 34.97425),https://digitaalerfgoed.poolparty.biz/globalise/d4dafba3-2344-4f5a-a94d-ed988069d0e5,village
GLOB2_E_126,Misima|Mijssima|Missima|三島|Massina|Mishima,Mishima,35.11667,138.91667,POINT (138.91667 35.11667),https://digitaalerfgoed.poolparty.biz/globalise/79dd26ba-f8df-4c5e-8783-27417a48fa99,inhabited place
GLOB2_E_127,Mitarai|御手洗|Mitacheri,Mitarai,34.18889,132.85,POINT (132.85 34.18889),https://digitaalerfgoed.poolparty.biz/globalise/bd0dfde6-0fb2-476b-ad5e-2f63ed7787ff,bay
GLOB2_E_128,Mitzki|Mitsuke|Mitske|見附,Mitsuke,34.71667,137.86667,POINT (137.86667 34.71667),https://digitaalerfgoed.poolparty.biz/globalise/8e41887e-0111-4667-b209-9d0da933b7d8,town
GLOB2_E_129,宮|Miya|Mia,Miya,35.12901,136.89993,POINT (136.89993 35.12901),https://digitaalerfgoed.poolparty.biz/globalise/20d7cfe7-b3b1-4223-b2b4-d9f6ddb2e683,city
GLOB2_E_13,Tarraquangh|Terroquan,Tarraquangh,22.75763,120.63015,POINT (120.63015 22.75763),https://digitaalerfgoed.poolparty.biz/globalise/d4dafba3-2344-4f5a-a94d-ed988069d0e5,village
GLOB2_E_130,Mianosimi|Mianosou|Miyanosu|宮ノ洲,Miyanosu,33.98333,131.86667,POINT (131.86667 33.98333),https://digitaalerfgoed.poolparty.biz/globalise/bd0dfde6-0fb2-476b-ad5e-2f63ed7787ff,bay
GLOB2_E_131,水島|Mizushima|Misutsima,Mizushima,34.53333,133.73333,POINT (133.73333 34.53333),https://digitaalerfgoed.poolparty.biz/globalise/79dd26ba-f8df-4c5e-8783-27417a48fa99,inhabited place
GLOB2_E_132,Moongi|Mogi|茂木|Mongi,Mogi,32.7,129.91667,POINT (129.91667 32.7),https://digitaalerfgoed.poolparty.biz/globalise/20d7cfe7-b3b1-4223-b2b4-d9f6ddb2e683,city
GLOB2_E_133,守口|Moerijngoets|Moriguchi,Moriguchi,34.73333,135.56667,POINT (135.56667 34.73333),https://digitaalerfgoed.poolparty.biz/globalise/8e41887e-0111-4667-b209-9d0da933b7d8,town
GLOB2_E_134,Mottojamma|Motoyama Misaki|本山|Motoyama,Motoyama Misaki,33.93075,131.18067,POINT (131.18067 33.93075),https://digitaalerfgoed.poolparty.biz/globalise/50310cac-a6c2-4e9d-9162-ebaa073a9835,point
GLOB2_E_135,Moeko|Mukōshima|向島|Moecko|Mokoijs|Moucko|Mukō Shima,Mukō Shima,34.00444,131.58111,POINT (131.58111 34.00444),https://digitaalerfgoed.poolparty.biz/globalise/d8b4d9c6-11b3-430a-ba08-48eb1f3a8f56,island
GLOB2_E_136,Mouro|室|Muro|Moero,Muro,34.76758,134.50594,POINT (134.50594 34.76758),https://digitaalerfgoed.poolparty.biz/globalise/20d7cfe7-b3b1-4223-b2b4-d9f6ddb2e683,city
GLOB2_E_137,室積|Morosomi|Murozumi Wan|Murozumi|Moerosondo,Murozumi Wan,33.92299,131.98036,POINT (131.98036 33.92299),https://digitaalerfgoed.poolparty.biz/globalise/bd0dfde6-0fb2-476b-ad5e-2f63ed7787ff,bay
GLOB2_E_138,Mutsure Jima|Mutsurejima|Moutserij|Mootsroe|六連島,Mutsure Jima,33.97554,130.86393,POINT (130.86393 33.97554),https://digitaalerfgoed.poolparty.biz/globalise/d8b4d9c6-11b3-430a-ba08-48eb1f3a8f56,island
GLOB2_E_139,Nabi|那波|Nabij,Nabi,-,-,POINT EMPTY,https://digitaalerfgoed.poolparty.biz/globalise/bd0dfde6-0fb2-476b-ad5e-2f63ed7787ff,bay
GLOB2_E_14,Wotang,Wotang,-,-,POINT EMPTY,https://digitaalerfgoed.poolparty.biz/globalise/7c1af419-926c-47c9-9450-05dc5849c05c,negorij [PROBLEMATIC TERM]
GLOB2_E_140,Nanatsjamma|七ツ釜|Nannatsgamma|Nanatsugama,Nanatsugama,32.98333,129.65,POINT (129.65 32.98333),https://digitaalerfgoed.poolparty.biz/globalise/20d7cfe7-b3b1-4223-b2b4-d9f6ddb2e683,city
GLOB2_E_141,南部|Nabo|Nambou|Nanbu|Nambo|Nambu,Nambu,40.42221,141.34704,POINT (141.34704 40.42221),https://digitaalerfgoed.poolparty.biz/globalise/8e41887e-0111-4667-b209-9d0da933b7d8,town
GLOB2_E_142,Narommi|Narumi|Narromi|鳴海,Narumi,35.08333,136.95,POINT (136.95 35.08333),https://digitaalerfgoed.poolparty.biz/globalise/d4dafba3-2344-4f5a-a94d-ed988069d0e5,village
GLOB2_E_143,Nikkō|日光|Nikko|Nico|Niko,Nikkō,36.75,139.61667,POINT (139.61667 36.75),-,-
GLOB2_E_144,Kujūkushima|九十九島|Negenentnegentich eijlanden|Kujūku Shima|Ninety-nine Islands,Kujūku Shima,33.26824,129.54008,POINT (129.54008 33.26824),https://digitaalerfgoed.poolparty.biz/globalise/25b09c82-eab3-41d4-9c36-831cfc2b496c,archipelago
GLOB2_E_146,西泊|Nisidomadi|Nishidomari,Nishidomari,-,-,POINT EMPTY,-,-
GLOB2_E_147,Nissinoemia|Nishinomiya|Nissenojena|西宮|Nisinomia|Nissenojenno,Nishinomiya,34.71562,135.33199,POINT (135.33199 34.71562),https://digitaalerfgoed.poolparty.biz/globalise/d4dafba3-2344-4f5a-a94d-ed988069d0e5,village
GLOB2_E_148,Nissaka|Nisacka|Nisakka|Nisacca|二坂,Nissaka,34.81604,138.08168,POINT (138.08168 34.81604),https://digitaalerfgoed.poolparty.biz/globalise/d4dafba3-2344-4f5a-a94d-ed988069d0e5,village
GLOB2_E_149,Nomo|Nome|野母,Nomo,32.58034,129.75371,POINT (129.75371 32.58034),https://digitaalerfgoed.poolparty.biz/globalise/bd0dfde6-0fb2-476b-ad5e-2f63ed7787ff,bay
GLOB2_E_15,Gouvernement Ceylon|Ceylon (VOC area)|Ceylon|Ceilon,Ceylon (VOC area),7.60632,80.71648,POINT (80.71648 7.60632),https://digitaalerfgoed.poolparty.biz/globalise/49b48294-d3be-4a92-a066-a13be466993c,VOC administered area
GLOB2_E_150,Nommasouw|Noemats|沼津|Numazu,Numazu,35.1,138.86667,POINT (138.86667 35.1),https://digitaalerfgoed.poolparty.biz/globalise/d4dafba3-2344-4f5a-a94d-ed988069d0e5,village
GLOB2_E_151,小田|Odoe|Oda,Oda,-,-,POINT EMPTY,-,-
GLOB2_E_152,小田原|Odawarra|Odoura|Oudawara|Odouwara|Odawara|Odaura,Odawara,35.25556,139.15972,POINT (139.15972 35.25556),https://digitaalerfgoed.poolparty.biz/globalise/20d7cfe7-b3b1-4223-b2b4-d9f6ddb2e683,city
GLOB2_E_153,Ōi Gawa|Oijen-cauwa|Woingauwa|Ōi-gawa|大井川|Ojengauwa|Oejangawa|Oijangh-gauwa|Oijengauwa,Ōi Gawa,34.76414,138.29069,POINT (138.29069 34.76414),https://digitaalerfgoed.poolparty.biz/globalise/cf7cc49f-738b-48b0-80a7-476244ba4919,river
GLOB2_E_154,Oisja|Oisso|Oysio|Oijssio|Oijsso|Oissa|大磯|Oijsiou|Ōiso|Oisio,Ōiso,35.31558,139.31625,POINT (139.31625 35.31558),https://digitaalerfgoed.poolparty.biz/globalise/d4dafba3-2344-4f5a-a94d-ed988069d0e5,village
GLOB2_E_155,岡部|Occabe|Ocambe|Okabe|Ocabe,Okabe,34.91667,138.28333,POINT (138.28333 34.91667),https://digitaalerfgoed.poolparty.biz/globalise/8e41887e-0111-4667-b209-9d0da933b7d8,town
GLOB2_E_156,Ockasackij|Okasackij|岡崎|Occasacka|Okasacki|Occasacqui|Okazaki|Ockesackij,Okazaki,34.95,137.16667,POINT (137.16667 34.95),https://digitaalerfgoed.poolparty.biz/globalise/20d7cfe7-b3b1-4223-b2b4-d9f6ddb2e683,city
GLOB2_E_157,興津|Okitsu|Okits,Okitsu,35.05251,138.52191,POINT (138.52191 35.05251),https://digitaalerfgoed.poolparty.biz/globalise/79dd26ba-f8df-4c5e-8783-27417a48fa99,inhabited place
GLOB2_E_158,面高|Omodakaij|Omodaka|Omendackaija|Omodaker,Omodaka,33.08014,129.67392,POINT (129.67392 33.08014),https://digitaalerfgoed.poolparty.biz/globalise/20d7cfe7-b3b1-4223-b2b4-d9f6ddb2e683,city
GLOB2_E_159,牛ヶ首|Ushiga Kubi|Ossenhals|Ushigakubi,Ushiga Kubi,33.37705,129.56945,POINT (129.56945 33.37705),https://digitaalerfgoed.poolparty.biz/globalise/bd0dfde6-0fb2-476b-ad5e-2f63ed7787ff,bay
GLOB2_E_16,Gouvernement Amboina|Ambon (VOC area)|Amboina|Ambon,Ambon (VOC area),-3.6175,128.1675,POINT (128.1675 -3.6175),https://digitaalerfgoed.poolparty.biz/globalise/49b48294-d3be-4a92-a066-a13be466993c,VOC administered area
GLOB2_E_160,Ōta|Wota|Ōtabu Shima|大多府島,Ōtabu Shima,34.68253,134.29754,POINT (134.29754 34.68253),https://digitaalerfgoed.poolparty.biz/globalise/d8b4d9c6-11b3-430a-ba08-48eb1f3a8f56,island
GLOB2_E_161,大津|Ōtsu|Oots|Oets,Ōtsu,35.0,135.86667,POINT (135.86667 35),https://digitaalerfgoed.poolparty.biz/globalise/20d7cfe7-b3b1-4223-b2b4-d9f6ddb2e683,city
GLOB2_E_162,Owary|尾張|Owarra|Owari|Ouwarij,Owari,35.121667,137.0375,POINT (137.0375 35.121667),https://digitaalerfgoed.poolparty.biz/globalise/0e3137ad-bc4d-4da6-8ba3-f4fc5fe7058f,province
GLOB2_E_163,Zinsieuw|Chinceo|Chincheo|泉州|Quanzhou|Chincheu|Chincheuw|Chinchieuw|Chincheeuw,Quanzhou,24.91389,118.58583,POINT (118.58583 24.91389),https://digitaalerfgoed.poolparty.biz/globalise/0e3137ad-bc4d-4da6-8ba3-f4fc5fe7058f,province
GLOB2_E_164,"Quelpaert|Jejudo|済州島|Quelpaart, I.",Jejudo,33.40167,126.54611,POINT (126.54611 33.40167),https://digitaalerfgoed.poolparty.biz/globalise/d8b4d9c6-11b3-430a-ba08-48eb1f3a8f56,island
GLOB2_E_165,Shinkawa|Reiganjima|霊岸島|Regashima,Shinkawa,35.67571,139.7826,POINT (139.7826 35.67571),https://digitaalerfgoed.poolparty.biz/globalise/79dd26ba-f8df-4c5e-8783-27417a48fa99,inhabited place
GLOB2_E_166,琉球諸島|Lequeo|Lequees|Ryukyu Islands|Luqueese eijlanden|Ryūkyū Islands,Ryukyu Islands,26.42328,127.88783,POINT (127.88783 26.42328),https://digitaalerfgoed.poolparty.biz/globalise/25b09c82-eab3-41d4-9c36-831cfc2b496c,archipelago
GLOB2_E_168,Sackaij|Sakai|Saccai|境|Saccaij|Sakay|Saccaija,Sakai,34.58216,135.46653,POINT (135.46653 34.58216),https://digitaalerfgoed.poolparty.biz/globalise/20d7cfe7-b3b1-4223-b2b4-d9f6ddb2e683,city
GLOB2_E_169,Saccaija-barra|Sakaibara|境原|Sackijbarra,Sakaibara,33.26907,130.35166,POINT (130.35166 33.26907),https://digitaalerfgoed.poolparty.biz/globalise/d4dafba3-2344-4f5a-a94d-ed988069d0e5,village
GLOB2_E_17,Banda|Banda (VOC area)|Gouvernement Banda,Banda (VOC area),-4.51478,129.90277,POINT (129.90277 -4.51478),https://digitaalerfgoed.poolparty.biz/globalise/49b48294-d3be-4a92-a066-a13be466993c,VOC administered area
GLOB2_E_170,Sacka|坂下|Sakashita|Sakanosta,Sakashita,34.88968,136.35398,POINT (136.35398 34.88968),https://digitaalerfgoed.poolparty.biz/globalise/d4dafba3-2344-4f5a-a94d-ed988069d0e5,village
GLOB2_E_171,三軒屋|Sangenya|Sangia,Sangenya,34.66043,135.47924,POINT (135.47924 34.66043),https://digitaalerfgoed.poolparty.biz/globalise/d4dafba3-2344-4f5a-a94d-ed988069d0e5,village
GLOB2_E_173,Hashima|Ha-shima|Sasesima|端島,Ha-shima,32.62766,129.7383,POINT (129.7383 32.62766),https://digitaalerfgoed.poolparty.biz/globalise/d8b4d9c6-11b3-430a-ba08-48eb1f3a8f56,island
GLOB2_E_174,Saya|Saija|佐屋,Saya,35.15,136.71667,POINT (136.71667 35.15),https://digitaalerfgoed.poolparty.biz/globalise/d4dafba3-2344-4f5a-a94d-ed988069d0e5,village
GLOB2_E_175,清見寺|Seikenji|Seiken-ji|Sekesij,Seiken-ji,35.047625,138.513097,POINT (138.513097 35.047625),https://digitaalerfgoed.poolparty.biz/globalise/02db354d-bbd0-4122-aa18-00d6fe8cba28,temple
GLOB2_E_176,Sekinojizō|Sekij|Sickenozijso|関ノ地蔵|Seeckij|Sekenosiso|関|Sickenosise|Sickenosie|Seki|Sekinosise,Seki,34.85,136.4,POINT (136.4 34.85),https://digitaalerfgoed.poolparty.biz/globalise/d4dafba3-2344-4f5a-a94d-ed988069d0e5,village
GLOB2_E_178,Setto|Zetto|瀬戸|Seto,Seto,32.93333,129.63333,POINT (129.63333 32.93333),https://digitaalerfgoed.poolparty.biz/globalise/d4dafba3-2344-4f5a-a94d-ed988069d0e5,village
GLOB2_E_179,沙埕|Zaatsin|Shacheng,Shacheng,27.16324,120.41665,POINT (120.41665 27.16324),https://digitaalerfgoed.poolparty.biz/globalise/0e3137ad-bc4d-4da6-8ba3-f4fc5fe7058f,province
GLOB2_E_18,Ternaten (VOC area)|Ternaten|Gouvernement Ternaten,Ternaten (VOC area),0.80562,127.34044,POINT (127.34044 0.80562),https://digitaalerfgoed.poolparty.biz/globalise/49b48294-d3be-4a92-a066-a13be466993c,VOC administered area
GLOB2_E_180,Siba|芝|Shiba,Shiba,35.65,139.75,POINT (139.75 35.65),https://digitaalerfgoed.poolparty.biz/globalise/06278cc4-0ec4-4376-b869-8c21bf507894,region
GLOB2_E_181,Siokamissina|志賀島|Siongamissima|Ziokamissima|Shikano Shima|Shikanoshima,Shikano Shima,33.67394,130.30044,POINT (130.30044 33.67394),https://digitaalerfgoed.poolparty.biz/globalise/d8b4d9c6-11b3-430a-ba08-48eb1f3a8f56,island
GLOB2_E_182,Tokoesy|Sikoco|四国|Shikoku|Cicoco|Sikoko|Chickock|Cikoko|Chikoko|Sjikokoe,Shikoku,33.75,133.5,POINT (133.5 33.75),https://digitaalerfgoed.poolparty.biz/globalise/d8b4d9c6-11b3-430a-ba08-48eb1f3a8f56,island
GLOB2_E_183,Simabarra|Ximabarra|Shimabara|Simabara|島原|Cimabarra,Shimabara,32.78333,130.36667,POINT (130.36667 32.78333),https://digitaalerfgoed.poolparty.biz/globalise/20d7cfe7-b3b1-4223-b2b4-d9f6ddb2e683,city
GLOB2_E_184,Simada|島田|Simanda|Sinada|Shimada|Sumada,Shimada,34.81667,138.18333,POINT (138.18333 34.81667),https://digitaalerfgoed.poolparty.biz/globalise/d4dafba3-2344-4f5a-a94d-ed988069d0e5,village
GLOB2_E_185,Simokosacke|Chimocasacqui|下神崎|Shimokōzaki|Simokosacki|Shimokareki Shima,Shimokareki Shima,33.20568,129.50438,POINT (129.50438 33.20568),https://digitaalerfgoed.poolparty.biz/globalise/d8b4d9c6-11b3-430a-ba08-48eb1f3a8f56,island
GLOB2_E_186,Simonosicqui|Siminosickij|Simoniseecki|Seminoseki|Simmenoseeckij|下関|Cimenosekij|Shimonoseki|Simenosekij|Semmasekij|Simmenosekij,Shimonoseki,33.95548,130.93713,POINT (130.93713 33.95548),https://digitaalerfgoed.poolparty.biz/globalise/20d7cfe7-b3b1-4223-b2b4-d9f6ddb2e683,city
GLOB2_E_187,下津井|Simotsoije|Shimotsui|Sumotsoi,Shimotsui,34.43885,133.79376,POINT (133.79376 34.43885),https://digitaalerfgoed.poolparty.biz/globalise/d4dafba3-2344-4f5a-a94d-ed988069d0e5,village
GLOB2_E_188,品川|Sinagauwa|Sinnagawa|Sinangauwa|Shinagawa,Shinagawa,35.60902,139.73017,POINT (139.73017 35.60902),https://digitaalerfgoed.poolparty.biz/globalise/d4dafba3-2344-4f5a-a94d-ed988069d0e5,village
GLOB2_E_189,信濃|Sinano|Shinano,Shinano,36.238625,137.968872,POINT (137.968872 36.238625),https://digitaalerfgoed.poolparty.biz/globalise/0e3137ad-bc4d-4da6-8ba3-f4fc5fe7058f,province
GLOB2_E_19,Maccassar|Macasser|Gouvernement Macasser|Maccassar (VOC area)|Macassar,Maccassar (VOC area),-5.14861,119.43194,POINT (119.43194 -5.14861),https://digitaalerfgoed.poolparty.biz/globalise/49b48294-d3be-4a92-a066-a13be466993c,VOC administered area
GLOB2_E_190,Shingū|Singo|新宮,Shingū,33.71399,130.4313,POINT (130.4313 33.71399),https://digitaalerfgoed.poolparty.biz/globalise/d4dafba3-2344-4f5a-a94d-ed988069d0e5,village
GLOB2_E_191,Shiota|Siwota|塩田,Shiota,33.11667,130.05,POINT (130.05 33.11667),https://digitaalerfgoed.poolparty.biz/globalise/d4dafba3-2344-4f5a-a94d-ed988069d0e5,village
GLOB2_E_192,Shioya|塩屋|Swoja,Shioya,34.63582,135.0818,POINT (135.0818 34.63582),https://digitaalerfgoed.poolparty.biz/globalise/d4dafba3-2344-4f5a-a94d-ed988069d0e5,village
GLOB2_E_193,Shirahama|白浜|s’Rahama,Shirahama,33.365472,129.560194,POINT (129.560194 33.365472),https://digitaalerfgoed.poolparty.biz/globalise/93a0b2c9-ad9a-4bab-8620-11b5c1e01f37,port
GLOB2_E_194,Siraijs|白石|Shiraishi|Shiraishi Jima|Siraaijs,Shiraishi Jima,34.40209,133.51508,POINT (133.51508 34.40209),https://digitaalerfgoed.poolparty.biz/globalise/d8b4d9c6-11b3-430a-ba08-48eb1f3a8f56,island
GLOB2_E_195,Shirasuka|Siraska|Siraski|白須賀,Shirasuka,34.68333,137.5,POINT (137.5 34.68333),https://digitaalerfgoed.poolparty.biz/globalise/d4dafba3-2344-4f5a-a94d-ed988069d0e5,village
GLOB2_E_196,Senunge|Canongij|Sunongij|彼杵|Sonogi,Sonogi,33.03982,129.91468,POINT (129.91468 33.03982),https://digitaalerfgoed.poolparty.biz/globalise/d4dafba3-2344-4f5a-a94d-ed988069d0e5,village
GLOB2_E_197,Surge|駿河|Surunga|Suruga|Surrigi,Suruga,34.9518,138.3824,POINT (138.3824 34.9518),https://digitaalerfgoed.poolparty.biz/globalise/20d7cfe7-b3b1-4223-b2b4-d9f6ddb2e683,city
GLOB2_E_198,Suzuka Mountains|鈴鹿山|鈴鹿坂| 't Soetsiammasche gebergte|Fusicasacka|Sousecasacka|Susekasacq|Suzuka-yama|Suzuka-sammyaku|t Gebergte Soetsiamma|Coetseka Jamma|Suzuka-saka|Geberchte Soeseka,Suzuka-sammyaku,34.75,136.33333,POINT (136.33333 34.75),https://digitaalerfgoed.poolparty.biz/globalise/168b4dfb-083c-4c4b-9bc8-4a824da53f0b,mountain
GLOB2_E_2,Bakloan|Baculouan|Backloang,Bakloan,23.11972,120.23667,POINT (120.23667 23.11972),https://digitaalerfgoed.poolparty.biz/globalise/d4dafba3-2344-4f5a-a94d-ed988069d0e5,village
GLOB2_E_20,Malang,Malang,-7.98027,112.6268,POINT (112.6268 -7.98027),https://digitaalerfgoed.poolparty.biz/globalise/20d7cfe7-b3b1-4223-b2b4-d9f6ddb2e683,city
GLOB2_E_200,Tantanomij|Tantonomi|Tanconomij|Tadanomi|忠海|Tadonomi|Tadanoumi,Tadanoumi,34.33666,132.99124,POINT (132.99124 34.33666),https://digitaalerfgoed.poolparty.biz/globalise/20d7cfe7-b3b1-4223-b2b4-d9f6ddb2e683,city
GLOB2_E_202,Takatskij|Takatsuki|高槻,Takatsuki,34.84833,135.61678,POINT (135.61678 34.84833),https://digitaalerfgoed.poolparty.biz/globalise/20d7cfe7-b3b1-4223-b2b4-d9f6ddb2e683,city
GLOB2_E_203,Taccawarrij|竹原|Takehara,Takehara,34.33833,132.91667,POINT (132.91667 34.33833),-,-
GLOB2_E_204,竹崎|Tackasackij|Takezaki|Takesaki,Takezaki,32.95586,130.21842,POINT (130.21842 32.95586),https://digitaalerfgoed.poolparty.biz/globalise/d4dafba3-2344-4f5a-a94d-ed988069d0e5,village
GLOB2_E_205,Taysero|Taijsero|田代|Tashiro,Tashiro,33.38453,130.52486,POINT (130.52486 33.38453),https://digitaalerfgoed.poolparty.biz/globalise/79dd26ba-f8df-4c5e-8783-27417a48fa99,inhabited place
GLOB2_E_206,Taske|Tasuke|Tosca|Tasque|田助|Taska|Tasco,Tasuke,33.38974,129.55754,POINT (129.55754 33.38974),https://digitaalerfgoed.poolparty.biz/globalise/bd0dfde6-0fb2-476b-ad5e-2f63ed7787ff,bay
GLOB2_E_207,Tennois|天王寺|Tennōji|Tenosia|Tenhoso,Tennōji,34.65785,135.51928,POINT (135.51928 34.65785),https://digitaalerfgoed.poolparty.biz/globalise/d4dafba3-2344-4f5a-a94d-ed988069d0e5,village
GLOB2_E_208,Tenryu River|Tenrio|Tenryū River|天竜川,Tenryu River,34.64987,137.79267,POINT (137.79267 34.64987),https://digitaalerfgoed.poolparty.biz/globalise/cf7cc49f-738b-48b0-80a7-476244ba4919,river
GLOB2_E_209,Todoroki|Tondorokij|Tondorakij|轟木|Toutorocki,Todoroki,33.363833,130.511611,POINT (130.511611 33.363833),https://digitaalerfgoed.poolparty.biz/globalise/d4dafba3-2344-4f5a-a94d-ed988069d0e5,village
GLOB2_E_21,bovenceram|boven Ceram,boven Ceram,-,-,POINT EMPTY,-,-
GLOB2_E_210,Tokitsu|Tokits|Togitsu|時津|Tockits,Togitsu,32.83333,129.85,POINT (129.85 32.83333),https://digitaalerfgoed.poolparty.biz/globalise/d4dafba3-2344-4f5a-a94d-ed988069d0e5,village
GLOB2_E_211,Tonsa|土佐|Tossa|Tosa,Tosa,33.616389,133.400833,POINT (133.400833 33.616389),https://digitaalerfgoed.poolparty.biz/globalise/0e3137ad-bc4d-4da6-8ba3-f4fc5fe7058f,province
GLOB2_E_212,Toska|Tosca|戸塚|Toske|Totska|Totsuka,Totsuka,35.40327,139.53124,POINT (139.53124 35.40327),https://digitaalerfgoed.poolparty.biz/globalise/d4dafba3-2344-4f5a-a94d-ed988069d0e5,village
GLOB2_E_213,Skisima|Desjima|Disima|Decima|Schisma|Dejima Island|Tsukishima|築島|Desima|Dezima|Skisma|Deshima,Dejima Island,32.74348,129.87281,POINT (129.87281 32.74348),https://digitaalerfgoed.poolparty.biz/globalise/d8b4d9c6-11b3-430a-ba08-48eb1f3a8f56,island
GLOB2_E_214,Tsushima Jima|対馬|Tsushima|Quelpaert|Quelpaard|Sutsima|Tsussima|Tutsima|Sussima|Tzussima,Tsushima Jima,34.33333,129.33333,POINT (129.33333 34.33333),https://digitaalerfgoed.poolparty.biz/globalise/d8b4d9c6-11b3-430a-ba08-48eb1f3a8f56,island
GLOB2_E_215,Souwa|Soua|Siouwa|Tsova|津和地|Tijouwoe|S’Juwa|Schioua|Tsuwa|Tsuwaji-jima|Tsuwaji|Suwa|Toua,Tsuwaji-jima,33.98171,132.50751,POINT (132.50751 33.98171),https://digitaalerfgoed.poolparty.biz/globalise/d8b4d9c6-11b3-430a-ba08-48eb1f3a8f56,island
GLOB2_E_216,Uji|宇治|Oensi,Uji,34.89044,135.80325,POINT (135.80325 34.89044),https://digitaalerfgoed.poolparty.biz/globalise/79dd26ba-f8df-4c5e-8783-27417a48fa99,inhabited place
GLOB2_E_217,Orisno|Ureshino|嬉野,Ureshino,33.13525,130.05718,POINT (130.05718 33.13525),https://digitaalerfgoed.poolparty.biz/globalise/d4dafba3-2344-4f5a-a94d-ed988069d0e5,village
GLOB2_E_218,Urui Gawa|潤井川|Oringcauwa|Urui-gawa,Urui Gawa,35.14467,138.68553,POINT (138.68553 35.14467),https://digitaalerfgoed.poolparty.biz/globalise/cf7cc49f-738b-48b0-80a7-476244ba4919,river
GLOB2_E_219,Ushimado|牛窓|Ousumata|Oijssimado|Ouzimato|Ousimats|Oesimatta|Oesimada|Oussimato,Ushimado,34.61667,134.16667,POINT (134.16667 34.61667),https://digitaalerfgoed.poolparty.biz/globalise/20d7cfe7-b3b1-4223-b2b4-d9f6ddb2e683,city
GLOB2_E_22,Pattanijs|Pattanij|Patani (Halmahera)|Pattany|Patani|Patany,Patani (Halmahera),0.29444,128.73583,POINT (128.73583 0.29444),https://digitaalerfgoed.poolparty.biz/globalise/46724d25-aa94-4848-a8ca-17fe02b0db2b,settlement
GLOB2_E_220,牛津|Ushizu|Oessints|Ootcino,Ushizu,33.24532,130.1992,POINT (130.1992 33.24532),https://digitaalerfgoed.poolparty.biz/globalise/d4dafba3-2344-4f5a-a94d-ed988069d0e5,village
GLOB2_E_221,Chūgoku region|Tzioongocq|中国|Chūgoku,Chūgoku region,34.5,133.0,POINT (133 34.5),https://digitaalerfgoed.poolparty.biz/globalise/06278cc4-0ec4-4376-b869-8c21bf507894,region
GLOB2_E_222,脇ノ浜|Wakinohama|Wakkinofamma,Wakinohama,34.70163,135.21175,POINT (135.21175 34.70163),-,-
GLOB2_E_223,Yaku-shima|Lakissima|屋久島|Jakissima|Yakushima,Yaku-shima,30.33333,130.5,POINT (130.5 30.33333),https://digitaalerfgoed.poolparty.biz/globalise/d8b4d9c6-11b3-430a-ba08-48eb1f3a8f56,island
GLOB2_E_224,Yamabushi-no-seto|Yamabushi|山伏瀬戸|Jammabos,Yamabushi,34.30653,133.15749,POINT (133.15749 34.30653),-,-
GLOB2_E_225,Jammaij|山家|Jamaye|Jamaie|Yamae,Yamae,33.48155,130.57472,POINT (130.57472 33.48155),https://digitaalerfgoed.poolparty.biz/globalise/d4dafba3-2344-4f5a-a94d-ed988069d0e5,village
GLOB2_E_226,山鹿岬|Iwayasaki|Jammangauwasacci|岩屋崎|Yamaga-no-misaki|Jammanganonusackij,Yamaga-no-misaki,33.9376,130.68287,POINT (130.68287 33.9376),https://digitaalerfgoed.poolparty.biz/globalise/50310cac-a6c2-4e9d-9162-ebaa073a9835,point
GLOB2_E_227,Jassemecklackij|Yasuman Dake|Yasumi-dake|安満岳|Yasuman-dake|休岳,Yasuman Dake,33.33333,129.46667,POINT (129.46667 33.33333),https://digitaalerfgoed.poolparty.biz/globalise/168b4dfb-083c-4c4b-9bc8-4a824da53f0b,mountain
GLOB2_E_228,Jobeko|呼子|Yobuko|Jobico,Yobuko,33.54003,129.89777,POINT (129.89777 33.54003),https://digitaalerfgoed.poolparty.biz/globalise/d4dafba3-2344-4f5a-a94d-ed988069d0e5,village
GLOB2_E_229,Yodo|Jodo|Yoondo|淀|Jondo,Yodo,34.90269,135.71926,POINT (135.71926 34.90269),https://digitaalerfgoed.poolparty.biz/globalise/8e41887e-0111-4667-b209-9d0da933b7d8,town
GLOB2_E_23,Abbecauwa|Abe Kawa|安倍川|Abe-kawa|Abegauwa,Abe Kawa,34.92954,138.39922,POINT (138.39922 34.92954),https://digitaalerfgoed.poolparty.biz/globalise/cf7cc49f-738b-48b0-80a7-476244ba4919,river
GLOB2_E_230,四日市|Jokaits|Yokkaichi|Jockaijts,Yokkaichi,34.96667,136.61667,POINT (136.61667 34.96667),https://digitaalerfgoed.poolparty.biz/globalise/20d7cfe7-b3b1-4223-b2b4-d9f6ddb2e683,city
GLOB2_E_231,Jocxima|Yokoshima|Jocksima|横島|Jocosima|Yoko Shima (Hirado)|Jocosimi,Yoko Shima (Hirado),33.38222,129.59977,POINT (129.59977 33.38222),https://digitaalerfgoed.poolparty.biz/globalise/d8b4d9c6-11b3-430a-ba08-48eb1f3a8f56,island
GLOB2_E_232,Jockotangauwa|横田川|Yokota-gawa,Yokota-gawa,34.96667,136.13333,POINT (136.13333 34.96667),https://digitaalerfgoed.poolparty.biz/globalise/cf7cc49f-738b-48b0-80a7-476244ba4919,river
GLOB2_E_233,Jussijnda|Yoshida|Josinda|Jusinda|Joissinda|Joessinda|吉田,Yoshida,34.77,137.39,POINT (137.39 34.77),https://digitaalerfgoed.poolparty.biz/globalise/8e41887e-0111-4667-b209-9d0da933b7d8,town
GLOB2_E_234,Ussiwarra|Jussuwarra|Josiwarra|吉原|Yoshiwara|Jussiwarra,Yoshiwara,35.16544,138.68402,POINT (138.68402 35.16544),https://digitaalerfgoed.poolparty.biz/globalise/d4dafba3-2344-4f5a-a94d-ed988069d0e5,village
GLOB2_E_235,Jouw|Yū|由宇,Yū,34.03219,132.1748,POINT (132.1748 34.03219),https://digitaalerfgoed.poolparty.biz/globalise/bd0dfde6-0fb2-476b-ad5e-2f63ed7787ff,bay
GLOB2_E_236,Jou|由比|Yui|IJuij,Yui,35.11015,138.5685,POINT (138.5685 35.11015),https://digitaalerfgoed.poolparty.biz/globalise/d4dafba3-2344-4f5a-a94d-ed988069d0e5,village
GLOB2_E_237,Jocxima|Yokoshima|Jocksima|横島|Jocosima|Yoko Shima (Hiroshima)|Jocosimi,Yoko Shima (Hiroshima),34.0401,132.48848,POINT (132.48848 34.0401),https://digitaalerfgoed.poolparty.biz/globalise/d8b4d9c6-11b3-430a-ba08-48eb1f3a8f56,island
GLOB2_E_238,Zhoushan|Siousan|舟山|S’jousan|’Tsiousan|Sjosan,Zhoushan,29.98869,122.20488,POINT (122.20488 29.98869),https://digitaalerfgoed.poolparty.biz/globalise/0e3137ad-bc4d-4da6-8ba3-f4fc5fe7058f,province
GLOB2_E_239,Baubau,Baubau,-5.4633,122.6024,POINT (122.6024 -5.4633),https://digitaalerfgoed.poolparty.biz/globalise/20d7cfe7-b3b1-4223-b2b4-d9f6ddb2e683|https://digitaalerfgoed.poolparty.biz/globalise/2b007e6a-a299-413b-bc7f-51e69a9e1fab,city|capital
GLOB2_E_24,Asjnussima|Aino Shima|Ainoshima|相ノ島|Aijnussima|Aynussima|Ainussima,Aino Shima,32.89801,128.94467,POINT (128.94467 32.89801),https://digitaalerfgoed.poolparty.biz/globalise/d8b4d9c6-11b3-430a-ba08-48eb1f3a8f56,island
GLOB2_E_240,Boeton|Buton|Boutton|Boethon|Bouthon|Botton|Buthon|Sultanate of Buton|Baton|Bouton,Sultanate of Buton,-5.4633,122.6024,POINT (122.6024 -5.4633),https://digitaalerfgoed.poolparty.biz/globalise/6f1f178a-fa6f-4553-a723-99f9d909a771,kingdom
GLOB2_E_241,Boutuan|Butuan|Butuan Bay,Butuan Bay,9.06694,125.36056,POINT (125.36056 9.06694),https://digitaalerfgoed.poolparty.biz/globalise/bd0dfde6-0fb2-476b-ad5e-2f63ed7787ff,bay
GLOB2_E_242,Larak Island|Lareeck|Lareque|Lareek,Larak Island,26.85333,56.35556,POINT (56.35556 26.85333),https://digitaalerfgoed.poolparty.biz/globalise/d8b4d9c6-11b3-430a-ba08-48eb1f3a8f56,island
GLOB2_E_243,Hattoeana|Hatuwana|Hatuana|Hatewano|Hatawano|Hattewanne,Hatawano,-3.5,128.68333,POINT (128.68333 -3.5),https://digitaalerfgoed.poolparty.biz/globalise/42bea596-3b26-4598-a894-5922ff137c7c|https://digitaalerfgoed.poolparty.biz/globalise/06278cc4-0ec4-4376-b869-8c21bf507894,region|coast
GLOB2_E_244,Mahu|Ihamahu|Iha|Ihamau,Ihamahu,-3.525,128.7075,POINT (128.7075 -3.525),https://digitaalerfgoed.poolparty.biz/globalise/d4dafba3-2344-4f5a-a94d-ed988069d0e5,village
GLOB2_E_245,Fort Lijdzaamheid (Mozambique)|Lijdzaamheid|fort Lijdzaamheid,Fort Lijdzaamheid (Mozambique),-25.96666667,32.58333333,POINT (32.583333 -25.966667),https://digitaalerfgoed.poolparty.biz/globalise/84767cdb-cabe-4384-9e51-faca2ae3b864,fort
GLOB2_E_246,Tsicuzeen|Tsuikisen|Chikuzen|筑前|Tsiquisen,Chikuzen,33.5961,130.489,POINT (130.489 33.5961),https://digitaalerfgoed.poolparty.biz/globalise/0e3137ad-bc4d-4da6-8ba3-f4fc5fe7058f,province
GLOB2_E_247,Camboodja|Combodja|Cambodja|Cambodia|Combodia,Cambodia,12.5,105.0,POINT (105 12.5),https://digitaalerfgoed.poolparty.biz/globalise/06278cc4-0ec4-4376-b869-8c21bf507894,region
GLOB2_E_248,Lakitang|Lakitan,Lakitan,-1.72083,100.74667,POINT (100.74667 -1.72083),-,-
GLOB2_E_249,Jājau|Jajau,Jājau,26.92335,77.9168,POINT (77.9168 26.92335),-,-
GLOB2_E_25,Akasacka|Akasackij|Accasackij|Acasacki|Accasacca|Ackasackij|赤坂|Akasaka|Akasacki,Akasaka,34.85,137.3,POINT (137.3 34.85),https://digitaalerfgoed.poolparty.biz/globalise/20d7cfe7-b3b1-4223-b2b4-d9f6ddb2e683,city
GLOB2_E_250,Carrang Assam|Carre Assang|Karangasem,Karangasem,-8.4994,115.5465,POINT (115.5465 -8.4994),-,-
GLOB2_E_251,Malunda|Malonda,Malunda,-2.98556,118.855,POINT (118.855 -2.98556),-,-
GLOB2_E_252,Shakarkhelda|Sakharkherda,Sakharkherda,20.20563,76.39756,POINT (76.39756 20.20563),-,-
GLOB2_E_253,Bandung|Bandong,Bandung,-6.92222,107.60694,POINT (107.60694 -6.92222),-,-
GLOB2_E_254,Motale|Matale,Matale,7.4698,80.6217,POINT (80.6217 7.4698),-,-
GLOB2_E_255,Assam,Assam,26.0,93.0,POINT (93 26),-,-
GLOB2_E_256,Astracan|Astrachan|Astrakhan|Astrakan,Astrakhan,46.34968,48.04076,POINT (48.04076 46.34968),-,-
GLOB2_E_257,Haiderabad|Hyderabad,Hyderabad,17.38405,78.45636,POINT (78.45636 17.38405),-,-
GLOB2_E_258,Mengwi|Magoehie,Mengwi,-8.55,115.16667,POINT (115.16667 -8.55),-,-
GLOB2_E_259,Djampang|Jampang|Djampangs,Jampang,-7.0229,107.3741,POINT (107.3741 -7.0229),-,-
GLOB2_E_26,Acas|Accas|Akas|Akashi|Ackas|Akais|明石,Akashi,34.65524,135.00687,POINT (135.00687 34.65524),https://digitaalerfgoed.poolparty.biz/globalise/20d7cfe7-b3b1-4223-b2b4-d9f6ddb2e683,city
GLOB2_E_260,Sidenreng|Sedynre|Sidènrèng,Sidenreng,-4.6686,119.5508,POINT (119.5508 -4.6686),-,-
GLOB2_E_261,Ajmer|Asmeer,Ajmer,26.4521,74.63867,POINT (74.63867 26.4521),-,-
GLOB2_E_262,Herat|Haraat,Herat,34.34817,62.19967,POINT (62.19967 34.34817),-,-
GLOB2_E_263,Tombariri,Tombariri,1.37361,124.64167,POINT (124.64167 1.37361),-,-
GLOB2_E_264,Amber,Amber,26.98791,75.85883,POINT (75.85883 26.98791),-,-
GLOB2_E_265,Saletto|Desa Seloto|Seloto,Desa Seloto,-8.70333,116.88806,POINT (116.88806 -8.70333),-,-
GLOB2_E_266,Satelok|Seteluk|Satello|Setelok,Seteluk,-8.62549,116.86674,POINT (116.86674 -8.62549),-,-
GLOB2_E_267,Naga Uleng|Nagauleng,Nagauleng,-4.3361,120.3214,POINT (120.3214 -4.3361),-,-
GLOB2_E_268,Limbangan,Limbangan,-7.00583,107.94417,POINT (107.94417 -7.00583),-,-
GLOB2_E_269,Panipat,Panipat,29.38747,76.96825,POINT (76.96825 29.38747),-,-
GLOB2_E_27,Amacksa|Amaccousa|Amaksa|Amaxa|Amacxa|Amakusa|天草,Amakusa,32.45861,130.19306,POINT (130.19306 32.45861),-,-
GLOB2_E_270,Kielo|Kylo|Kilo,Kilo,-8.3432,118.4134,POINT (118.4134 -8.3432),-,-
GLOB2_E_271,Mito|Mito Domain,Mito Domain,36.35,140.45,POINT (140.45 36.35),-,-
GLOB2_E_272,Wakayama|Kishū Domain|Kinokuni,Kishū Domain,34.23333,135.16667,POINT (135.16667 34.23333),-,-
GLOB2_E_273,Tywan|Kingdom of Tungning,Kingdom of Tungning,23.104444,120.208056,POINT (120.208056 23.104444),-,-
GLOB2_E_274,Kingdom of Mewar|Mewar,Kingdom of Mewar,24.577222,73.682222,POINT (73.682222 24.577222),-,-
GLOB2_E_275,Berar Subah|Berar,Berar Subah,-,-,POINT EMPTY,-,-
GLOB2_E_276,Malenadu|Malnād,Malenadu,13.166667,75.5,POINT (75.5 13.166667),-,-
GLOB2_E_27_GEO_1,Amacksa|Amaccousa|Amaksa|Amaxa|Amacxa|Amakusa|Shimo Jima|天草,Shimo Jima,32.33333,130.08333,POINT (130.08333 32.33333),https://digitaalerfgoed.poolparty.biz/globalise/d8b4d9c6-11b3-430a-ba08-48eb1f3a8f56,island
GLOB2_E_27_HUM_1,Amacksa|Amaccousa|Amaksa|Amaxa|Amacxa|Amakusa|天草,Amakusa,32.45861,130.19306,POINT (130.19306 32.45861),https://digitaalerfgoed.poolparty.biz/globalise/d1f592cd-dec1-4f42-bb73-930ce816dfaf,landschap
GLOB2_E_28,Arei|Araij|Arie|Arraij|新居|Arai,Arai,34.68333,137.56667,POINT (137.56667 34.68333),https://digitaalerfgoed.poolparty.biz/globalise/20d7cfe7-b3b1-4223-b2b4-d9f6ddb2e683,city
GLOB2_E_29,Asakusa|Assasca|浅草|Asacxsa,Asakusa,35.71691,139.79575,POINT (139.79575 35.71691),https://digitaalerfgoed.poolparty.biz/globalise/b5c00516-6e14-4b47-b6e3-35286ad7af3f,suburb
GLOB2_E_3,Banda|Pulau-pulau Banda,Pulau-pulau Banda,-4.55,129.87,POINT (129.87 -4.55),https://digitaalerfgoed.poolparty.biz/globalise/25b09c82-eab3-41d4-9c36-831cfc2b496c,archipelago
GLOB2_E_30,Ashiya|芦屋|Assia,Ashiya,33.87346,130.65392,POINT (130.65392 33.87346),https://digitaalerfgoed.poolparty.biz/globalise/d4dafba3-2344-4f5a-a94d-ed988069d0e5,village
GLOB2_E_31,的山大島|Azuchi Ōshima|Atsikin Oyssima,Azuchi Ōshima,33.48389,129.54694,POINT (129.54694 33.48389),https://digitaalerfgoed.poolparty.biz/globalise/d8b4d9c6-11b3-430a-ba08-48eb1f3a8f56,island
GLOB2_E_32,Matsu Islands|Baboxijm|馬祖列島|Baboxin,Matsu Islands,26.15,119.93333,POINT (119.93333 26.15),https://digitaalerfgoed.poolparty.biz/globalise/25b09c82-eab3-41d4-9c36-831cfc2b496c,archipelago
GLOB2_E_33,Banyū-gawa|馬入川|Sagami Gawa|revier Banrieuw|Banreeuw,Sagami Gawa,35.31528,139.36944,POINT (139.36944 35.31528),https://digitaalerfgoed.poolparty.biz/globalise/cf7cc49f-738b-48b0-80a7-476244ba4919,river
GLOB2_E_34,備後|Bingo,Bingo,34.66667,133.16667,POINT (133.16667 34.66667),https://digitaalerfgoed.poolparty.biz/globalise/0e3137ad-bc4d-4da6-8ba3-f4fc5fe7058f,province
GLOB2_E_35,Bingo-no-Tomo|Bigenothomme|Bingnotonne|Tomo|Bingonothomme|Bingnatome|Bingonotomme|Bigonothomme|Bignatum|Tomo in Bingo|Bignatoma|備後ノ鞆,Tomo,34.38288,133.38205,POINT (133.38205 34.38288),https://digitaalerfgoed.poolparty.biz/globalise/20d7cfe7-b3b1-4223-b2b4-d9f6ddb2e683,city
GLOB2_E_36,豊後|Bungo|Bongo,Bungo,33.179722,131.386111,POINT (131.386111 33.179722),https://digitaalerfgoed.poolparty.biz/globalise/0e3137ad-bc4d-4da6-8ba3-f4fc5fe7058f,province
GLOB2_E_37,Tsiecoego|筑後|Chikugo|Tsiekingo|Sickingo,Chikugo,33.213056,130.553889,POINT (130.553889 33.213056),https://digitaalerfgoed.poolparty.biz/globalise/0e3137ad-bc4d-4da6-8ba3-f4fc5fe7058f,province
GLOB2_E_38,知鯉鮒|Chiryū|Siriauw|Sirio|Siriomi|Siriou|Sirrouw,Chiryū,35.0,137.03333,POINT (137.03333 35),https://digitaalerfgoed.poolparty.biz/globalise/d4dafba3-2344-4f5a-a94d-ed988069d0e5,village
GLOB2_E_39,Edo River|江戸川,Edo River,35.69345,139.98906,POINT (139.98906 35.69345),https://digitaalerfgoed.poolparty.biz/globalise/cf7cc49f-738b-48b0-80a7-476244ba4919,river
GLOB2_E_4,Burma|Birma|Barma,Burma,21.866876,96.016449,POINT (96.016449 21.866876),https://digitaalerfgoed.poolparty.biz/globalise/6f1f178a-fa6f-4553-a723-99f9d909a771,kingdom
GLOB2_E_40,Jesire|江尻|Jeserij|Ejiri,Ejiri,35.01667,138.48333,POINT (138.48333 35.01667),https://digitaalerfgoed.poolparty.biz/globalise/d4dafba3-2344-4f5a-a94d-ed988069d0e5,village
GLOB2_E_41,Hokkaido|Ezo|蝦夷|Jezo,Ezo,43.43197,142.93467,POINT (142.93467 43.43197),-,-
GLOB2_E_41_GEO_1,Hokkaido|Ezo|蝦夷|Jezo,Hokkaido,43.43197,142.93467,POINT (142.93467 43.43197),https://digitaalerfgoed.poolparty.biz/globalise/d8b4d9c6-11b3-430a-ba08-48eb1f3a8f56,island
GLOB2_E_41_HUM_1,Ezo|蝦夷|Jezo,Ezo,43.43197,142.93467,POINT (142.93467 43.43197),https://digitaalerfgoed.poolparty.biz/globalise/06278cc4-0ec4-4376-b869-8c21bf507894,region
GLOB2_E_42,藤枝|Fovisjeda|Fuciada|Jovisjeda|Fujieda,Fujieda,34.86667,138.26667,POINT (138.26667 34.86667),https://digitaalerfgoed.poolparty.biz/globalise/d4dafba3-2344-4f5a-a94d-ed988069d0e5,village
GLOB2_E_43,Fusicauwa|富士川|Fusiengauwa|Fusikauwa|Fuji Kawa (Shizuoka)|Fugiengauwa|Fuji-gawa,Fuji Kawa (Shizuoka),35.11606,138.63446,POINT (138.63446 35.11606),https://digitaalerfgoed.poolparty.biz/globalise/cf7cc49f-738b-48b0-80a7-476244ba4919,river
GLOB2_E_44,Finsqauwa|Fujikawa (Aichi)|Fujikawa|Futskawa|藤川,Fujikawa (Aichi),34.9,137.23333,POINT (137.23333 34.9),https://digitaalerfgoed.poolparty.biz/globalise/d4dafba3-2344-4f5a-a94d-ed988069d0e5,village
GLOB2_E_45,Fusinojamma|Foesinijamma|富士ノ山|Mount Fuji|Fuensenejamma|Fuji-no-yama|Fujiyama,Fujiyama,35.3607,138.72773,POINT (138.72773 35.3607),https://digitaalerfgoed.poolparty.biz/globalise/0c8912b1-6814-4b31-8160-61e51ea1d011,volcano
GLOB2_E_46,藤沢|Fujisawa|Fovissauwa,Fujisawa,35.34926,139.47666,POINT (139.47666 35.34926),https://digitaalerfgoed.poolparty.biz/globalise/d4dafba3-2344-4f5a-a94d-ed988069d0e5,village
GLOB2_E_47,Foekaforij|Fickafoerij|Fockefoeri|Fukahori|Fickaforij|深堀|Ficcafoerij,Fukahori,32.68333,129.81667,POINT (129.81667 32.68333),https://digitaalerfgoed.poolparty.biz/globalise/d4dafba3-2344-4f5a-a94d-ed988069d0e5,village
GLOB2_E_48,福田|Fukuda|Faconda|Foekonda|Fouckonda|Foucconda,Fukuda,32.73333,129.81667,POINT (129.81667 32.73333),https://digitaalerfgoed.poolparty.biz/globalise/d4dafba3-2344-4f5a-a94d-ed988069d0e5,village
GLOB2_E_49,Foekeroy|Fokaroij|Foucouroij|Fouckeraij|Fockeroey|Fouckeroij|Fukuroi|Fouckeroy|袋井|Foukouraij,Fukuroi,34.75,137.91667,POINT (137.91667 34.75),https://digitaalerfgoed.poolparty.biz/globalise/d4dafba3-2344-4f5a-a94d-ed988069d0e5,village
GLOB2_E_5,Holland,Holland,52.25,4.666944,POINT (4.666944 52.25),https://digitaalerfgoed.poolparty.biz/globalise/06278cc4-0ec4-4376-b869-8c21bf507894,region
GLOB2_E_50,古館|Fortatie|Furutachi,Furutachi,-,-,POINT EMPTY,https://digitaalerfgoed.poolparty.biz/globalise/7ae1058d-6313-435b-a30a-fd1c1b2ac9ee,trading post
GLOB2_E_51,伏見|Fussimi|Fussimij|Fussumij|Fussima|Fushimi,Fushimi,34.93555,135.76132,POINT (135.76132 34.93555),https://digitaalerfgoed.poolparty.biz/globalise/79dd26ba-f8df-4c5e-8783-27417a48fa99,inhabited place
GLOB2_E_52,Sthagauwe|Stangauwa|Itagauwa|Ftagawa|Futagauwa|Futagawa|Ftagauwa|Foetagawa|二川,Futagawa,34.71667,137.45,POINT (137.45 34.71667),https://digitaalerfgoed.poolparty.biz/globalise/79dd26ba-f8df-4c5e-8783-27417a48fa99,inhabited place
GLOB2_E_53,二日市|Futsukaichi|Foetskaijts,Futsukaichi,33.49475,130.52042,POINT (130.52042 33.49475),https://digitaalerfgoed.poolparty.biz/globalise/d4dafba3-2344-4f5a-a94d-ed988069d0e5,village
GLOB2_E_54,Ginckaij|Ginkaij|Genkai|玄海|Genkai Jima,Genkai Jima,33.68918,130.23189,POINT (130.23189 33.68918),https://digitaalerfgoed.poolparty.biz/globalise/d8b4d9c6-11b3-430a-ba08-48eb1f3a8f56,island
GLOB2_E_55,Gotō Rettō|Gotto|Gotō Islands|Gotho|Goto-retto|五島列島|Gotō Isles,Gotō Rettō,32.85729,128.97225,POINT (128.97225 32.85729),https://digitaalerfgoed.poolparty.biz/globalise/25b09c82-eab3-41d4-9c36-831cfc2b496c,archipelago
GLOB2_E_56,Goi|Goyu|御油|Goij|Goija|Goy,Goyu,34.83333,137.31667,POINT (137.31667 34.83333),https://digitaalerfgoed.poolparty.biz/globalise/d4dafba3-2344-4f5a-a94d-ed988069d0e5,village
GLOB2_E_57,Fakone|Faccone|Facconi|Fakkone|Fouckene|Hakone|箱根,Hakone,35.18945,139.02649,POINT (139.02649 35.18945),https://digitaalerfgoed.poolparty.biz/globalise/20d7cfe7-b3b1-4223-b2b4-d9f6ddb2e683,city
GLOB2_E_58,箱崎|Fackosackij|Hakozaki,Hakozaki,33.61873,130.42293,POINT (130.42293 33.61873),https://digitaalerfgoed.poolparty.biz/globalise/d4dafba3-2344-4f5a-a94d-ed988069d0e5,village
GLOB2_E_59,Fammamats|Famamats|浜松|Hamamatsu,Hamamatsu,34.7,137.73333,POINT (137.73333 34.7),https://digitaalerfgoed.poolparty.biz/globalise/8e41887e-0111-4667-b209-9d0da933b7d8,town
GLOB2_E_6,Nederlandt|Dutch Republic,Dutch Republic,52.083,4.3,POINT (4.3 52.083),https://digitaalerfgoed.poolparty.biz/globalise/ebf26f69-b692-437a-b6fa-2bb4ae0ae95b,polity
GLOB2_E_60,Hanamizu Gawa|Hanamizu-gawa|Fanamikauwa|花水川,Hanamizu Gawa,35.31293,139.3353,POINT (139.3353 35.31293),https://digitaalerfgoed.poolparty.biz/globalise/cf7cc49f-738b-48b0-80a7-476244ba4919,river
GLOB2_E_61,Hara|Farra|原,Hara,35.12725,138.79541,POINT (138.79541 35.12725),https://digitaalerfgoed.poolparty.biz/globalise/d4dafba3-2344-4f5a-a94d-ed988069d0e5,village
GLOB2_E_62,Harima|播磨|Farima|Tharima,Harima,34.71667,134.86667,POINT (134.86667 34.71667),https://digitaalerfgoed.poolparty.biz/globalise/0e3137ad-bc4d-4da6-8ba3-f4fc5fe7058f,province
GLOB2_E_63,Henne met de kuijckens| 三ツ瀬|Mitsuse|Hen and Chicks|Mitsu-se,Mitsu-se,32.61584,129.70473,POINT (129.70473 32.61584),https://digitaalerfgoed.poolparty.biz/globalise/d8b4d9c6-11b3-430a-ba08-48eb1f3a8f56,island
GLOB2_E_64,鳥島|Harp's Island|Hen Island|Tori-shima|Torishima,Tori-shima,27.86667,128.23333,POINT (128.23333 27.86667),https://digitaalerfgoed.poolparty.biz/globalise/d8b4d9c6-11b3-430a-ba08-48eb1f3a8f56,island
GLOB2_E_65,Fibi|日比|Hibi|Fibij,Hibi,34.45445,133.92453,POINT (133.92453 34.45445),https://digitaalerfgoed.poolparty.biz/globalise/d4dafba3-2344-4f5a-a94d-ed988069d0e5,village
GLOB2_E_66,肥後|Higo|Fingo|Figo,Higo,32.6875,130.8675,POINT (130.8675 32.6875),https://digitaalerfgoed.poolparty.biz/globalise/0e3137ad-bc4d-4da6-8ba3-f4fc5fe7058f,province
GLOB2_E_67,Hime Shima|Himeshima|Fimissima|姫島,Hime Shima,33.57106,130.04893,POINT (130.04893 33.57106),https://digitaalerfgoed.poolparty.biz/globalise/d8b4d9c6-11b3-430a-ba08-48eb1f3a8f56,island
GLOB2_E_68,Fimij|Himi|日見,Himi,32.754583,129.946306,POINT (129.946306 32.754583),https://digitaalerfgoed.poolparty.biz/globalise/79dd26ba-f8df-4c5e-8783-27417a48fa99,inhabited place
GLOB2_E_69,Firacatta|枚方|Firakatta|Firaskatta|Hirakata,Hirakata,34.81352,135.64914,POINT (135.64914 34.81352),https://digitaalerfgoed.poolparty.biz/globalise/d4dafba3-2344-4f5a-a94d-ed988069d0e5,village
GLOB2_E_7,Oostceram|East Seram,East Seram,-3.39851,130.39167,POINT (130.39167 -3.39851),https://digitaalerfgoed.poolparty.biz/globalise/06278cc4-0ec4-4376-b869-8c21bf507894,region
GLOB2_E_70,Firatske|Firaski|平塚|Hiratsuka,Hiratsuka,35.32785,139.33735,POINT (139.33735 35.32785),https://digitaalerfgoed.poolparty.biz/globalise/d4dafba3-2344-4f5a-a94d-ed988069d0e5,village
GLOB2_E_71,肥前|Fisen|Figien|Fisien|Fiseen|Fusien|Hizen,Hizen,33.16667,130.0,POINT (130 33.16667),https://digitaalerfgoed.poolparty.biz/globalise/0e3137ad-bc4d-4da6-8ba3-f4fc5fe7058f,province
GLOB2_E_72,Foedagaja|Foedogaja|Fondangaij|Hodogaya|保土ヶ谷,Hodogaya,35.44579,139.58205,POINT (139.58205 35.44579),https://digitaalerfgoed.poolparty.biz/globalise/d4dafba3-2344-4f5a-a94d-ed988069d0e5,village
GLOB2_E_73,Foonsjo|本荘|Honjō,Honjō,33.20297,130.25305,POINT (130.25305 33.20297),https://digitaalerfgoed.poolparty.biz/globalise/b5c00516-6e14-4b47-b6e3-35286ad7af3f,suburb
GLOB2_E_74,Fioonga|兵庫|Hyōgo|Fiongo|Fiungo,Hyōgo,34.67965,135.16496,POINT (135.16496 34.67965),https://digitaalerfgoed.poolparty.biz/globalise/20d7cfe7-b3b1-4223-b2b4-d9f6ddb2e683,city
GLOB2_E_75,Ichinotani|一ノ谷|Issinotamij,Ichinotani,34.64106,135.10349,POINT (135.10349 34.64106),-,-
GLOB2_E_76,Iizuka|Isoeka|Itska|飯塚|Isucka,Iizuka,33.63654,130.68678,POINT (130.68678 33.63654),https://digitaalerfgoed.poolparty.biz/globalise/d4dafba3-2344-4f5a-a94d-ed988069d0e5,village
GLOB2_E_77,Inassa|Mount Inasa|Inasa|稲佐,Mount Inasa,32.752778,129.849444,POINT (129.849444 32.752778),https://digitaalerfgoed.poolparty.biz/globalise/168b4dfb-083c-4c4b-9bc8-4a824da53f0b,mountain
GLOB2_E_78,Iō Jima|Cavalhes|Cavallos Islands|Uvos|Ouvos|伊王島|Uwos|Iōshima,Iō Jima,32.70173,129.77656,POINT (129.77656 32.70173),https://digitaalerfgoed.poolparty.biz/globalise/25b09c82-eab3-41d4-9c36-831cfc2b496c,islands
GLOB2_E_79,Isahaya|諫早|Isaphaja|Isiphaja|Isaphaij,Isahaya,32.84111,130.04306,POINT (130.04306 32.84111),https://digitaalerfgoed.poolparty.biz/globalise/d4dafba3-2344-4f5a-a94d-ed988069d0e5,village
GLOB2_E_8,Langqiao|Lonckjouw|Lonckjauw|Loncquiouw,Langqiao,22.0,120.75,POINT (120.75 22),https://digitaalerfgoed.poolparty.biz/globalise/0e3137ad-bc4d-4da6-8ba3-f4fc5fe7058f,province
GLOB2_E_80,Isaki|Isaackje|伊崎|Isacki|IJzacq|Isackij,Isaki,33.95456,130.91882,POINT (130.91882 33.95456),https://digitaalerfgoed.poolparty.biz/globalise/d4dafba3-2344-4f5a-a94d-ed988069d0e5,village
GLOB2_E_81,伊勢|Ische|Issje|Isie|Ise,Ise,34.505,136.439722,POINT (136.439722 34.505),https://digitaalerfgoed.poolparty.biz/globalise/0e3137ad-bc4d-4da6-8ba3-f4fc5fe7058f,province
GLOB2_E_82,Issibe|石部|Ishibe|Itzibe,Ishibe,34.99955,136.06137,POINT (136.06137 34.99955),https://digitaalerfgoed.poolparty.biz/globalise/d4dafba3-2344-4f5a-a94d-ed988069d0e5,village
GLOB2_E_83,IJziakus|Isiacoets|Issiacuts|石薬師|Isiacuts|Ishiyakushi|Issiakus|Itsiakuts,Ishiyakushi,34.9,136.55,POINT (136.55 34.9),https://digitaalerfgoed.poolparty.biz/globalise/79dd26ba-f8df-4c5e-8783-27417a48fa99,inhabited place
GLOB2_E_84,Ikino Shima|Ishū|Isjou|壱州,Ikino Shima,33.78833,129.72417,POINT (129.72417 33.78833),https://digitaalerfgoed.poolparty.biz/globalise/d8b4d9c6-11b3-430a-ba08-48eb1f3a8f56,island
GLOB2_E_85,岩城|IJwarij|Iwaki,Iwaki,-,-,POINT EMPTY,https://digitaalerfgoed.poolparty.biz/globalise/79dd26ba-f8df-4c5e-8783-27417a48fa99,inhabited place
GLOB2_E_86,Eno Shima|江ノ島|Jesinussima|Enoshima,Eno Shima,33.00812,129.34998,POINT (129.34998 33.00812),https://digitaalerfgoed.poolparty.biz/globalise/d8b4d9c6-11b3-430a-ba08-48eb1f3a8f56,island
GLOB2_E_87,Jinoshima|Ginussima|Jino Shima|Sinussima|地ノ島|Simissima|Sinoijssima,Jino Shima,33.90447,130.49756,POINT (130.49756 33.90447),https://digitaalerfgoed.poolparty.biz/globalise/d8b4d9c6-11b3-430a-ba08-48eb1f3a8f56,island
GLOB2_E_88,Kabe Shima|加部島|Cabessima|Kabeshima,Kabe Shima,33.55601,129.88143,POINT (129.88143 33.55601),https://digitaalerfgoed.poolparty.biz/globalise/d8b4d9c6-11b3-430a-ba08-48eb1f3a8f56,island
GLOB2_E_89,Cassia nosima|Casimena Oijssima|Ō Shima|Kajime-no-Ōshima|Casimena Oijsime|梶目ノ大島,Ō Shima,33.90222,130.42414,POINT (130.42414 33.90222),https://digitaalerfgoed.poolparty.biz/globalise/d8b4d9c6-11b3-430a-ba08-48eb1f3a8f56,island
GLOB2_E_9,Songopago|Sungai Pagu|Songipago|Sungai Pagun,Sungai Pagu,-1.45583,101.08278,POINT (101.08278 -1.45583),https://digitaalerfgoed.poolparty.biz/globalise/6f1f178a-fa6f-4553-a723-99f9d909a771,kingdom
GLOB2_E_90,掛川|Kakingawa|Kackingawa|Kakegawa|Kackengauwa|Kockingauwa,Kakegawa,34.76667,138.01667,POINT (138.01667 34.76667),https://digitaalerfgoed.poolparty.biz/globalise/8e41887e-0111-4667-b209-9d0da933b7d8,town
GLOB2_E_91,Cammagarij|Cammagari|Cammangarij|蒲刈|Cammangari|Kamagari Islands|Kamagari,Kamagari Islands,34.18614,132.72541,POINT (132.72541 34.18614),https://digitaalerfgoed.poolparty.biz/globalise/25b09c82-eab3-41d4-9c36-831cfc2b496c,islands
GLOB2_E_92,Cammejamma|Chamma-jammae|Kameyama|亀山|Chammenjamma,Kameyama,34.85,136.45,POINT (136.45 34.85),https://digitaalerfgoed.poolparty.biz/globalise/20d7cfe7-b3b1-4223-b2b4-d9f6ddb2e683,city
GLOB2_E_93,Kaminoseki|Camenosicke|Cammenoseki|Cammoniseecki|Kamenasekij|上関|Caminosekij|Cammenoseeckij|Cammonesequij|Camenosickij|Cammenosicqui,Kaminoseki,33.83338,132.10932,POINT (132.10932 33.83338),https://digitaalerfgoed.poolparty.biz/globalise/20d7cfe7-b3b1-4223-b2b4-d9f6ddb2e683,city
GLOB2_E_94,家室|Kamuro|Okikamuro-jima|Camoro|Camro,Okikamuro-jima,33.85196,132.3634,POINT (132.3634 33.85196),https://digitaalerfgoed.poolparty.biz/globalise/d8b4d9c6-11b3-430a-ba08-48eb1f3a8f56,island
GLOB2_E_95,Cannangauwa|Cammagawa|Kanagawa|神奈川|Camagauwa,Kanagawa,35.48564,139.61876,POINT (139.61876 35.48564),https://digitaalerfgoed.poolparty.biz/globalise/79dd26ba-f8df-4c5e-8783-27417a48fa99,inhabited place
GLOB2_E_96,Canaje|Cangje|Canaija|Cannaja|Kanaya|Canaije|Canaya|金谷|Canaja,Kanaya,34.82022,138.12775,POINT (138.12775 34.82022),https://digitaalerfgoed.poolparty.biz/globalise/d4dafba3-2344-4f5a-a94d-ed988069d0e5,village
GLOB2_E_97,Cambare|Cambara|Cambarra|蒲原|Cambaro|Combara|Kanbara,Kanbara,35.11738,138.60687,POINT (138.60687 35.11738),https://digitaalerfgoed.poolparty.biz/globalise/d4dafba3-2344-4f5a-a94d-ed988069d0e5,village
GLOB2_E_98,Kanezaki|鐘崎|Canneijsackij,Kanezaki,33.87713,130.53152,POINT (130.53152 33.87713),https://digitaalerfgoed.poolparty.biz/globalise/d4dafba3-2344-4f5a-a94d-ed988069d0e5,village
GLOB2_E_99,Kanzaki|Kansacki|Cansackij|神崎,Kanzaki,33.30895,130.37383,POINT (130.37383 33.30895),https://digitaalerfgoed.poolparty.biz/globalise/d4dafba3-2344-4f5a-a94d-ed988069d0e5,village
GLOB_1,Aboeboe|Aboebo|Abubu|Abobo,Abubu,-3.692153,128.789113,POINT (128.789113 -3.692153),https://digitaalerfgoed.poolparty.biz/globalise/7c1af419-926c-47c9-9450-05dc5849c05c,negorij [PROBLEMATIC TERM]
GLOB_10,Baypin|Vypin|Baaypinnanden|Baypien|Baaijpin|Baypen|Vaipin|Vypeen|Baijpin|Baipin|Waipin,Vypin,9.983333333|9.9833333333333,76.241666666667|76.24166667,POINT (76.241667 9.983333),https://digitaalerfgoed.poolparty.biz/globalise/d8b4d9c6-11b3-430a-ba08-48eb1f3a8f56,island
GLOB_100,Chicacol|Sicacol|Srikakulam|Siccacol|Gicacol,Srikakulam,18.296,83.897,POINT (83.897 18.296),http://digitaalerfgoed.poolparty.biz/globalise/20d7cfe7-b3b1-4223-b2b4-d9f6ddb2e683|http://digitaalerfgoed.poolparty.biz/globalise/2b007e6a-a299-413b-bc7f-51e69a9e1fab,city|capital
GLOB_101,Salido Ketjil|Silledo|Silida|Zilida|Zelida|Salide|Salida|Sillida|Zillida,Salide,-1.3291,100.57112,POINT (100.57112 -1.3291),https://digitaalerfgoed.poolparty.biz/globalise/7c1af419-926c-47c9-9450-05dc5849c05c,negorij [PROBLEMATIC TERM]
GLOB_102,Chingleput|Singlepette|Chengalpattu|Singelepette,Chengalpattu,12.69184,79.97661,POINT (79.97661 12.69184),http://digitaalerfgoed.poolparty.biz/globalise/40217104-de46-42ed-80c8-480fac1f8706,district
GLOB_103,Sincol|Chincol|Sinkol|Chinkol|Singkil|Singkel,Singkil,2.270915,97.811269,POINT (97.811269 2.270915),https://digitaalerfgoed.poolparty.biz/globalise/d4dafba3-2344-4f5a-a94d-ed988069d0e5,village
GLOB_104,Sonnebay|Sonbait|Sonba'i,Sonba'i,-9.52889,124.425,POINT (124.425 -9.52889),http://digitaalerfgoed.poolparty.biz/globalise/6f1f178a-fa6f-4553-a723-99f9d909a771,kingdom
GLOB_105,Soping|Soppeng|Sopeng|Sopèng|Watansoppeng,Watansoppeng,-4.354526,119.879976,POINT (119.879976 -4.354526),https://digitaalerfgoed.poolparty.biz/globalise/6f1f178a-fa6f-4553-a723-99f9d909a771,kingdom
GLOB_107,Tacauw|Tiku|Tikoes|Ticou|Tico|Ticous,Tiku,-0.3958,99.92307,POINT (99.92307 -0.3958),https://digitaalerfgoed.poolparty.biz/globalise/93a0b2c9-ad9a-4bab-8620-11b5c1e01f37,port
GLOB_108,Tifore|Tafure|Pulau Tifore|Tafoure|Taffoery,Pulau Tifore,0.97348,126.14082,POINT (126.14082 0.97348),http://digitaalerfgoed.poolparty.biz/globalise/d8b4d9c6-11b3-430a-ba08-48eb1f3a8f56,island
GLOB_109,Trankebar|Trangabarij|Tharangambadi|Tranquebaar|Tranquebare|Tranckebare|Trangebare,Tharangambadi,11.02764,79.85425,POINT (79.85425 11.02764),http://digitaalerfgoed.poolparty.biz/globalise/79dd26ba-f8df-4c5e-8783-27417a48fa99,settlement
GLOB_10_GEO_1,T Eyland Baaypinnanden|Vypin Island|Eyland Baypien|'t Eyland Baypien van den Koning van Cochim,Vypin Island,9.983333333,76.24166667,POINT (76.241667 9.983333),https://digitaalerfgoed.poolparty.biz/globalise/d8b4d9c6-11b3-430a-ba08-48eb1f3a8f56,island
GLOB_10_HUM_1,Kerk van Baypien|Roomsche Kerk van Baaijpin|Vypin (Church)|Baijpin,Vypin (Church),9.983333333,76.24166667,POINT (76.241667 9.983333),https://digitaalerfgoed.poolparty.biz/globalise/d988ee0d-6b1c-4ba3-96f5-a95a5fd672da,church
GLOB_11,Pulau Bangka|Banka|Banca|Bankas|Bangka,Pulau Bangka,1.7968,125.153,POINT (125.153 1.7968),http://digitaalerfgoed.poolparty.biz/globalise/d8b4d9c6-11b3-430a-ba08-48eb1f3a8f56,island
GLOB_110,Trisieur|Tritchoer|Trichur|Thrissur|Tritsjoer,Thrissur,10.51667,76.21667,POINT (76.21667 10.51667),http://digitaalerfgoed.poolparty.biz/globalise/20d7cfe7-b3b1-4223-b2b4-d9f6ddb2e683,city
GLOB_111,Triwiloer|Tiruvalur|Thiruvarur|Triwaloer|Tawaloer,Thiruvarur,10.77269,79.6368,POINT (79.6368 10.77269),https://digitaalerfgoed.poolparty.biz/globalise/8e41887e-0111-4667-b209-9d0da933b7d8,town
GLOB_112,Warkai|Pulau Workai|Workai|Wirkay|Warkay|Wirkai,Pulau Workai,-6.683388,134.698884,POINT (134.698884 -6.683388),http://digitaalerfgoed.poolparty.biz/globalise/d8b4d9c6-11b3-430a-ba08-48eb1f3a8f56,island
GLOB_113,Hochieuw|Fu-tsjou|Hockzeo|Hoccheo|Hockcheeuw|Fuzhou|Hocksieuw|Hockseo|Fucheo|Fu-Tsjou|Hocsiuw|福州|Hochsieu|Hoksieu|Hocksieu|Focheu|Hockzieuw|Hockseuw|Hocsieu|Houcksieuw|Hocheo,Fuzhou,26.058633,119.306345,POINT (119.306345 26.058633),http://digitaalerfgoed.poolparty.biz/globalise/20d7cfe7-b3b1-4223-b2b4-d9f6ddb2e683|http://digitaalerfgoed.poolparty.biz/globalise/93a0b2c9-ad9a-4bab-8620-11b5c1e01f37,port|city
GLOB_114,Fukuoka|Fakkatta|Hakata|Facatta|博多|Fakata,Fukuoka,33.6,130.41667,POINT (130.41667 33.6),http://digitaalerfgoed.poolparty.biz/globalise/93a0b2c9-ad9a-4bab-8620-11b5c1e01f37,port
GLOB_115,Bangaij|Bongay|Banggai|Pulau Banggai|Gapi|Bengaaij|Bangay,Pulau Banggai,-1.611345,123.558311,POINT (123.558311 -1.611345),http://digitaalerfgoed.poolparty.biz/globalise/d8b4d9c6-11b3-430a-ba08-48eb1f3a8f56,island
GLOB_116,小琉球|Xiao Liuqiu|Lambai|Lamei|Lamey|Lamay|Gouden Leeuwseiland|Liuqiu Yu,Liuqiu Yu,22.34045,120.37151,POINT (120.37151 22.34045),http://digitaalerfgoed.poolparty.biz/globalise/d8b4d9c6-11b3-430a-ba08-48eb1f3a8f56,island
GLOB_117,Perzische Golf|Persian Gulf|Golffo,Persian Gulf,27.0,51.0,POINT (51 27),http://digitaalerfgoed.poolparty.biz/globalise/f4f67f28-f00c-4888-a286-f712d82aa9a2,gulf
GLOB_118,Lamoa|Nanao|南澳|Lamo|Namoa|Nan’ao Dao|La Moa|Lamoe,Nan’ao Dao,23.43357,117.05296,POINT (117.05296 23.43357),http://digitaalerfgoed.poolparty.biz/globalise/d8b4d9c6-11b3-430a-ba08-48eb1f3a8f56,island
GLOB_119,Xiaojinmen Dao|Lessou|Lieh-hsü,Xiaojinmen Dao,24.43316,118.24472,POINT (118.24472 24.43316),http://digitaalerfgoed.poolparty.biz/globalise/d8b4d9c6-11b3-430a-ba08-48eb1f3a8f56,island
GLOB_12,Bassora|Balsra|Bassoera|Al Basrah|Bassura|Basrah|Bassoura|Basra|Baçora,Basrah,30.523193,47.83468,POINT (47.83468 30.523193),https://digitaalerfgoed.poolparty.biz/globalise/20d7cfe7-b3b1-4223-b2b4-d9f6ddb2e683,city
GLOB_120,"Aur, Pulu|Aur|Laur|Auer|Pulau Aur",Pulau Aur,2.44969,104.52109,POINT (104.52109 2.44969),http://digitaalerfgoed.poolparty.biz/globalise/d8b4d9c6-11b3-430a-ba08-48eb1f3a8f56,island
GLOB_121,Salang|Ko Phuket|Jung Ceylon|Tanjongh Selang|Oedjang Salang|Udjung Salang|Udjung Selang,Ko Phuket,7.880726,98.36666667,POINT (98.366667 7.880726),http://digitaalerfgoed.poolparty.biz/globalise/d8b4d9c6-11b3-430a-ba08-48eb1f3a8f56,island
GLOB_122,Jortan|Jaratan|Djaratan,Jaratan,-7.158806,112.646055,POINT (112.646055 -7.158806),http://digitaalerfgoed.poolparty.biz/globalise/93a0b2c9-ad9a-4bab-8620-11b5c1e01f37,port
GLOB_123,Oostkust|Java's Eastern Coast|Oostkust van Java|Java's Oostkust,Java's Eastern Coast,-7.628886,112.9594,POINT (112.9594 -7.628886),https://digitaalerfgoed.poolparty.biz/globalise/06278cc4-0ec4-4376-b869-8c21bf507894,region
GLOB_124,Keelung|Quelang|Kelan|Kelang|Chi-lung|Jilong|Kelangh|Heping Dao|Heping|Ki-Lung,Heping Dao,25.156956,121.765803,POINT (121.765803 25.156956),http://digitaalerfgoed.poolparty.biz/globalise/d8b4d9c6-11b3-430a-ba08-48eb1f3a8f56,island
GLOB_125,Bagdat|Baghdad|Bagadeth|Bagdad,Baghdad,33.33333333,44.43333333,POINT (44.433333 33.333333),http://digitaalerfgoed.poolparty.biz/globalise/20d7cfe7-b3b1-4223-b2b4-d9f6ddb2e683,city
GLOB_126,"Lirang|Pulau Liran|Babi, Pulau|Liran|Lierong",Pulau Liran,-8.01275,125.7459,POINT (125.7459 -8.01275),http://digitaalerfgoed.poolparty.biz/globalise/d8b4d9c6-11b3-430a-ba08-48eb1f3a8f56,island
GLOB_127,Halmaheira|Halmaherra|Batutjina|Halamahera|Pulau Halmahera,Pulau Halmahera,0.6,127.85,POINT (127.85 0.6),http://digitaalerfgoed.poolparty.biz/globalise/d8b4d9c6-11b3-430a-ba08-48eb1f3a8f56,island
GLOB_129,Ambonia|Amboyna|Amboina|Pulau Ambon|Ambon,Pulau Ambon,-3.706666667,128.1647222,POINT (128.164722 -3.706667),http://digitaalerfgoed.poolparty.biz/globalise/d8b4d9c6-11b3-430a-ba08-48eb1f3a8f56,island
GLOB_13,Battahan|Batahan,Batahan,0.4005,99.1385,POINT (99.1385 0.4005),http://digitaalerfgoed.poolparty.biz/globalise/d1f592cd-dec1-4f42-bb73-930ce816dfaf,landschap
GLOB_130,Indragiri|Andragierij|Andrahira|Andragirij|Indragiri River|Andragiry|Indragirj|Andragiri,Indragiri River,-0.381494,102.339056,POINT (102.339056 -0.381494),http://digitaalerfgoed.poolparty.biz/globalise/cf7cc49f-738b-48b0-80a7-476244ba4919,river
GLOB_132,Ikitsuki|Cotche|Ikitsuki Shima,Ikitsuki Shima,33.38269,129.4211,POINT (129.4211 33.38269),http://digitaalerfgoed.poolparty.biz/globalise/d8b4d9c6-11b3-430a-ba08-48eb1f3a8f56,island
GLOB_133,Edo|Jedo|Tokio|江戸|Tokyo|Yedo,Tokyo,35.67972088,139.7632568,POINT (139.763257 35.679721),https://digitaalerfgoed.poolparty.biz/globalise/20d7cfe7-b3b1-4223-b2b4-d9f6ddb2e683|https://digitaalerfgoed.poolparty.biz/globalise/2b007e6a-a299-413b-bc7f-51e69a9e1fab,city|capital
GLOB_134,Johor|Johore|Djohore|Ior,Johor,1.48722,103.781,POINT (103.781 1.48722),http://digitaalerfgoed.poolparty.biz/globalise/6f1f178a-fa6f-4553-a723-99f9d909a771,kingdom
GLOB_135,Chincheu|Tsjintsjoe|Jiulong|Chincheo,Chincheo,24.49359,117.7862,POINT (117.7862 24.49359),-,-
GLOB_135_GEO_1,Chincheo|Jiulong|Jiulong Jiang|Chincheu|Tsjintsjoe,Jiulong Jiang,24.49359,117.7862,POINT (117.7862 24.49359),http://digitaalerfgoed.poolparty.biz/globalise/cf7cc49f-738b-48b0-80a7-476244ba4919,river
GLOB_135_HUM_1,Cancieuw|Chincheo|Zhangzhou|Chincheu|Chancheo|Cancheo|Sancheo|Tsjintsjoe|漳州|Chanchouw|Chanchseo,Zhangzhou,24.51333,117.65556,POINT (117.65556 24.51333),http://digitaalerfgoed.poolparty.biz/globalise/20d7cfe7-b3b1-4223-b2b4-d9f6ddb2e683,city
GLOB_135_HUM_2,Chincheu|Tsjintsjoe|Chincheo,Chincheo,24.49359,117.7862,POINT (117.7862 24.49359),http://digitaalerfgoed.poolparty.biz/globalise/06278cc4-0ec4-4376-b869-8c21bf507894,region
GLOB_136,Tjampa|Champa|占城,Champa,13.8833,109.1167,POINT (109.1167 13.8833),http://digitaalerfgoed.poolparty.biz/globalise/6f1f178a-fa6f-4553-a723-99f9d909a771,kingdom
GLOB_137,Spanje|Castilië|Castella|Castile,Castile,41.0,-3.5,POINT (-3.5 41),http://digitaalerfgoed.poolparty.biz/globalise/06278cc4-0ec4-4376-b869-8c21bf507894|http://digitaalerfgoed.poolparty.biz/globalise/ebf26f69-b692-437a-b6fa-2bb4ae0ae95b,region|polity
GLOB_138,Siriangh|Syriam|Sierangh|Sierang|Siriang|Serang|Siriam,Syriam,16.764604,96.244683,POINT (96.244683 16.764604),https://digitaalerfgoed.poolparty.biz/globalise/93a0b2c9-ad9a-4bab-8620-11b5c1e01f37,port
GLOB_14,Bachian|Batchiaan|Batschian|Batchian|Batjan|Batcian|Pulau Bacan|Bakian|Bacan|Batchiam,Pulau Bacan,-0.419537,127.42555,POINT (127.42555 -0.419537),http://digitaalerfgoed.poolparty.biz/globalise/d8b4d9c6-11b3-430a-ba08-48eb1f3a8f56,island
GLOB_140,Samanka|Teluk Semangka|Samanca|Semangka,Teluk Semangka,-5.66537,104.73566,POINT (104.73566 -5.66537),http://digitaalerfgoed.poolparty.biz/globalise/6798ed1b-27a6-4113-9cd8-a78f68b94e7c,bay
GLOB_141,Lucelle|Lisiella|Lesiela|Luciela|Luciella|Lessiele,Lesiela,-3.401596,127.977209,POINT (127.977209 -3.401596),-,-
GLOB_141_HUM_1,Lucelle|Lisiella|Lesiela|Luciela|Luciella|Lessiele,Lesiela,-3.401596,127.977209,POINT (127.977209 -3.401596),http://digitaalerfgoed.poolparty.biz/globalise/79dd26ba-f8df-4c5e-8783-27417a48fa99,settlement
GLOB_141_HUM_2,Lucelle|Lisiella|Lesiela|Luciela|Luciella|Lessiele,Lesiela,-3.401596,127.977209,POINT (127.977209 -3.401596),http://digitaalerfgoed.poolparty.biz/globalise/84767cdb-cabe-4384-9e51-faca2ae3b864,fort
GLOB_142,Visiapour|Bijapur|Vijayapura,Vijayapura,16.78333333,75.8,POINT (75.8 16.783333),https://digitaalerfgoed.poolparty.biz/globalise/6f1f178a-fa6f-4553-a723-99f9d909a771,kingdom
GLOB_143,Verbrande Eilanden|Vengurla Rocks|Ilhas Queimadas|Ilheos Queymados,Vengurla Rocks,15.91283,73.4696,POINT (73.4696 15.91283),http://digitaalerfgoed.poolparty.biz/globalise/25b09c82-eab3-41d4-9c36-831cfc2b496c,islands
GLOB_144,大村|Ōmura|Umbra|Unbra|Ombra|Oemra|Oemera|Omura,Ōmura,32.9333,129.9667,POINT (129.9667 32.9333),http://digitaalerfgoed.poolparty.biz/globalise/8e41887e-0111-4667-b209-9d0da933b7d8,town
GLOB_145,Zuydland|Australi|Australie|Australia|Terra Australis|Zuidland|Terres australes,Australia,-23.958161,132.600737,POINT (132.600737 -23.958161),https://digitaalerfgoed.poolparty.biz/globalise/06278cc4-0ec4-4376-b869-8c21bf507894,region
GLOB_147,Tayouwan|Tajouan|Pakan|Taijouan|Tayouhan|Taijovan|Taiwan|台湾|Formosa|Tayouan|Thaiwan|Tajouhan,Taiwan,23.801327,121.051003,POINT (121.051003 23.801327),https://digitaalerfgoed.poolparty.biz/globalise/d8b4d9c6-11b3-430a-ba08-48eb1f3a8f56,island
GLOB_148,"Thomas, Sint|Maylapoer|San Thome|Thomas, St|St Thomas|Meliapore|Thomé, St|Meliapur|St Thomé|Meliapour|Mylapore",Mylapore,13.002718,80.1928,POINT (80.1928 13.002718),-,-
GLOB_148_HUM_1,"Thomas, Sint|Maylapoer|San Thome|Thomas, St|St Thomas|Meliapore|Thomé, St|Meliapur|St Thomé|Meliapour|Mylapore",Mylapore,13.002718,80.1928,POINT (80.1928 13.002718),http://digitaalerfgoed.poolparty.biz/globalise/8e41887e-0111-4667-b209-9d0da933b7d8|http://digitaalerfgoed.poolparty.biz/globalise/93a0b2c9-ad9a-4bab-8620-11b5c1e01f37,port|town
GLOB_148_HUM_2,"Thomas, Sint|Maylapoer|San Thome|Thomas, St|St Thomas|Meliapore|Thomé, St|Meliapur|St Thomé|Meliapour|Mylapore",Mylapore,13.002718,80.1928,POINT (80.1928 13.002718),http://digitaalerfgoed.poolparty.biz/globalise/7ae1058d-6313-435b-a30a-fd1c1b2ac9ee,trading post
GLOB_149,Nancquin|Nanquin|Nanjing|南京|Nanckin|Nanquyn|Nankijn|Nangking|Nanking,Nanjing,32.06167,118.77778,POINT (118.77778 32.06167),http://digitaalerfgoed.poolparty.biz/globalise/0e3137ad-bc4d-4da6-8ba3-f4fc5fe7058f,province
GLOB_151,"Ay|Poelo Aij|Pulowaij|Pulau Ai|Pouloway|Aij|Ai, Pulau|Ay, Poelo|Ai",Pulau Ai,-4.528169,129.773569,POINT (129.773569 -4.528169),http://digitaalerfgoed.poolparty.biz/globalise/d8b4d9c6-11b3-430a-ba08-48eb1f3a8f56,island
GLOB_152,Ormuz|Jazireh-ye Hormoz|Ornus|Hormuz|Hormoz|Ormus|Hormus,Jazireh-ye Hormoz,27.067686,54.463432,POINT (54.463432 27.067686),https://digitaalerfgoed.poolparty.biz/globalise/d8b4d9c6-11b3-430a-ba08-48eb1f3a8f56,island
GLOB_153,Pantjiano|Pangasane|Pantchiano|Panchiano|Pulau Muna|Muna Island|Muna|Pantsjao|Pantsjano,Muna Island,-4.974116,122.516363,POINT (122.516363 -4.974116),http://digitaalerfgoed.poolparty.biz/globalise/d8b4d9c6-11b3-430a-ba08-48eb1f3a8f56,island
GLOB_154,Moffaquia|Gnofficquia|Ngofakiaha|Moffagita|Gnoffaquia,Ngofakiaha,0.36628,127.419176,POINT (127.419176 0.36628),http://digitaalerfgoed.poolparty.biz/globalise/7c1af419-926c-47c9-9450-05dc5849c05c,negorij [PROBLEMATIC TERM]
GLOB_156,Jeddah|Juda|Djeddah|Jiddah|Sjedda|Cidade de Iudda|Jedda,Jeddah,21.560393,39.163055,POINT (39.163055 21.560393),https://digitaalerfgoed.poolparty.biz/globalise/93a0b2c9-ad9a-4bab-8620-11b5c1e01f37,port
GLOB_158,Benderabasi|Gamron|Bandar Abbas|Bandar-e Abbas|Gamroon|Gombrou,Bandar Abbas,27.178951,56.275485,POINT (56.275485 27.178951),https://digitaalerfgoed.poolparty.biz/globalise/20d7cfe7-b3b1-4223-b2b4-d9f6ddb2e683|https://digitaalerfgoed.poolparty.biz/globalise/93a0b2c9-ad9a-4bab-8620-11b5c1e01f37,port|city
GLOB_159,Harispur|Hariçpur|Arsapour,Harispur,20.29541,86.71094,POINT (86.71094 20.29541),http://digitaalerfgoed.poolparty.biz/globalise/20d7cfe7-b3b1-4223-b2b4-d9f6ddb2e683|http://digitaalerfgoed.poolparty.biz/globalise/93a0b2c9-ad9a-4bab-8620-11b5c1e01f37,port|city
GLOB_16,Bihar|Behaar|Bohaar|Bhaar,Bihar,25.75,85.75,POINT (85.75 25.75),https://digitaalerfgoed.poolparty.biz/globalise/0e3137ad-bc4d-4da6-8ba3-f4fc5fe7058f,province
GLOB_162,Champelle|Cù Lao Chàm|Champello|Culao-Cham,Cù Lao Chàm,15.95562,108.51574,POINT (108.51574 15.95562),http://digitaalerfgoed.poolparty.biz/globalise/d8b4d9c6-11b3-430a-ba08-48eb1f3a8f56,island
GLOB_163,Chattogram|Satagang|Chatigan|Satigan|Chittagong,Chattogram,22.327767,91.825347,POINT (91.825347 22.327767),https://digitaalerfgoed.poolparty.biz/globalise/93a0b2c9-ad9a-4bab-8620-11b5c1e01f37,port
GLOB_164,Tiruchendur|Tiruchchendur |Tiruchchendur|Tristenadour,Tiruchchendur,8.49725,78.11906,POINT (78.11906 8.49725),-,-
GLOB_164_HUM_1,Subrahmanyaswāmi Kovil|Tiruchendur|Tiruchchendur |Tristenadour,Subrahmanyaswāmi Kovil,8.49592,78.12935,POINT (78.12935 8.49592),http://digitaalerfgoed.poolparty.biz/globalise/02db354d-bbd0-4122-aa18-00d6fe8cba28,temple
GLOB_164_HUM_2,Tiruchendur|Tiruchchendur |Tiruchchendur|Tristenadour,Tiruchchendur,8.49725,78.11906,POINT (78.11906 8.49725),http://digitaalerfgoed.poolparty.biz/globalise/93a0b2c9-ad9a-4bab-8620-11b5c1e01f37,port
GLOB_165,Billitotte|Welitara|Billitota,Welitara,6.2901,80.0427,POINT (80.0427 6.2901),http://digitaalerfgoed.poolparty.biz/globalise/8e41887e-0111-4667-b209-9d0da933b7d8,town
GLOB_166,Verasherom|Veeravasaram|Virvasaram|Wierwasseron|Wierwasserom,Veeravasaram,16.53667,81.6283,POINT (81.6283 16.53667),http://digitaalerfgoed.poolparty.biz/globalise/8e41887e-0111-4667-b209-9d0da933b7d8,town
GLOB_167,"Berhala|Varella, Pulau|Pulau Berhala|Poelo Verrelle",Pulau Berhala,-0.85907,104.40581,POINT (104.40581 -0.85907),http://digitaalerfgoed.poolparty.biz/globalise/d8b4d9c6-11b3-430a-ba08-48eb1f3a8f56,island
GLOB_168,Kaohsiung|高雄|Tackays|Tankoja|Tanckoya,Kaohsiung,22.63429,120.36621,POINT (120.36621 22.63429),http://digitaalerfgoed.poolparty.biz/globalise/d4dafba3-2344-4f5a-a94d-ed988069d0e5,village
GLOB_17,Vattakumkur|Bercencoor|Vatakkumkur|Beccencoer|Berkenkur|Berkenkoer|Vadakkumkur,Vadakkumkur,9.5,-,POINT EMPTY,http://digitaalerfgoed.poolparty.biz/globalise/e2aea655-e60c-47a1-96d8-4c2fd0f92ba2|http://digitaalerfgoed.poolparty.biz/globalise/6f1f178a-fa6f-4553-a723-99f9d909a771,kingdom|principality
GLOB_170,Elpaputih|Kelaputi|Elpaputi|Quelkepouty|Quelque Poete,Elpaputi,-3.19389,128.70194,POINT (128.70194 -3.19389),-,-
GLOB_170_GEO_1,Elpaputih|Teluk Elpaputih|Kelaputi|Quelkepouty|Quelque Poete,Teluk Elpaputih,-3.29219,128.85899,POINT (128.85899 -3.29219),http://digitaalerfgoed.poolparty.biz/globalise/6798ed1b-27a6-4113-9cd8-a78f68b94e7c,bay
GLOB_170_HUM_1,Elpaputih|Kelaputi|Elpaputi|Quelkepouty|Quelque Poete,Elpaputi,-3.19389,128.70194,POINT (128.70194 -3.19389),http://digitaalerfgoed.poolparty.biz/globalise/7c1af419-926c-47c9-9450-05dc5849c05c,negorij [PROBLEMATIC TERM]
GLOB_171,Nghe-an|Nghệ An|Giang,Nghệ An,19.25,104.91667,POINT (104.91667 19.25),http://digitaalerfgoed.poolparty.biz/globalise/0e3137ad-bc4d-4da6-8ba3-f4fc5fe7058f,province
GLOB_172,"Ngazidja|Angazidja|Comore, Grande|Gasitsia",Ngazidja,-11.58611,43.33306,POINT (43.33306 -11.58611),http://digitaalerfgoed.poolparty.biz/globalise/d8b4d9c6-11b3-430a-ba08-48eb1f3a8f56,island
GLOB_173,Timboij|Groningerbaai|Jieshi Wan,Jieshi Wan,22.81348,115.66076,POINT (115.66076 22.81348),http://digitaalerfgoed.poolparty.biz/globalise/6798ed1b-27a6-4113-9cd8-a78f68b94e7c,bay
GLOB_175,Baixos de Pedro|Bassas de Pedro|Baixos de Padua,Bassas de Pedro,13.11667,72.41667,POINT (72.41667 13.11667),http://digitaalerfgoed.poolparty.biz/globalise/bd0dfde6-0fb2-476b-ad5e-2f63ed7787ff,bank
GLOB_176,Baliepatan |Valarpattanam|Ballipatan|Bellepatnam|Palypatan|Balepatan|Azhikkal|Baliapatam|Baliapatnam,Azhikkal,11.94043,75.30512,POINT (75.30512 11.94043),https://digitaalerfgoed.poolparty.biz/globalise/93a0b2c9-ad9a-4bab-8620-11b5c1e01f37,port
GLOB_176_GEO_1,Baliepatan |Ballipatan|Bellepatnam|Palypatan|Balepatan|Valapattanam River|Baliapatnam,Valapattanam River,11.94553,75.29931,POINT (75.29931 11.94553),https://digitaalerfgoed.poolparty.biz/globalise/cf7cc49f-738b-48b0-80a7-476244ba4919,river
GLOB_176_HUM_1,Baliepatan |Ballipatan|Bellepatnam|Palypatan|Balepatan|Azhikkal (City),Azhikkal (City),11.94043,75.30512,POINT (75.30512 11.94043),https://digitaalerfgoed.poolparty.biz/globalise/20d7cfe7-b3b1-4223-b2b4-d9f6ddb2e683,city
GLOB_177,"Carredivo|Caretivo|Caretivoe|Amsterdam, Eiland|Amsterdam (eiland)|Karaitivu",Karaitivu,9.737144,79.876928,POINT (79.876928 9.737144),http://digitaalerfgoed.poolparty.biz/globalise/d8b4d9c6-11b3-430a-ba08-48eb1f3a8f56,island
GLOB_178,Ceith|Ceit|Cheijt|Sait|Seyt|Seijt|Zeyt|Ceyt|Zaijdt|Said|Zeijth,Said,-3.593775,128.03431,POINT (128.03431 -3.593775),http://digitaalerfgoed.poolparty.biz/globalise/7c1af419-926c-47c9-9450-05dc5849c05c,negorij [PROBLEMATIC TERM]
GLOB_17_HUM_1,Vadakkumkur (Principality)|'t Land van Berkenkoer|T' Land van Bercencoor,Vadakkumkur (Principality),9.5,-,POINT EMPTY,https://digitaalerfgoed.poolparty.biz/globalise/e2aea655-e60c-47a1-96d8-4c2fd0f92ba2,principality
GLOB_18,Pulau Belitung|Billiton|Bliton|Biliton,Pulau Belitung,-2.83333,107.91667,POINT (107.91667 -2.83333),http://digitaalerfgoed.poolparty.biz/globalise/d8b4d9c6-11b3-430a-ba08-48eb1f3a8f56,island
GLOB_180,Cailjeran|Berbeiro,Berbeiro,-,-,POINT EMPTY,http://digitaalerfgoed.poolparty.biz/globalise/cf7cc49f-738b-48b0-80a7-476244ba4919,river
GLOB_181,Delhi|Sjahjahanabad|Dhillij|Delhi (India)|Dillij,Delhi (India),28.65195,77.23149,POINT (77.23149 28.65195),http://digitaalerfgoed.poolparty.biz/globalise/20d7cfe7-b3b1-4223-b2b4-d9f6ddb2e683|http://digitaalerfgoed.poolparty.biz/globalise/2b007e6a-a299-413b-bc7f-51e69a9e1fab,city|capital
GLOB_183,Sijang|Pangkadjene|Pangkajene|Sijan|Siang,Pangkajene,-4.8333,119.55,POINT (119.55 -4.8333),http://digitaalerfgoed.poolparty.biz/globalise/0e3137ad-bc4d-4da6-8ba3-f4fc5fe7058f|http://digitaalerfgoed.poolparty.biz/globalise/d1f592cd-dec1-4f42-bb73-930ce816dfaf,province|landschap
GLOB_184,Mad|Madagascar|St. Laurens|Madagscar|Madagaskar,Madagascar,-19.791028,46.538351,POINT (46.538351 -19.791028),https://digitaalerfgoed.poolparty.biz/globalise/d8b4d9c6-11b3-430a-ba08-48eb1f3a8f56,island
GLOB_185,Kepulauan Langkesi|Langkèsi|St. Matheus,Kepulauan Langkesi,-5.3,124.33333,POINT (124.33333 -5.3),http://digitaalerfgoed.poolparty.biz/globalise/d8b4d9c6-11b3-430a-ba08-48eb1f3a8f56,island
GLOB_188,Sawakon|Sawaccon|Sawacon|Sambaliung,Sambaliung,2.18333,117.5,POINT (117.5 2.18333),http://digitaalerfgoed.poolparty.biz/globalise/d1f592cd-dec1-4f42-bb73-930ce816dfaf,landschap
GLOB_189,Ujung Pandang|Maccassar|Makassar|Maccasser|Macasser|Oedjo Pande|Mackassar|Macassar|Makasser|Udjung Pandan,Makassar,-5.129414,119.415522,POINT (119.415522 -5.129414),https://digitaalerfgoed.poolparty.biz/globalise/20d7cfe7-b3b1-4223-b2b4-d9f6ddb2e683,city
GLOB_19,Himilipatnam|Bhimunipatnam|Bimilipatnam|Bimlipatam|Bimilipatn,Bhimunipatnam,17.88664,83.451608,POINT (83.451608 17.88664),https://digitaalerfgoed.poolparty.biz/globalise/8e41887e-0111-4667-b209-9d0da933b7d8|https://digitaalerfgoed.poolparty.biz/globalise/93a0b2c9-ad9a-4bab-8620-11b5c1e01f37,port|town
GLOB_191,"Adi, Pulau|Wesel|Pulau Adi",Pulau Adi,-4.1993,133.4325,POINT (133.4325 -4.1993),http://digitaalerfgoed.poolparty.biz/globalise/d8b4d9c6-11b3-430a-ba08-48eb1f3a8f56,island
GLOB_192,Bungku|Tambucko|Tambuko|Tambuku|Tabouco|Tanboekoe|Toboengkoe|Tambuoko|Tamboekoe|Tomboek|Tombuku|Tamboko|Tamboeko|Tambocco,Bungku,-2.544815,121.972089,POINT (121.972089 -2.544815),http://digitaalerfgoed.poolparty.biz/globalise/d1f592cd-dec1-4f42-bb73-930ce816dfaf,landschap
GLOB_193,Letta|Letha|Alita|Alitta|Lheta|Leta,Alitta,-3.879971,119.682444,POINT (119.682444 -3.879971),https://digitaalerfgoed.poolparty.biz/globalise/d4dafba3-2344-4f5a-a94d-ed988069d0e5,village
GLOB_194,"Vredenburg, redoubt (Makassar)|fort Vrydenburg|Vredenburg|Mandarsjah, Reduit|Vredenburgh","Vredenburg, redoubt (Makassar)",-5.133087,119.412354,POINT (119.412354 -5.133087),https://digitaalerfgoed.poolparty.biz/globalise/84767cdb-cabe-4384-9e51-faca2ae3b864,fortification
GLOB_195,"Klein Fortuin|Pulau Betuah|Betua, Pulau",Pulau Betuah,-5.89211,104.44275,POINT (104.44275 -5.89211),http://digitaalerfgoed.poolparty.biz/globalise/d8b4d9c6-11b3-430a-ba08-48eb1f3a8f56,island
GLOB_196,Keertekoesbaay|Nilwala|Nilewelli Bay|Nivelle|Nielwelle,Nilewelli Bay,5.96667,80.73333,POINT (80.73333 5.96667),http://digitaalerfgoed.poolparty.biz/globalise/6798ed1b-27a6-4113-9cd8-a78f68b94e7c,bay
GLOB_197,Naikliu,Naikliu,-9.5333,123.8,POINT (123.8 -9.5333),http://digitaalerfgoed.poolparty.biz/globalise/954cae70-c7e6-4ee9-8273-73beabc3fc0b,coastal settlement
GLOB_198,Puncta Pedra|Pedro Point|Pariture|Punte de Pedro|Puncta das Pedras|Punte das Pedras|Point Pedro|Punto Pedro,Point Pedro,9.81666667,80.23333333,POINT (80.233333 9.816667),http://digitaalerfgoed.poolparty.biz/globalise/50310cac-a6c2-4e9d-9162-ebaa073a9835,point
GLOB_199,Pei-hsien-wei|Paxempoy|Baxempoy,Pei-hsien-wei,23.020395,120.135285,POINT (120.135285 23.020395),-,-
GLOB_199_GEO_1,Pei-hsien-wei|Paxempoy|Bassenboy|Baxempoy,Pei-hsien-wei,23.020395,120.135285,POINT (120.135285 23.020395),http://digitaalerfgoed.poolparty.biz/globalise/b7823bf7-0cce-41d1-bfc2-851fdf414fca|https://digitaalerfgoed.poolparty.biz/globalise/b7823bf7-0cce-41d1-bfc2-851fdf414fca,sandbank
GLOB_199_GEO_2,Pei-hsien-wei|Paxempoy|Baxempoy,Pei-hsien-wei,23.020395,120.135285,POINT (120.135285 23.020395),http://digitaalerfgoed.poolparty.biz/globalise/d8b4d9c6-11b3-430a-ba08-48eb1f3a8f56,island
GLOB_2,Ade|Adé|Ade en Mantoetoe,Ade,-8.71667,126.20823,POINT (126.20823 -8.71667),http://digitaalerfgoed.poolparty.biz/globalise/e2aea655-e60c-47a1-96d8-4c2fd0f92ba2,principality
GLOB_20,Binta Oena|Bintauna|Bintaoena|Bintaoene,Bintauna,0.880588,123.4552969,POINT (123.455297 0.880588),https://digitaalerfgoed.poolparty.biz/globalise/ebf26f69-b692-437a-b6fa-2bb4ae0ae95b,polity
GLOB_200,Porca|Porcad|Porka|Pirakkād|Porcka|Porcaj|Parca|Tsjembagecherij|Purrakad|Purakkad|Purakkat,Pirakkād,9.35099,76.36792,POINT (76.36792 9.35099),-,-
GLOB_200_HUM_1,Pirakkad (Kingdom)|Porca|'t Land van Porka|Porcad|Porka|Pirakkād|Porcka|Porcaj|Tsjembagecherij|Purrakad|Purakkad|Purakkat,Pirakkād|Pirakkad (Kingdom),9.35|9.35099,76.36792|76.35,POINT (76.36792 9.35099)|POINT (76.35 9.35),http://digitaalerfgoed.poolparty.biz/globalise/6f1f178a-fa6f-4553-a723-99f9d909a771|https://digitaalerfgoed.poolparty.biz/globalise/6f1f178a-fa6f-4553-a723-99f9d909a771,kingdom
GLOB_200_HUM_2,Pirakkad (VOC administered area)|Porca|'s Comps: Logie op Porka|Porcad|Porka|Pirakkād|Residentie Parca|Porcka|Porcaj|Purrakad|S. E. Comps Logie op Porca|Purakkad|Purakkat,Pirakkād|Pirakkad (VOC administered area),9.35|9.35099,76.36792|76.35,POINT (76.36792 9.35099)|POINT (76.35 9.35),http://digitaalerfgoed.poolparty.biz/globalise/7f946cd2-9901-408a-ac12-355466c473c2|https://digitaalerfgoed.poolparty.biz/globalise/49b48294-d3be-4a92-a066-a13be466993c,VOC administered area|residentie
GLOB_200_HUM_3,Pasaar v: Porca|Pirakkad (Bazaar)|Bazaar v: Porka,Pirakkad (Bazaar),9.35099,76.36792,POINT (76.36792 9.35099),https://digitaalerfgoed.poolparty.biz/globalise/81582de8-b667-4ac8-a6b1-c4d21e1f0917,bazaar
GLOB_201,"fort Mr. Cornelis|Meester Cornelis|Nieuwendam|Djatinegara|Meester Cornelis, fort|Jatinegara|fort Meester Cornelis",Jatinegara,-6.216072,106.862536,POINT (106.862536 -6.216072),-,-
GLOB_201_HUM_1,Djatinegara|Jatinegara|Meester Cornelis,Jatinegara,-6.23222,106.88111,POINT (106.88111 -6.23222),http://digitaalerfgoed.poolparty.biz/globalise/d4dafba3-2344-4f5a-a94d-ed988069d0e5,village
GLOB_201_HUM_2,"fort Mr. Cornelis|Meester Cornelis|Nieuwendam|Meester Cornelis, fort|fort Meester Cornelis","Meester Cornelis, fort",-6.216072,106.862536,POINT (106.862536 -6.216072),http://digitaalerfgoed.poolparty.biz/globalise/84767cdb-cabe-4384-9e51-faca2ae3b864,fort
GLOB_202,Pagai|Pulau Pagai Selatan|Nassau|Nassauw,Pulau Pagai Selatan,-3.0023,100.332,POINT (100.332 -3.0023),http://digitaalerfgoed.poolparty.biz/globalise/d8b4d9c6-11b3-430a-ba08-48eb1f3a8f56,island
GLOB_203,Soecapoura|Soucapoura|Tasikmalaya|Succapoera|Sukapura|Tasikmalaja,Tasikmalaya,-7.3274,108.2207,POINT (108.2207 -7.3274),http://digitaalerfgoed.poolparty.biz/globalise/d1f592cd-dec1-4f42-bb73-930ce816dfaf|http://digitaalerfgoed.poolparty.biz/globalise/40217104-de46-42ed-80c8-480fac1f8706,landschap|district
GLOB_205,Silele|Obi Bisa|Cililia,Obi Bisa,-1.22422,127.57357,POINT (127.57357 -1.22422),http://digitaalerfgoed.poolparty.biz/globalise/d8b4d9c6-11b3-430a-ba08-48eb1f3a8f56,island
GLOB_206,Talang (village)|Tellang|Talang,Talang (village),-0.97614,100.68381,POINT (100.68381 -0.97614),http://digitaalerfgoed.poolparty.biz/globalise/7c1af419-926c-47c9-9450-05dc5849c05c,negorij [PROBLEMATIC TERM]
GLOB_207,Eliphant|Wai Batu Gajah|Wai Batuugadjah,Wai Batu Gajah,-3.69997,128.1791,POINT (128.1791 -3.69997),http://digitaalerfgoed.poolparty.biz/globalise/b2cd216c-9533-449a-849d-1cbd3840a3d2,stream
GLOB_208,"Sial, Tandjong|Drooge Rijshoecq|Droge Rijsthoek|Tanjung Sial",Tanjung Sial,-3.56645,127.92205,POINT (127.92205 -3.56645),http://digitaalerfgoed.poolparty.biz/globalise/ea0cf4b3-3d82-4ff6-ad10-12e77f581218,cape
GLOB_209,Batusangkar|Fort van der Capellen|Batu Sangkar,Batusangkar,-0.4606,100.6107,POINT (100.6107 -0.4606),http://digitaalerfgoed.poolparty.biz/globalise/84767cdb-cabe-4384-9e51-faca2ae3b864,fort
GLOB_21,Bolaäng|Boelang|Boulan|Boulangh|Bolaang,Bolaang,0.9411,124.1556,POINT (124.1556 0.9411),http://digitaalerfgoed.poolparty.biz/globalise/6f1f178a-fa6f-4553-a723-99f9d909a771,kingdom
GLOB_210,Kampong Bukit Tinggi (Malaysia)|Boukit-Tingi|Bukit Tinggi,Kampong Bukit Tinggi (Malaysia),6.2,100.43333,POINT (100.43333 6.2),http://digitaalerfgoed.poolparty.biz/globalise/2b007e6a-a299-413b-bc7f-51e69a9e1fab,capital
GLOB_211,Anjecamaal|Anjecaimal|Angiecamael|Angecaimaal|Cururnadu|Angikaimal|Angiecaymaal|Anjikaimal,Anjikaimal,9.96714,76.29036,POINT (76.29036 9.96714),http://digitaalerfgoed.poolparty.biz/globalise/6f1f178a-fa6f-4553-a723-99f9d909a771,kingdom
GLOB_213,Ikkeri|Ikeere|Iscere,Ikkeri,14.13518,75.02263,POINT (75.02263 14.13518),http://digitaalerfgoed.poolparty.biz/globalise/20d7cfe7-b3b1-4223-b2b4-d9f6ddb2e683|http://digitaalerfgoed.poolparty.biz/globalise/2b007e6a-a299-413b-bc7f-51e69a9e1fab,city|capital
GLOB_214,Repolim|Repoelim|Repolin|Idapalli|Edappalli,Edappalli,10.02197,76.30872,POINT (76.30872 10.02197),http://digitaalerfgoed.poolparty.biz/globalise/6f1f178a-fa6f-4553-a723-99f9d909a771,kingdom
GLOB_214_HUM_1,Edappalli (Kingdom)|T. Rijk van Repoelim|T Ryk van Repolin|'t Ryck Repoelim d: K: v. C.,Edappalli (Kingdom),10.02197,76.30872,POINT (76.30872 10.02197),https://digitaalerfgoed.poolparty.biz/globalise/6f1f178a-fa6f-4553-a723-99f9d909a771,kingdom
GLOB_216,Hindustan|India|Industan|Hindoestan|Mughal Empire|Indostan,Mughal Empire,28.65195,77.23149,POINT (77.23149 28.65195),http://digitaalerfgoed.poolparty.biz/globalise/06278cc4-0ec4-4376-b869-8c21bf507894|http://digitaalerfgoed.poolparty.biz/globalise/27785c97-df3c-424e-aa75-bddbd674e183,region|empire
GLOB_217,Carcel|Chevele|Chewel|Karisal,Karisal,9.06667,79.83333,POINT (79.83333 9.06667),http://digitaalerfgoed.poolparty.biz/globalise/d4dafba3-2344-4f5a-a94d-ed988069d0e5,village
GLOB_218,Bantuasin|Airasin|Air Banyuasin,Air Banyuasin,-2.2849,104.8289,POINT (104.8289 -2.2849),http://digitaalerfgoed.poolparty.biz/globalise/cf7cc49f-738b-48b0-80a7-476244ba4919,river
GLOB_219,Aloewaloe|Malamala|Alowala|Pulau Malamala,Pulau Malamala,-1.50385,127.38982,POINT (127.38982 -1.50385),http://digitaalerfgoed.poolparty.biz/globalise/d8b4d9c6-11b3-430a-ba08-48eb1f3a8f56,island
GLOB_22,Vadodara|Brodera|Brodra|Baroda,Vadodara,22.312284,73.188801,POINT (73.188801 22.312284),https://digitaalerfgoed.poolparty.biz/globalise/20d7cfe7-b3b1-4223-b2b4-d9f6ddb2e683,city
GLOB_220,Boospour|Bhaspur|Boospoer|Bhojpur|Bospour,Bhojpur,25.30886,84.44504,POINT (84.44504 25.30886),http://digitaalerfgoed.poolparty.biz/globalise/0e3137ad-bc4d-4da6-8ba3-f4fc5fe7058f,province
GLOB_222,Cádiz|Cadiz|Cadix,Cadiz,36.528313,-6.295098,POINT (-6.295098 36.528313),https://digitaalerfgoed.poolparty.biz/globalise/20d7cfe7-b3b1-4223-b2b4-d9f6ddb2e683,city
GLOB_223,Batisie|Batuisi|Bato Issi|Batuissi|Batissy,Batuisi,-10.6235,123.4053,POINT (123.4053 -10.6235),http://digitaalerfgoed.poolparty.biz/globalise/7c1af419-926c-47c9-9450-05dc5849c05c|http://digitaalerfgoed.poolparty.biz/globalise/6f1f178a-fa6f-4553-a723-99f9d909a771|http://digitaalerfgoed.poolparty.biz/globalise/f2e48ff8-f0e6-4a7d-998a-1a4916658270,nusak|kingdom|negorij [PROBLEMATIC TERM]
GLOB_224,Pas|Passo|Pas Baguwala|Baguala|Baguale|Pas Baguala,Passo,-3.626541,128.245676,POINT (128.245676 -3.626541),https://digitaalerfgoed.poolparty.biz/globalise/975ea685-36be-4215-8758-2bb27ce47b18,isthmus
GLOB_225,Palawan|Palawan Island|Paragoa,Palawan Island,9.53153,118.46149,POINT (118.46149 9.53153),http://digitaalerfgoed.poolparty.biz/globalise/d8b4d9c6-11b3-430a-ba08-48eb1f3a8f56,island
GLOB_226,Poeliam|Paleam|Palliam,Paleam,-,-,POINT EMPTY,-,-
GLOB_226_HUM_1,Poeliam|Paleam|Palliam,Paleam,-,-,POINT EMPTY,http://digitaalerfgoed.poolparty.biz/globalise/20d7cfe7-b3b1-4223-b2b4-d9f6ddb2e683,city
GLOB_226_HUM_2,Poeliam|Paleam|Palliam,Paleam,-,-,POINT EMPTY,http://digitaalerfgoed.poolparty.biz/globalise/84767cdb-cabe-4384-9e51-faca2ae3b864,fort
GLOB_227,"Surasoan|fort Surosowan|Pakuwonan|fort Diamand|Gedong Kedaton Pakuwuan|Inten, Kota|Benteng Surosowan|Diamant, Kasteel|Surosowan, fort|Soeroesowan|Sourousouangh|fort Diamant|Sourasoean|Diamant, Fort|Kota Intan",Benteng Surosowan,-6.03814,106.15561,POINT (106.15561 -6.03814),http://digitaalerfgoed.poolparty.biz/globalise/90c73af5-d79c-482b-ab9e-dc176a02db69,palace
GLOB_229,Zandelbos|Somba|Sandelbos|Sandelbosch|Sumba|Pulau Sumba,Pulau Sumba,-9.66667,120.0,POINT (120 -9.66667),http://digitaalerfgoed.poolparty.biz/globalise/d8b4d9c6-11b3-430a-ba08-48eb1f3a8f56,island
GLOB_23,Bharuch|Broach|Broot Chia|Brotchia|Brootch|Brochia|Brootchia|Brootschia|Baroch,Bharuch,21.713258,72.99963,POINT (72.99963 21.713258),https://digitaalerfgoed.poolparty.biz/globalise/8e41887e-0111-4667-b209-9d0da933b7d8,town
GLOB_230,Saombay|Billato|Obi Latu|Pulau Obilatu,Pulau Obilatu,-1.40633,127.34161,POINT (127.34161 -1.40633),http://digitaalerfgoed.poolparty.biz/globalise/d8b4d9c6-11b3-430a-ba08-48eb1f3a8f56,island
GLOB_231,Schildpadeilanden|Togia|Togian|Kepulauan Togian,Kepulauan Togian,-0.33333,122.0,POINT (122 -0.33333),http://digitaalerfgoed.poolparty.biz/globalise/25b09c82-eab3-41d4-9c36-831cfc2b496c,archipelago
GLOB_232,"Pitty, Sungai|Songepittij|Songe Samon|Samon, Sungai",Songe Samon,-,-,POINT EMPTY,https://digitaalerfgoed.poolparty.biz/globalise/cf7cc49f-738b-48b0-80a7-476244ba4919,river
GLOB_233,Pulau Kalao|Kalao|Calauwt|Lambego,Pulau Kalao,-7.3004,120.9435,POINT (120.9435 -7.3004),http://digitaalerfgoed.poolparty.biz/globalise/d8b4d9c6-11b3-430a-ba08-48eb1f3a8f56,island
GLOB_234,Kajutangi|Kayotangi|Cajotangie|Kayu Tangi,Kayu Tangi,-3.4109,114.8642,POINT (114.8642 -3.4109),http://digitaalerfgoed.poolparty.biz/globalise/2b007e6a-a299-413b-bc7f-51e69a9e1fab|http://digitaalerfgoed.poolparty.biz/globalise/8e41887e-0111-4667-b209-9d0da933b7d8,town|capital
GLOB_235,Tambang|Morotambang|Mora Tambang,Tambang,-1.31667,100.63333,POINT (100.63333 -1.31667),http://digitaalerfgoed.poolparty.biz/globalise/40217104-de46-42ed-80c8-480fac1f8706,district
GLOB_236,Maatsuycker|Santa Rosa fort|Maetsuyker|Santa Rosa,Santa Rosa fort,-,-,POINT EMPTY,http://digitaalerfgoed.poolparty.biz/globalise/84767cdb-cabe-4384-9e51-faca2ae3b864,fortification
GLOB_237,Soelamboe|Sulambu|Fatomé|Sulamu,Sulamu,-10.05,123.6,POINT (123.6 -10.05),http://digitaalerfgoed.poolparty.biz/globalise/617a0924-1516-4be8-a478-b451bf47f5bf,mountain
GLOB_239,Taebenu|Taibeno|Kaibeno,Taebenu,-9.60056,123.81972,POINT (123.81972 -9.60056),http://digitaalerfgoed.poolparty.biz/globalise/e2aea655-e60c-47a1-96d8-4c2fd0f92ba2,principality
GLOB_24,Kayeli|Kaili|Cayelie|Cayeli|Cajeli|Kajeli|Caijeelij|Cayelij,Kayeli,-3.383709,127.113519,POINT (127.113519 -3.383709),https://digitaalerfgoed.poolparty.biz/globalise/d4dafba3-2344-4f5a-a94d-ed988069d0e5,village
GLOB_240,Kali Sunter|Sontar|Tjisunter,Kali Sunter,-6.10806,106.90667,POINT (106.90667 -6.10806),http://digitaalerfgoed.poolparty.biz/globalise/cf7cc49f-738b-48b0-80a7-476244ba4919,river
GLOB_241,Sapoelouboa Bandhaers|Tien Handelsplaatsen|Sapuluh Buah Bandar|Tien Handelsteeden|Sapouloe Boabandhaars|Tien Handelplaetsen|Sapulah Buah Bandar|Sapouloboa Bandaars,Sapuluh Buah Bandar,-,-,POINT EMPTY,http://digitaalerfgoed.poolparty.biz/globalise/93a0b2c9-ad9a-4bab-8620-11b5c1e01f37,ports
GLOB_242,Ontong China|Vlakkenhoek|Udjung Tjina|Vlakke Hoek|Cuku Belimbing,Cuku Belimbing,-5.91372,104.55573,POINT (104.55573 -5.91372),http://digitaalerfgoed.poolparty.biz/globalise/ea0cf4b3-3d82-4ff6-ad10-12e77f581218,cape
GLOB_243,Hung Yeng|Hưng Yên|Euen,Hưng Yên,20.64637,106.05112,POINT (106.05112 20.64637),http://digitaalerfgoed.poolparty.biz/globalise/d4dafba3-2344-4f5a-a94d-ed988069d0e5,village
GLOB_244,Konada|Connara,Konada,18.01731,83.56285,POINT (83.56285 18.01731),https://digitaalerfgoed.poolparty.biz/globalise/d4dafba3-2344-4f5a-a94d-ed988069d0e5,village
GLOB_245,Christmaseiland|Mony|Moni|Christmas Island,Christmas Island,-10.48358,105.62775,POINT (105.62775 -10.48358),http://digitaalerfgoed.poolparty.biz/globalise/d8b4d9c6-11b3-430a-ba08-48eb1f3a8f56,island
GLOB_247,Mahimpahoi|Manimpahai,Mahimpahoi,-5.1913,120.1108,POINT (120.1108 -5.1913),http://digitaalerfgoed.poolparty.biz/globalise/6f1f178a-fa6f-4553-a723-99f9d909a771,kingdom
GLOB_248,Keizerstoren|Caytortorre|Kaitortorre|Desa Combir Kasestoren|Tortorre,Desa Combir Kasestoren,-4.51806,129.94306,POINT (129.94306 -4.51806),http://digitaalerfgoed.poolparty.biz/globalise/ff08099f-3b85-48c8-ab5e-e2c50895565b,perk
GLOB_249,Batugantung|Batu Gantung|Rustenburg|Rustenburgh,Batugantung,-3.70586,128.17477,POINT (128.17477 -3.70586),http://digitaalerfgoed.poolparty.biz/globalise/07b3f630-b359-4d5d-a0cd-3c029dc1c394,guard post
GLOB_25,Pulau Kelang (Indonesia)|Calang|Queelangh|Kelang,Pulau Kelang (Indonesia),-3.21173,127.73524,POINT (127.73524 -3.21173),http://digitaalerfgoed.poolparty.biz/globalise/d8b4d9c6-11b3-430a-ba08-48eb1f3a8f56,island
GLOB_250,Ommelanden van Batavia|Bovenlanden van Batavia|Bovenlanden|Ommelanden|Jakatrase bovenlanden|Jakarta (region),Jakarta (region),-6.131765,106.812079,POINT (106.812079 -6.131765),http://digitaalerfgoed.poolparty.biz/globalise/06278cc4-0ec4-4376-b869-8c21bf507894,region
GLOB_251,Badsjing|Poulobanky|Puluangbangking|Pouloubankij|Pulonbanki|Poelenbankeen|Polombangkeng|Pulangbangking|Pouloubanke,Polombangkeng,-5.4236,119.4493,POINT (119.4493 -5.4236),-,-
GLOB_251_HUM_1,Poulobanky|Puluangbangking|Pouloubankij|Pulonbanki|Poelenbankeen|Polombangkeng|Pulangbangking|Pouloubanke,Polombangkeng,-5.4236,119.4493,POINT (119.4493 -5.4236),http://digitaalerfgoed.poolparty.biz/globalise/d4dafba3-2344-4f5a-a94d-ed988069d0e5,village
GLOB_251_HUM_2,Badsjing|Poulobanky|Puluangbangking|Pouloubankij|Pulonbanki|Poelenbankeen|Polombangkeng|Pulangbangking|Pouloubanke,Polombangkeng,-5.4236,119.4493,POINT (119.4493 -5.4236),http://digitaalerfgoed.poolparty.biz/globalise/40217104-de46-42ed-80c8-480fac1f8706,district
GLOB_252,"Dirk de Vriesbaai|Vries Bhay|Parigi, Bocht van|Teluk Parigi",Teluk Parigi,-7.69983,108.5896,POINT (108.5896 -7.69983),http://digitaalerfgoed.poolparty.biz/globalise/6798ed1b-27a6-4113-9cd8-a78f68b94e7c,bay
GLOB_253,Bantal|Pasarbantal,Pasarbantal,-2.7504,101.3281,POINT (101.3281 -2.7504),http://digitaalerfgoed.poolparty.biz/globalise/4b274bf6-aa23-44f3-8d90-809c6617916f,comptoir
GLOB_254,Pessi|Besi|Pessy,Besi,-2.94279,129.21241,POINT (129.21241 -2.94279),http://digitaalerfgoed.poolparty.biz/globalise/d4dafba3-2344-4f5a-a94d-ed988069d0e5,village
GLOB_255,"Babauw, Bocht van|Teluk Noilmina|Noil Mina",Teluk Noilmina,-10.2,124.15,POINT (124.15 -10.2),http://digitaalerfgoed.poolparty.biz/globalise/6798ed1b-27a6-4113-9cd8-a78f68b94e7c,bay
GLOB_256,Pare-Pare|Parepare,Parepare,-4.0,119.6667,POINT (119.6667 -4),-,-
GLOB_256_GEO_1,Pare-Pare|Teluk Parepare,Teluk Parepare,-3.9955,119.6176,POINT (119.6176 -3.9955),http://digitaalerfgoed.poolparty.biz/globalise/6798ed1b-27a6-4113-9cd8-a78f68b94e7c,bay
GLOB_256_HUM_1,Pare-Pare|Parepare,Parepare,-4.0,119.6667,POINT (119.6667 -4),http://digitaalerfgoed.poolparty.biz/globalise/93a0b2c9-ad9a-4bab-8620-11b5c1e01f37,port
GLOB_257,"Victoria|Victoria, bastion (Malacca)|San Domingo, Bolwerk","Victoria, bastion (Malacca)",-,-,POINT EMPTY,http://digitaalerfgoed.poolparty.biz/globalise/84767cdb-cabe-4384-9e51-faca2ae3b864,fortification
GLOB_258,Tial|Portugese Baai,Tial,-3.6331,128.33388,POINT (128.33388 -3.6331),http://digitaalerfgoed.poolparty.biz/globalise/d4dafba3-2344-4f5a-a94d-ed988069d0e5,village
GLOB_259,Lamolo|Lamola|Lomola,Lamolo,-,-,POINT EMPTY,http://digitaalerfgoed.poolparty.biz/globalise/617a0924-1516-4be8-a478-b451bf47f5bf,mountain
GLOB_26,Calicoilan|Calicolan|Calicoilang|Caly Coylan|Kayankulam|Calcoilang|Kayamkulam|Calicoijlan|Caliecoilan|Calicoijlang|Calij Coijlang|Kalekoulan|Calicoylang|Calicoylan|Kayamkalam|Kalikolang,Kayamkulam,9.17167,76.500535,POINT (76.500535 9.17167),https://digitaalerfgoed.poolparty.biz/globalise/6f1f178a-fa6f-4553-a723-99f9d909a771,kingdom
GLOB_261,Lop Buri|Livo|Lopburi,Lop Buri,14.79808,100.65397,POINT (100.65397 14.79808),http://digitaalerfgoed.poolparty.biz/globalise/8e41887e-0111-4667-b209-9d0da933b7d8,town
GLOB_262,"Kelie|Gunung Keli|Noorwegen, Perk",Gunung Keli,-4.54534,129.87594,POINT (129.87594 -4.54534),http://digitaalerfgoed.poolparty.biz/globalise/617a0924-1516-4be8-a478-b451bf47f5bf,mountain
GLOB_263,Kuluku|Kaloekoe|Koeloekoe|Kaluku|Kalukku,Kalukku,-2.5368,119.0547,POINT (119.0547 -2.5368),http://digitaalerfgoed.poolparty.biz/globalise/6f1f178a-fa6f-4553-a723-99f9d909a771,kingdom
GLOB_264,Massammone|Ockio|奥州|Osjo|政宗|Massamij|Oshu|Masamune|Ochio|Mutsu|Oosioe,Mutsu,38.861944,141.166111,POINT (141.166111 38.861944),https://digitaalerfgoed.poolparty.biz/globalise/0e3137ad-bc4d-4da6-8ba3-f4fc5fe7058f|http://digitaalerfgoed.poolparty.biz/globalise/40217104-de46-42ed-80c8-480fac1f8706,province|district
GLOB_265,Morsitdabaath|Moxudabat|Moxudabaat|Moxudabad|Moxudabath|Murshidabad|Maksudabad|Maurshidabad|Moxudabadt,Murshidabad,24.176747,88.271577,POINT (88.271577 24.176747),https://digitaalerfgoed.poolparty.biz/globalise/20d7cfe7-b3b1-4223-b2b4-d9f6ddb2e683,city
GLOB_266,Makinde|Mingkindik|Makynde|Mengkendek,Mengkendek,-3.22306,119.93806,POINT (119.93806 -3.22306),http://digitaalerfgoed.poolparty.biz/globalise/d1f592cd-dec1-4f42-bb73-930ce816dfaf,landschap
GLOB_267,Mannagoijl|Manarkoil|Marcauwe|Mannargudi,Mannargudi,10.66626,79.45064,POINT (79.45064 10.66626),https://digitaalerfgoed.poolparty.biz/globalise/8e41887e-0111-4667-b209-9d0da933b7d8,town
GLOB_268,Marondava|Morondava|Lijvoetsrivier,Morondava,-20.23333,44.33333,POINT (44.33333 -20.23333),http://digitaalerfgoed.poolparty.biz/globalise/cf7cc49f-738b-48b0-80a7-476244ba4919,river
GLOB_269,Etteren|Wetter|Wettar|Pulau Wetar|Wetar|Etter,Pulau Wetar,-7.716666667,126.3666667,POINT (126.366667 -7.716667),http://digitaalerfgoed.poolparty.biz/globalise/d8b4d9c6-11b3-430a-ba08-48eb1f3a8f56,island
GLOB_26_GEO_1,Riv. Calcoilang|Kayamkulam (River),Kayamkulam (River),9.17167,76.500535,POINT (76.500535 9.17167),https://digitaalerfgoed.poolparty.biz/globalise/cf7cc49f-738b-48b0-80a7-476244ba4919,river
GLOB_26_HUM_1,Kayamkulam (VOC administered area)|'s Comps: Residentie van Calicoylang|Residentie Calicoilan,Kayamkulam (VOC administered area),9.17167,76.500535,POINT (76.500535 9.17167),https://digitaalerfgoed.poolparty.biz/globalise/7f946cd2-9901-408a-ac12-355466c473c2|https://digitaalerfgoed.poolparty.biz/globalise/49b48294-d3be-4a92-a066-a13be466993c,VOC administered area|residentie
GLOB_26_HUM_2,T Land van Calicoijlan|'t Ryk Calicoylang|K. Kalekoulan|Kayamkulam (kingdom),Kayamkulam (kingdom),9.17167,76.500535,POINT (76.500535 9.17167),https://digitaalerfgoed.poolparty.biz/globalise/6f1f178a-fa6f-4553-a723-99f9d909a771,kingdom
GLOB_27,Calpentijn|Kalpitga|Calpeti|Calpetyn|Kalpitya|Calpetty|Calpatin|Calpettij|Kalpitiya|Kalpettij,Kalpitiya,8.23604,79.76253,POINT (79.76253 8.23604),-,-
GLOB_270,Kulisusu|Kaleasoesoe|Dwaalbhaay|Calliasoesoe|Kaliasoesoe|Dwaalbaai|Kalingsusu,Kulisusu,-4.9915,123.098,POINT (123.098 -4.9915),-,-
GLOB_270_GEO_1,Kaleasoesoe|Calliasoesoe|Kaliasoesoe|Kulisusu (island)|Kalingsusu,Kulisusu (island),-4.9915,123.098,POINT (123.098 -4.9915),http://digitaalerfgoed.poolparty.biz/globalise/d8b4d9c6-11b3-430a-ba08-48eb1f3a8f56,island
GLOB_270_GEO_2,Kaleasoesoe|Dwaalbhaay|Calliasoesoe|Kaliasoesoe|Dwaalbaai|Teluk Kulisusu|Kalingsusu,Teluk Kulisusu,-4.9915,123.098,POINT (123.098 -4.9915),http://digitaalerfgoed.poolparty.biz/globalise/6798ed1b-27a6-4113-9cd8-a78f68b94e7c,bay
GLOB_271,Ellertaswaropoam|Mouton|Canairemoeton|Mutan|Carporam|Canaire|Muttam|Ellertaswaropam|Cainaremoeton|Karappuram|Caraporam,Karappuram,9.68444,76.33558,POINT (76.33558 9.68444),http://digitaalerfgoed.poolparty.biz/globalise/06278cc4-0ec4-4376-b869-8c21bf507894,region
GLOB_271_HUM_1,Karappuram (Region)|'t Land van Cainaremoeton,Karappuram (Region),9.68444,76.33558,POINT (76.33558 9.68444),https://digitaalerfgoed.poolparty.biz/globalise/06278cc4-0ec4-4376-b869-8c21bf507894,region
GLOB_271_HUM_2,Bazaar Mouton|de basaar Moutan|Karappuram (Bazaar),Karappuram (Bazaar),9.68444,76.33558,POINT (76.33558 9.68444),https://digitaalerfgoed.poolparty.biz/globalise/81582de8-b667-4ac8-a6b1-c4d21e1f0917,bazaar
GLOB_271_HUM_3,Pagood Kainaremattom|Pagood Canairemouton|Pagood Canaire|Karappuram (Temple),Karappuram (Temple),9.68444,76.33558,POINT (76.33558 9.68444),https://digitaalerfgoed.poolparty.biz/globalise/02db354d-bbd0-4122-aa18-00d6fe8cba28,temple
GLOB_272,Condewaar|Karwar|Coudewaer,Karwar,14.81361,74.12972,POINT (74.12972 14.81361),http://digitaalerfgoed.poolparty.biz/globalise/2b007e6a-a299-413b-bc7f-51e69a9e1fab|http://digitaalerfgoed.poolparty.biz/globalise/93a0b2c9-ad9a-4bab-8620-11b5c1e01f37|https://digitaalerfgoed.poolparty.biz/globalise/6b2244e4-726a-46b6-bc6c-f1b86b42b6ba,port|capital|political division
GLOB_273,Colleetsje|Colleetche|Colachel|Colletje|Coletche|Kolachol|Kolach|Kulechij,Colachel,8.17938,77.25818,POINT (77.25818 8.17938),http://digitaalerfgoed.poolparty.biz/globalise/40217104-de46-42ed-80c8-480fac1f8706,district
GLOB_274,Guti|Hote|Hoti (village)|Goety,Hoti (village),-2.9908,130.3638,POINT (130.3638 -2.9908),http://digitaalerfgoed.poolparty.biz/globalise/d4dafba3-2344-4f5a-a94d-ed988069d0e5,village
GLOB_275,Illepercarwe|Illepecameu|Elipoecaurewee|Ilpecarwe|Elipucaurewe,Ilpecarwe,-,-,POINT EMPTY,http://digitaalerfgoed.poolparty.biz/globalise/d4dafba3-2344-4f5a-a94d-ed988069d0e5,village
GLOB_276,Payahe|Ampaya|Pajahi,Payahe,0.33788,127.72938,POINT (127.72938 0.33788),https://digitaalerfgoed.poolparty.biz/globalise/46724d25-aa94-4848-a8ca-17fe02b0db2b,settlement
GLOB_277,Mangatty|Mangattij|Mangattijl|Alangadu,Mangatty,-,-,POINT EMPTY,http://digitaalerfgoed.poolparty.biz/globalise/6f1f178a-fa6f-4553-a723-99f9d909a771,kingdom
GLOB_279,"Basalar, Pulau|Passelaar, Poulo|Parcelar, Poulo|Paselar, Pulau|Baselar, Pulau|Bukit Jugra|Bukit Djugra",Bukit Jugra,2.84161,101.42419,POINT (101.42419 2.84161),http://digitaalerfgoed.poolparty.biz/globalise/617a0924-1516-4be8-a478-b451bf47f5bf,mountain
GLOB_27_HUM_1,Calpentijn|Kalpitga|Calpeti|Calpetyn|Kalpitya|Calpetty|Calpatin|Calpettij|Kalpitiya|Kalpettij,Kalpitiya,8.23604,79.76253,POINT (79.76253 8.23604),http://digitaalerfgoed.poolparty.biz/globalise/4b274bf6-aa23-44f3-8d90-809c6617916f,comptoir
GLOB_27_HUM_2,Calpentijn|Kalpitga|Calpeti|Calpetyn|Kalpitya|Calpetty|Calpatin|Calpettij|Kalpitiya|Kalpettij,Kalpitiya,8.23604,79.76253,POINT (79.76253 8.23604),http://digitaalerfgoed.poolparty.biz/globalise/93a0b2c9-ad9a-4bab-8620-11b5c1e01f37,port
GLOB_27_HUM_3,Calpentijn|Kalpitiya Fort|Kalpitga|Calpeti|Calpetyn|Kalpitya|Calpetty|Calpatin|Calpettij|Kalpitiya|Kalpettij,Kalpitiya Fort,8.23556,79.76611,POINT (79.76611 8.23556),http://digitaalerfgoed.poolparty.biz/globalise/84767cdb-cabe-4384-9e51-faca2ae3b864,fort
GLOB_28,Cambang|Kambang,Kambang,-1.6904,100.7209,POINT (100.7209 -1.6904),http://digitaalerfgoed.poolparty.biz/globalise/d4dafba3-2344-4f5a-a94d-ed988069d0e5,village
GLOB_281,Caylpatnam|Cailpatnam|Kayalpattinam|Cayl Patnam|Cijllepatan|Caurepatam|Keylepatnam|Kailpatam|Kalipatnam|Calpatam|Kailpatnam|Kayalpatnam,Kayalpattinam,8.564386,78.125124,POINT (78.125124 8.564386),http://digitaalerfgoed.poolparty.biz/globalise/20d7cfe7-b3b1-4223-b2b4-d9f6ddb2e683|http://digitaalerfgoed.poolparty.biz/globalise/93a0b2c9-ad9a-4bab-8620-11b5c1e01f37,port|city
GLOB_282,Katsij|Beringang|Kassi,Katsij,-5.166667,-,POINT EMPTY,https://digitaalerfgoed.poolparty.biz/globalise/7c1af419-926c-47c9-9450-05dc5849c05c,negorij [PROBLEMATIC TERM]
GLOB_283,Airouw|Airur (Ernakulam)|Ayroer|Ajrouw|Vellange|Ayro|Airur|Belanga,Airur (Ernakulam),10.14896,76.28916,POINT (76.28916 10.14896),https://digitaalerfgoed.poolparty.biz/globalise/e2aea655-e60c-47a1-96d8-4c2fd0f92ba2,principality
GLOB_283_HUM_1,Landen van Airouw|Landen van Ajrouw|Landen van Ayroer|T Ryk van Ayroer|Airur (Kingdom),Airur (Kingdom),10.14896,76.28916,POINT (76.28916 10.14896),https://digitaalerfgoed.poolparty.biz/globalise/6f1f178a-fa6f-4553-a723-99f9d909a771,kingdom
GLOB_284,Quelimanie|Quelimane|Quelimana|Rio Cuácua|Kilimane,Rio Cuácua,-17.91361,36.81306,POINT (36.81306 -17.91361),http://digitaalerfgoed.poolparty.biz/globalise/cf7cc49f-738b-48b0-80a7-476244ba4919,river
GLOB_285,Baganga|Boyangie,Baganga,7.57389,126.56,POINT (126.56 7.57389),https://digitaalerfgoed.poolparty.biz/globalise/d4dafba3-2344-4f5a-a94d-ed988069d0e5,village
GLOB_286,Pangerrano|Blauwe Berg|Pangrango|Gunung Pangrango,Gunung Pangrango,-6.77,106.96361,POINT (106.96361 -6.77),http://digitaalerfgoed.poolparty.biz/globalise/617a0924-1516-4be8-a478-b451bf47f5bf,mountain
GLOB_287,Shangchuan Dao|St. John|St. Jan|Shang Tchuan,Shangchuan Dao,21.709645,112.785437,POINT (112.785437 21.709645),http://digitaalerfgoed.poolparty.biz/globalise/d8b4d9c6-11b3-430a-ba08-48eb1f3a8f56,island
GLOB_288,Dwars in de Weg|Little Sober Island|Soleil|Sou|Dwars in de wegh|Dwaars in de weg|Dwaers in de weg|Dwars-in-de-wegh,Little Sober Island,8.54321,81.214964,POINT (81.214964 8.54321),http://digitaalerfgoed.poolparty.biz/globalise/d8b4d9c6-11b3-430a-ba08-48eb1f3a8f56,island
GLOB_29,Kalikoet|Kannur|Canonor|Kananor|Cannanore|Conannor|Cananor|Cannanur|Cannanoor|Canenoor|Cananoor,Kannur,11.87827,75.373564,POINT (75.373564 11.87827),https://digitaalerfgoed.poolparty.biz/globalise/20d7cfe7-b3b1-4223-b2b4-d9f6ddb2e683|https://digitaalerfgoed.poolparty.biz/globalise/93a0b2c9-ad9a-4bab-8620-11b5c1e01f37,port|city
GLOB_290,Cheyyur|Zeyoer,Cheyyur,12.34948,80.00304,POINT (80.00304 12.34948),http://digitaalerfgoed.poolparty.biz/globalise/0e3137ad-bc4d-4da6-8ba3-f4fc5fe7058f,province
GLOB_291,Hatihalu|Touw|Atiahu,Atiahu,-3.36481,129.96313,POINT (129.96313 -3.36481),https://digitaalerfgoed.poolparty.biz/globalise/d4dafba3-2344-4f5a-a94d-ed988069d0e5,village
GLOB_292,Tolialanga|Tuladangi|Tuladengi,Tuladengi,0.4241,121.1355,POINT (121.1355 0.4241),http://digitaalerfgoed.poolparty.biz/globalise/7c1af419-926c-47c9-9450-05dc5849c05c,negorij [PROBLEMATIC TERM]
GLOB_294,"Masasiri|Laut, Klein Pulau|Pulau Matasiri|Kleen Poelo Louwt|Masasiery|Klein-Laut",Pulau Matasiri,-4.79875,115.81553,POINT (115.81553 -4.79875),http://digitaalerfgoed.poolparty.biz/globalise/d8b4d9c6-11b3-430a-ba08-48eb1f3a8f56,island
GLOB_295,Langelange|Lange Lange|Lange-Lange|Leppe,Lange-Lange,-5.40583,120.36861,POINT (120.36861 -5.40583),http://digitaalerfgoed.poolparty.biz/globalise/d4dafba3-2344-4f5a-a94d-ed988069d0e5|http://digitaalerfgoed.poolparty.biz/globalise/d1f592cd-dec1-4f42-bb73-930ce816dfaf,village|landschap
GLOB_296,Limboeno|Lemboa|Lemboenoe|Lambunu|Lamboenoe|Limbunu|Lemboenen|Lemboeno|Lemboene|Limboenen,Lambunu,0.4557,121.0144,POINT (121.0144 0.4557),http://digitaalerfgoed.poolparty.biz/globalise/ebf26f69-b692-437a-b6fa-2bb4ae0ae95b|http://digitaalerfgoed.poolparty.biz/globalise/7c1af419-926c-47c9-9450-05dc5849c05c,polity|negorij [PROBLEMATIC TERM]
GLOB_298,Pambauwang|Pambuang|Parapowang,Pambuang,-3.46667,118.91083,POINT (118.91083 -3.46667),http://digitaalerfgoed.poolparty.biz/globalise/d1f592cd-dec1-4f42-bb73-930ce816dfaf,landschap
GLOB_299,Coetchyn|Coetchim|Cohin|Perumbadapil|Cochin|Kochin|Koutschien|Cochim|Couchijn|Couchim|Couchyn|Coutchin|Cotchyn|Kochi|Coutchien|Couchin,Cochin,9.939431,76.258793,POINT (76.258793 9.939431),https://digitaalerfgoed.poolparty.biz/globalise/8e41887e-0111-4667-b209-9d0da933b7d8|https://digitaalerfgoed.poolparty.biz/globalise/93a0b2c9-ad9a-4bab-8620-11b5c1e01f37,port|town
GLOB_299_HUM_1,Cochin (VOC administered area)|Coetchim|Coutchien,Cochin (VOC administered area),9.939431,76.258793,POINT (76.258793 9.939431),https://digitaalerfgoed.poolparty.biz/globalise/49b48294-d3be-4a92-a066-a13be466993c,VOC administered area
GLOB_299_HUM_2,Cochin (Kingdom)|t koninkryk Coetchim|Koutschien,Cochin (Kingdom),9.939431,76.258793,POINT (76.258793 9.939431),https://digitaalerfgoed.poolparty.biz/globalise/6f1f178a-fa6f-4553-a723-99f9d909a771,kingdom
GLOB_29_HUM_1,Kannur (VOC administered area)|Canenoor,Kannur (VOC administered area),11.87827,75.373564,POINT (75.373564 11.87827),https://digitaalerfgoed.poolparty.biz/globalise/49b48294-d3be-4a92-a066-a13be466993c,VOC administered area
GLOB_29_HUM_2,'t Koninkryk Canenoor|Kannur (Kingdom)|Het Koningryk Cananor,Kannur (Kingdom),11.87827,75.373564,POINT (75.373564 11.87827),https://digitaalerfgoed.poolparty.biz/globalise/6f1f178a-fa6f-4553-a723-99f9d909a771,kingdom
GLOB_3,Adrangapatnam|Adragapatnam|Adirampattinam,Adirampattinam,10.34059,79.37905,POINT (79.37905 10.34059),https://digitaalerfgoed.poolparty.biz/globalise/d4dafba3-2344-4f5a-a94d-ed988069d0e5|https://digitaalerfgoed.poolparty.biz/globalise/93a0b2c9-ad9a-4bab-8620-11b5c1e01f37,port|village
GLOB_30,Candia|Candi|Candy|Kandia|Kandi|Kandy,Kandy,7.286944444,80.6275,POINT (80.6275 7.286944),https://digitaalerfgoed.poolparty.biz/globalise/6f1f178a-fa6f-4553-a723-99f9d909a771,kingdom
GLOB_301,Nulucarre|Moeloercarre|Manacotta,Manacotta,-,-,POINT EMPTY,http://digitaalerfgoed.poolparty.biz/globalise/06278cc4-0ec4-4376-b869-8c21bf507894,region
GLOB_302,"Pulau Sabuda|Nusafudi|Noesafoedy|Piesangh, Poelo",Pulau Sabuda,-2.639557,131.630501,POINT (131.630501 -2.639557),http://digitaalerfgoed.poolparty.biz/globalise/d8b4d9c6-11b3-430a-ba08-48eb1f3a8f56,island
GLOB_303,Alengamangelan|Nertomangelang,Nertomangelang,-,-,POINT EMPTY,http://digitaalerfgoed.poolparty.biz/globalise/d4dafba3-2344-4f5a-a94d-ed988069d0e5,village
GLOB_304,Kasiruta|Pulau Kasiruta|Oud-Batjan|Negeri Lama,Pulau Kasiruta,-0.393457,127.192444,POINT (127.192444 -0.393457),http://digitaalerfgoed.poolparty.biz/globalise/d8b4d9c6-11b3-430a-ba08-48eb1f3a8f56,island
GLOB_305,Ma'rib|Ma’rib,Ma’rib,15.4591,45.32534,POINT (45.32534 15.4591),https://digitaalerfgoed.poolparty.biz/globalise/20d7cfe7-b3b1-4223-b2b4-d9f6ddb2e683,city
GLOB_306,"Manjewakan, Pulau|Boompjeseiland|Rakit|Biawak Island|Boomkens",Biawak Island,-5.93016,108.38062,POINT (108.38062 -5.93016),http://digitaalerfgoed.poolparty.biz/globalise/d8b4d9c6-11b3-430a-ba08-48eb1f3a8f56,island
GLOB_307,Kedda-Kedda|Ketta|Keta,Keta,-3.74167,130.85,POINT (130.85 -3.74167),http://digitaalerfgoed.poolparty.biz/globalise/7c1af419-926c-47c9-9450-05dc5849c05c,negorij [PROBLEMATIC TERM]
GLOB_308,Limbrawas|Limborawa|Ambarawa,Ambarawa,-7.26333,110.3975,POINT (110.3975 -7.26333),-,-
GLOB_308_HUM_1,Limbrawas|Limborawa|Ambarawa,Ambarawa,-7.26333,110.3975,POINT (110.3975 -7.26333),http://digitaalerfgoed.poolparty.biz/globalise/8e41887e-0111-4667-b209-9d0da933b7d8,town
GLOB_308_HUM_2,Limbrawas|Limborawa|Ambarawa,Ambarawa,-7.26333,110.3975,POINT (110.3975 -7.26333),http://digitaalerfgoed.poolparty.biz/globalise/40217104-de46-42ed-80c8-480fac1f8706,district
GLOB_309,Kiasa|Kajasa|Kayasa,Kayasa,0.78492,127.61714,POINT (127.61714 0.78492),http://digitaalerfgoed.poolparty.biz/globalise/d1f592cd-dec1-4f42-bb73-930ce816dfaf,landschap
GLOB_31,Kaidipan|Candipang|Caydiepa|Caydipa|Caudipan|Kaidipang|Caupidang,Kaidipang,0.88889,123.26528,POINT (123.26528 0.88889),http://digitaalerfgoed.poolparty.biz/globalise/ebf26f69-b692-437a-b6fa-2bb4ae0ae95b|http://digitaalerfgoed.poolparty.biz/globalise/d1f592cd-dec1-4f42-bb73-930ce816dfaf,polity|landschap
GLOB_310,"Tanjung Kopongdei|Caab Floris|Flores, Kaap|Kopondei, Tandjung",Tanjung Kopongdei,-8.0635,122.8666,POINT (122.8666 -8.0635),http://digitaalerfgoed.poolparty.biz/globalise/ea0cf4b3-3d82-4ff6-ad10-12e77f581218,cape
GLOB_311,Labankoening|Labankonang|Lambangkuning,Lambangkuning,-8.20377,112.72099,POINT (112.72099 -8.20377),https://digitaalerfgoed.poolparty.biz/globalise/79dd26ba-f8df-4c5e-8783-27417a48fa99,inhabited place
GLOB_312,Rakata|Pulau Krakatau|Krakatau|Cracatou|Rakit,Pulau Krakatau,-6.15275,105.44391,POINT (105.44391 -6.15275),http://digitaalerfgoed.poolparty.biz/globalise/d8b4d9c6-11b3-430a-ba08-48eb1f3a8f56,island
GLOB_313,Buléleng|Boulelleng|Buleleng|Sarwetjapura|Boelilling|Boeleleeng,Buleleng,-8.25,114.95,POINT (114.95 -8.25),http://digitaalerfgoed.poolparty.biz/globalise/6f1f178a-fa6f-4553-a723-99f9d909a771,kingdom
GLOB_314,Njay Goya|Jailolo|Djailolo|Gilolo|Jelolo,Jailolo,1.065012,127.466969,POINT (127.466969 1.065012),https://digitaalerfgoed.poolparty.biz/globalise/6f1f178a-fa6f-4553-a723-99f9d909a771,kingdom
GLOB_316,Nagari Pakandangan|Pakandangan,Nagari Pakandangan,-0.64083,100.25694,POINT (100.25694 -0.64083),http://digitaalerfgoed.poolparty.biz/globalise/7c1af419-926c-47c9-9450-05dc5849c05c,negorij [PROBLEMATIC TERM]
GLOB_317,Pulau Panaitan|Nieuwe Eiland|Prinseneiland|Panaitan|Princen Eyland|Princeneyland,Pulau Panaitan,-6.589229,105.215712,POINT (105.215712 -6.589229),http://digitaalerfgoed.poolparty.biz/globalise/d8b4d9c6-11b3-430a-ba08-48eb1f3a8f56,island
GLOB_32,Gondewarom|Goudewaron|Cangiwarom|Gondewaron|Condewaron,Gondewarom,-,-,POINT EMPTY,http://digitaalerfgoed.poolparty.biz/globalise/d4dafba3-2344-4f5a-a94d-ed988069d0e5,village
GLOB_320,Kaiwatoe|Kaiwatu|Carwado,Kaiwatu,-8.10914,127.81284,POINT (127.81284 -8.10914),http://digitaalerfgoed.poolparty.biz/globalise/7c1af419-926c-47c9-9450-05dc5849c05c,negorij [PROBLEMATIC TERM]
GLOB_321,île Bonapart|Île Bonaparte|Bourbon|Réunion|Ile de Bourbon|La Réunion|Bourbon |Bonaparte|Reunion|île Bonaparte,Réunion,-21.108332,55.524867,POINT (55.524867 -21.108332),http://digitaalerfgoed.poolparty.biz/globalise/d8b4d9c6-11b3-430a-ba08-48eb1f3a8f56,island
GLOB_322,Afghanistan|Asghanistan,Afghanistan,33.301655,64.785432,POINT (64.785432 33.301655),https://digitaalerfgoed.poolparty.biz/globalise/06278cc4-0ec4-4376-b869-8c21bf507894,region
GLOB_324,Chana|Chanda,Chanda,-,-,POINT EMPTY,https://digitaalerfgoed.poolparty.biz/globalise/07b3f630-b359-4d5d-a0cd-3c029dc1c394,guard post
GLOB_325,Engeland|Engelandt|England|Engelant,England,52.103321,-0.420341,POINT (-0.420341 52.103321),https://digitaalerfgoed.poolparty.biz/globalise/3a7d9c3a-c494-4713-b6a7-65cc125271a8,political administrative body
GLOB_326,Enamakkal|Innemaka|Inemake|Enamaka|Enamākkal|Inemaka,Enamākkal,10.51149,76.09365,POINT (76.09365 10.51149),-,-
GLOB_326_GEO_1,Enamakkal|Innemaka|Inemake|Enamākkal|Inemaka,Enamākkal,10.51149,76.09365,POINT (76.09365 10.51149),http://digitaalerfgoed.poolparty.biz/globalise/cf7cc49f-738b-48b0-80a7-476244ba4919,river
GLOB_326_HUM_1,Enamakkal|Innemaka|Inemake|Enamākkal|Inemaka,Enamākkal,10.51149,76.09365,POINT (76.09365 10.51149),http://digitaalerfgoed.poolparty.biz/globalise/84767cdb-cabe-4384-9e51-faca2ae3b864,fortification
GLOB_327,Fetwa|Fatwa|Fettua|Fettuwa,Fatwa,25.50958,85.30504,POINT (85.30504 25.50958),http://digitaalerfgoed.poolparty.biz/globalise/548ee91d-6717-49f1-917f-827280553153,factory
GLOB_328,Kalingapura|Klunkung|Caloncon|Klungkung,Klungkung,-8.53333,115.4,POINT (115.4 -8.53333),https://digitaalerfgoed.poolparty.biz/globalise/6f1f178a-fa6f-4553-a723-99f9d909a771,kingdom
GLOB_329,Dampit,Dampit,-8.216667,112.766667,POINT (112.766667 -8.216667),-,-
GLOB_33,広州|Kanton|Cantaon|Kwantoeng|Guangcheu|Guangzhou|Canton,Guangzhou,23.146042,113.260689,POINT (113.260689 23.146042),https://digitaalerfgoed.poolparty.biz/globalise/20d7cfe7-b3b1-4223-b2b4-d9f6ddb2e683|https://digitaalerfgoed.poolparty.biz/globalise/93a0b2c9-ad9a-4bab-8620-11b5c1e01f37,port|city
GLOB_330,"Kepulauan Sumur|Sumur, Pulau|Zutphen-eilanden",Kepulauan Sumur,-5.83333,105.8,POINT (105.8 -5.83333),http://digitaalerfgoed.poolparty.biz/globalise/25b09c82-eab3-41d4-9c36-831cfc2b496c,archipelago
GLOB_331,Watimeten|Watoemetten|Hatumeten|Hatumetta,Hatumeten,-3.51667,130.06667,POINT (130.06667 -3.51667),http://digitaalerfgoed.poolparty.biz/globalise/d4dafba3-2344-4f5a-a94d-ed988069d0e5,village
GLOB_332,Honawar|Condeware|Onor|Onvor|Honavar|Onoor,Honavar,14.28088,74.44497,POINT (74.44497 14.28088),http://digitaalerfgoed.poolparty.biz/globalise/84767cdb-cabe-4384-9e51-faca2ae3b864,fortification
GLOB_333,Munger|Mongeer|Monghyr,Monghyr,25.37459,86.47455,POINT (86.47455 25.37459),http://digitaalerfgoed.poolparty.biz/globalise/20d7cfe7-b3b1-4223-b2b4-d9f6ddb2e683,city
GLOB_334,Sumurning|Samoening|Samuning,Samoening,-,-,POINT EMPTY,http://digitaalerfgoed.poolparty.biz/globalise/7c1af419-926c-47c9-9450-05dc5849c05c,negorij [PROBLEMATIC TERM]
GLOB_336,Sungai Limau|Songe Limo|Limongh,Sungai Limau,-0.50111,100.06333,POINT (100.06333 -0.50111),https://digitaalerfgoed.poolparty.biz/globalise/79dd26ba-f8df-4c5e-8783-27417a48fa99,inhabited place
GLOB_337,Sungsang|Songsang|Sousang|Soesangh,Sungsang,-2.3667,104.8333,POINT (104.8333 -2.3667),http://digitaalerfgoed.poolparty.biz/globalise/cf7cc49f-738b-48b0-80a7-476244ba4919,river
GLOB_338,Calgam|Colgong|Calgain|Kahalgaon,Kahalgaon,25.26328,87.23264,POINT (87.23264 25.26328),-,-
GLOB_339,Cuttack|Catteck|Catek|Cateck,Cuttack,20.46497,85.87927,POINT (85.87927 20.46497),http://digitaalerfgoed.poolparty.biz/globalise/20d7cfe7-b3b1-4223-b2b4-d9f6ddb2e683|http://digitaalerfgoed.poolparty.biz/globalise/2b007e6a-a299-413b-bc7f-51e69a9e1fab,city|capital
GLOB_340,Cabo de Monte Daly|Ezhimala|Mondelij|Berg Delij|Erhimala|de Berg Delly|Ro: Monte dellie|Montadeli|Montadilla,Ezhimala,12.02683,75.20432,POINT (75.20432 12.02683),-,-
GLOB_340_GEO_1,Berg van Mondelij|Cabo de Monte Daly|de Bergh Montadeli|Mount Dilli|Berg Delij|Erhimala|de Berg Delly|Montadilla,Mount Dilli,12.02683,75.20432,POINT (75.20432 12.02683),http://digitaalerfgoed.poolparty.biz/globalise/c1aab052-d89b-471f-a3ad-51c52cdffe2f|https://digitaalerfgoed.poolparty.biz/globalise/168b4dfb-083c-4c4b-9bc8-4a824da53f0b,hill|mountain
GLOB_340_HUM_1,Ezhimala|Erhimala,Ezhimala,12.02683,75.20432,POINT (75.20432 12.02683),http://digitaalerfgoed.poolparty.biz/globalise/ebf26f69-b692-437a-b6fa-2bb4ae0ae95b,polity
GLOB_342,Corrossima|Corassima|Kalassim|Kalasin,Kalasin,16.43281,103.50658,POINT (103.50658 16.43281),-,-
GLOB_342_HUM_1,Corrossima|Corassima|Kalassim|Kalasin,Kalasin,16.43281,103.50658,POINT (103.50658 16.43281),http://digitaalerfgoed.poolparty.biz/globalise/0e3137ad-bc4d-4da6-8ba3-f4fc5fe7058f,province
GLOB_342_HUM_2,Corrossima|Corassima|Kalassim|Kalasin,Kalasin,16.43281,103.50658,POINT (103.50658 16.43281),http://digitaalerfgoed.poolparty.biz/globalise/20d7cfe7-b3b1-4223-b2b4-d9f6ddb2e683,city
GLOB_343,Bernagoor|Bernagore|Barrenger|Baranagar|Barahanagar,Baranagar,22.640987,88.372171,POINT (88.372171 22.640987),https://digitaalerfgoed.poolparty.biz/globalise/d4dafba3-2344-4f5a-a94d-ed988069d0e5,village
GLOB_344,Morotay|Tobelotai|Morotai Island|Moratai|Tobelotay|Morotai,Morotai Island,2.32131,128.44267,POINT (128.44267 2.32131),http://digitaalerfgoed.poolparty.biz/globalise/d8b4d9c6-11b3-430a-ba08-48eb1f3a8f56,island
GLOB_346,Ponorogo|Panaraga|Paneroegan|Pranaraga,Ponorogo,-7.85,111.5,POINT (111.5 -7.85),http://digitaalerfgoed.poolparty.biz/globalise/d1f592cd-dec1-4f42-bb73-930ce816dfaf,landschap
GLOB_347,Thelua|Tehua,Tehua,-3.31167,129.69167,POINT (129.69167 -3.31167),https://digitaalerfgoed.poolparty.biz/globalise/79dd26ba-f8df-4c5e-8783-27417a48fa99,inhabited place
GLOB_348,Dhaka (Bangladesh)|Deka|Dekhan|Dekka|Dhaka|Dacca|Dhecca|Daca|Decca,Dhaka (Bangladesh),23.70851,90.406823,POINT (90.406823 23.70851),https://digitaalerfgoed.poolparty.biz/globalise/20d7cfe7-b3b1-4223-b2b4-d9f6ddb2e683,city
GLOB_349,Condaweira|Kondavid|Kondavīdu|Kondavira|Condawier,Kondavīdu,16.2632,80.2623,POINT (80.2623 16.2632),http://digitaalerfgoed.poolparty.biz/globalise/0e3137ad-bc4d-4da6-8ba3-f4fc5fe7058f,province
GLOB_35,Karkalla|Carical|Carcal|Karikal|Carkal|Karaikal|Karkal,Karaikal,10.92716,79.837124,POINT (79.837124 10.92716),https://digitaalerfgoed.poolparty.biz/globalise/93a0b2c9-ad9a-4bab-8620-11b5c1e01f37,port
GLOB_350,Awa|Ava|Ava Nandaw|Hawa|Inwa,Ava Nandaw,21.866876,96.016449,POINT (96.016449 21.866876),https://digitaalerfgoed.poolparty.biz/globalise/20d7cfe7-b3b1-4223-b2b4-d9f6ddb2e683,city
GLOB_351,Chandahaar|Kandahar|Candahaar|Candhaar|Kandahar (Afghanistan),Kandahar (Afghanistan),31.61332,65.71013,POINT (65.71013 31.61332),http://digitaalerfgoed.poolparty.biz/globalise/20d7cfe7-b3b1-4223-b2b4-d9f6ddb2e683,city
GLOB_352,Machilipatnam|Masulepataem|Masulipatam|Muslipatnam|Masulipatnam|Mesulibata|Maslupatnam|Mazulipatnam|Machilipatam|Maselpatan|Mazulipatn,Machilipatnam,16.187475,81.134348,POINT (81.134348 16.187475),https://digitaalerfgoed.poolparty.biz/globalise/8e41887e-0111-4667-b209-9d0da933b7d8|https://digitaalerfgoed.poolparty.biz/globalise/93a0b2c9-ad9a-4bab-8620-11b5c1e01f37,port|town
GLOB_353,Minau|Minauw|Minab|Minou|Mīnāb,Mīnāb,27.13104,57.08716,POINT (57.08716 27.13104),http://digitaalerfgoed.poolparty.biz/globalise/20d7cfe7-b3b1-4223-b2b4-d9f6ddb2e683,city
GLOB_354,"Terlucco, fort|Hollandia|Benteng Tolukko",Benteng Tolukko,0.8139,127.38814,POINT (127.38814 0.8139),https://digitaalerfgoed.poolparty.biz/globalise/84767cdb-cabe-4384-9e51-faca2ae3b864,fortification
GLOB_355,Huangpu Dao|Huangpu|Wanpho|Wampo|Whampoa|Wampho,Huangpu Dao,23.09238,113.39139,POINT (113.39139 23.09238),http://digitaalerfgoed.poolparty.biz/globalise/d8b4d9c6-11b3-430a-ba08-48eb1f3a8f56,island
GLOB_356,Berduaan|Borduaan|Burdwan|Barddhaman,Barddhaman,23.25572,87.85691,POINT (87.85691 23.25572),https://digitaalerfgoed.poolparty.biz/globalise/40217104-de46-42ed-80c8-480fac1f8706,district
GLOB_357,Baygam Korala|Baijgaim|Baaygams|Beragama|Baygams|Baygam|Baygam Korale,Beragama,6.14539,80.55794,POINT (80.55794 6.14539),-,-
GLOB_357_HUM_1,Baijgaim|Baaygams|Baygams|Baygam|Beragama,Beragama,6.14539,80.55794,POINT (80.55794 6.14539),http://digitaalerfgoed.poolparty.biz/globalise/8e41887e-0111-4667-b209-9d0da933b7d8,town
GLOB_357_HUM_2,Baygam Korala|Baijgaim|Baaygams|Beragama|Baygams|Baygam|Baygam Korale,Beragama,6.14539,80.55794,POINT (80.55794 6.14539),http://digitaalerfgoed.poolparty.biz/globalise/851d29fa-da48-4c05-a99a-ecdd5902b0ee,korale
GLOB_358,Varapoli|Varappuzha|Warapolij|Warapel|Varapolij|Verapoli|Parabel,Varappuzha,10.07589,76.27152,POINT (76.27152 10.07589),http://digitaalerfgoed.poolparty.biz/globalise/a5da1966-bdf3-4a6d-8c81-1f09b53f9060|https://digitaalerfgoed.poolparty.biz/globalise/b314324f-9ecb-451a-8f7b-71828799d989,diocese|religious center
GLOB_358_HUM_1,Warapel|Varappuzha (Church)|Warapolij,Varappuzha (Church),10.07589,76.27152,POINT (76.27152 10.07589),https://digitaalerfgoed.poolparty.biz/globalise/d988ee0d-6b1c-4ba3-96f5-a95a5fd672da,church
GLOB_358_HUM_2,Varappuzha (Garden),Varappuzha (Garden),10.07589,76.27152,POINT (76.27152 10.07589),https://digitaalerfgoed.poolparty.biz/globalise/9ff96df6-316f-4f2d-9a68-84fcd87893f2,garden
GLOB_36,Siaoe|Siau|Chiau|Pulau Siau|Chiouw|Chiauw|Syam|Chiauwe,Pulau Siau,2.75,125.4166667,POINT (125.416667 2.75),https://digitaalerfgoed.poolparty.biz/globalise/d8b4d9c6-11b3-430a-ba08-48eb1f3a8f56,island
GLOB_360,Swaspur|Sawaspour,Sawaspour,-,-,POINT EMPTY,https://digitaalerfgoed.poolparty.biz/globalise/79dd26ba-f8df-4c5e-8783-27417a48fa99,inhabited place
GLOB_361,Tamblegamme|Thampalakamam|Tampalakamam,Tampalakamam,8.4995,81.0972,POINT (81.0972 8.4995),http://digitaalerfgoed.poolparty.biz/globalise/0e3137ad-bc4d-4da6-8ba3-f4fc5fe7058f,province
GLOB_362,Pamalang|Pemalang,Pemalang,-6.889905,109.383943,POINT (109.383943 -6.889905),https://digitaalerfgoed.poolparty.biz/globalise/55f41aea-cc65-4cfb-88c4-766a2841452a,regency
GLOB_363,Taroertakka|Palecalcherij|Palcatcherij|Palicatcheirij|Palleacatcherij|Pallecattesjery|Palghat|Palakkad|Palicatcherij|Palliecattesjerij,Palakkad,10.7725|10.77319,76.65366|76.651389,POINT (76.65366 10.77319)|POINT (76.651389 10.7725),-,-
GLOB_363_HUM_1,Palecalcherij|Palcatcherij|Palleacatcherij|Palghat|Palakkad|Palicatcherij,Palakkad,10.7725,76.651389,POINT (76.651389 10.7725),http://digitaalerfgoed.poolparty.biz/globalise/20d7cfe7-b3b1-4223-b2b4-d9f6ddb2e683,city
GLOB_363_HUM_2,Palecalcherij|Palcatcherij|Palleacatcherij|Palghat|Palakkad|Palicatcherij,Palakkad,10.7725,76.651389,POINT (76.651389 10.7725),http://digitaalerfgoed.poolparty.biz/globalise/6f1f178a-fa6f-4553-a723-99f9d909a771,kingdom
GLOB_364,Pagaruyung|Pagarujung|Paggeroedjong|Pagger Oudjangh|Pagarrujung,Pagaruyung,-0.44972,100.61972,POINT (100.61972 -0.44972),http://digitaalerfgoed.poolparty.biz/globalise/2b007e6a-a299-413b-bc7f-51e69a9e1fab,capital
GLOB_365,Pandata|Padanta|Patanta,Patanta,-,-,POINT EMPTY,-,-
GLOB_366,Pannanij|Panany|Ponnani|Pananie|Pananij|Ponanij|Pannany|Paniane Residensi van den Samorijn,Ponnani,10.776903,75.920835,POINT (75.920835 10.776903),https://digitaalerfgoed.poolparty.biz/globalise/79dd26ba-f8df-4c5e-8783-27417a48fa99,inhabited place
GLOB_366_HUM_1,Ponnani (European Settlement)|Pananie,Ponnani (European Settlement),10.776903,75.920835,POINT (75.920835 10.776903),https://digitaalerfgoed.poolparty.biz/globalise/c12eaa34-8bf0-4f08-92b8-195871dbf949,european settlement
GLOB_367,Oostelijke gouvernementen|Grote Oost|Oostersche gouvernementen|Oostelijke gebieden|Oosterse gouvernementen|Groote Oost|Oosterkwartieren|Oosterse comptoiren|Oostelijke gewesten|Oostelijke provincies|Oosterkwartierenprovinciën|Oostersche comptoiren|Oost,Oosterkwartieren,-,-,POINT EMPTY,http://digitaalerfgoed.poolparty.biz/globalise/06278cc4-0ec4-4376-b869-8c21bf507894,region
GLOB_368,Oenewatte|Unawatuna,Unawatuna,6.0212,80.2503,POINT (80.2503 6.0212),http://digitaalerfgoed.poolparty.biz/globalise/d4dafba3-2344-4f5a-a94d-ed988069d0e5,village
GLOB_369,Oenarang|Ungaran,Ungaran,-7.129741,110.403813,POINT (110.403813 -7.129741),https://digitaalerfgoed.poolparty.biz/globalise/d4dafba3-2344-4f5a-a94d-ed988069d0e5,village
GLOB_37,Cuddalur|Koereloer|Cuddalore|Coedeloer|Kuddalore|Coereloer,Cuddalore,11.71578,79.769061,POINT (79.769061 11.71578),https://digitaalerfgoed.poolparty.biz/globalise/93a0b2c9-ad9a-4bab-8620-11b5c1e01f37,port
GLOB_370,H. Panca|Ujung Pangkah|Tandjung Pankah|H. Paggat|Oedjong Panka,Ujung Pangkah,-6.85,112.55,POINT (112.55 -6.85),http://digitaalerfgoed.poolparty.biz/globalise/50310cac-a6c2-4e9d-9162-ebaa073a9835,point
GLOB_371,Udaiyārpālaiyam|Udaiyarpalaiyam|Oudeaar|Oedeaarpalium,Udaiyārpālaiyam,11.18733,79.29331,POINT (79.29331 11.18733),https://digitaalerfgoed.poolparty.biz/globalise/ebf26f69-b692-437a-b6fa-2bb4ae0ae95b,polity
GLOB_372,Nagore|Naoer|Nogera|Naur|Naore|Nauor,Nagore,10.817288,79.840815,POINT (79.840815 10.817288),http://digitaalerfgoed.poolparty.biz/globalise/d4dafba3-2344-4f5a-a94d-ed988069d0e5,village
GLOB_373,Nigomba|Negumbo|Negombo|Nigombo,Negombo,7.216712,79.839592,POINT (79.839592 7.216712),-,-
GLOB_373_HUM_1,Nigombo|Negumbo|Nigomba|Negombo (city)|Negombo,Negombo (city),7.216712,79.839592,POINT (79.839592 7.216712),https://digitaalerfgoed.poolparty.biz/globalise/20d7cfe7-b3b1-4223-b2b4-d9f6ddb2e683|https://digitaalerfgoed.poolparty.biz/globalise/93a0b2c9-ad9a-4bab-8620-11b5c1e01f37,port|city
GLOB_373_HUM_2,Nigombo|Negumbo|Nigomba|Negombo Fort|Negombo,Negombo Fort,7.208333,79.830556,POINT (79.830556 7.208333),https://digitaalerfgoed.poolparty.biz/globalise/84767cdb-cabe-4384-9e51-faca2ae3b864,fort
GLOB_374,Tangerang (rivier)|Ontong Java|Ci Sadane,Ci Sadane,-6.00806,106.64056,POINT (106.64056 -6.00806),http://digitaalerfgoed.poolparty.biz/globalise/cf7cc49f-738b-48b0-80a7-476244ba4919,river
GLOB_375,Osacco|Osaka|大坂|Osakka|Osacca,Osaka,34.68516855,135.5048292,POINT (135.504829 34.685169),https://digitaalerfgoed.poolparty.biz/globalise/20d7cfe7-b3b1-4223-b2b4-d9f6ddb2e683,city
GLOB_376,Orixa|Orissa|Odisha,Odisha,20.5,84.41667,POINT (84.41667 20.5),http://digitaalerfgoed.poolparty.biz/globalise/0e3137ad-bc4d-4da6-8ba3-f4fc5fe7058f,province
GLOB_377,Pekalongan|Packalongan|Pankalongan|Paccalongang|Pakalongan|Paccalongan,Pekalongan,-6.879051,109.676113,POINT (109.676113 -6.879051),https://digitaalerfgoed.poolparty.biz/globalise/55f41aea-cc65-4cfb-88c4-766a2841452a,regency
GLOB_378,Priamang|Priaman|Priamange|Prianang|Pariaman,Pariaman,-0.627581,100.117886,POINT (100.117886 -0.627581),https://digitaalerfgoed.poolparty.biz/globalise/8e41887e-0111-4667-b209-9d0da933b7d8|https://digitaalerfgoed.poolparty.biz/globalise/93a0b2c9-ad9a-4bab-8620-11b5c1e01f37,port|town
GLOB_379,Porania|Purāini|Poranie|Pourania|Poerannia|Puraini|Pourannia|Poeram,Purāini,25.142565,86.97967,POINT (86.97967 25.142565),https://digitaalerfgoed.poolparty.biz/globalise/3a7d9c3a-c494-4713-b6a7-65cc125271a8,political administrative body
GLOB_38,Coilang|Koulan|Coulan|Zingenaty|Coilan|Coylan|Coijlan|Desinganadu|Signettij|Coulang|Coylang|Coijlang|Signatty|Quilon|Kollam,Kollam,8.882019,76.592016,POINT (76.592016 8.882019),https://digitaalerfgoed.poolparty.biz/globalise/93a0b2c9-ad9a-4bab-8620-11b5c1e01f37,port
GLOB_381,Pooneryn|Ponnereijn|Poimerijn|Pommerijn|Poonerijn|Ponnorijn|Ponneri|Ponnerijn|Ponnoryn|Pomerijn,Pooneryn,9.501388889,80.20666667,POINT (80.206667 9.501389),https://digitaalerfgoed.poolparty.biz/globalise/d4dafba3-2344-4f5a-a94d-ed988069d0e5,village
GLOB_382,Quala Damac|De Mak|Qualla Damak|Qualladamak|Damak|Qualla Damacq|Damack|Demak|Qualladamacq|Qalladamacq,Demak,-6.892685,110.639505,POINT (110.639505 -6.892685),https://digitaalerfgoed.poolparty.biz/globalise/55f41aea-cc65-4cfb-88c4-766a2841452a,regency
GLOB_383,Pattani [Thailand]|Patani|Pattani,Pattani [Thailand],6.869635,101.250422,POINT (101.250422 6.869635),https://digitaalerfgoed.poolparty.biz/globalise/93a0b2c9-ad9a-4bab-8620-11b5c1e01f37,port
GLOB_384,Pachet|Patchet|Panchet,Panchet,23.62085,86.77755,POINT (86.77755 23.62085),http://digitaalerfgoed.poolparty.biz/globalise/40217104-de46-42ed-80c8-480fac1f8706,district
GLOB_385,Paravur (Kollam)|Paroe|Paravur|Parur|Paru,Paravur (Kollam),8.810948,76.668577,POINT (76.668577 8.810948),-,-
GLOB_386,Pesa|Pesse|Pandarathuruthu|Pantaartoerdi|Pantaartoerdoe|Pandaraturuth|Peza|Pantuartoerdoe|Panderatourte|Beesa|Pantartoertij|Panderaturty,Pandaraturuth,9.03442,76.51322,POINT (76.51322 9.03442),http://digitaalerfgoed.poolparty.biz/globalise/7ae1058d-6313-435b-a30a-fd1c1b2ac9ee,trading post
GLOB_386_HUM_1,Pandaraturuth (Tollhouse)|Tollhuijs v. Pantuartoerdoe|Tolhuis v: Pantaartoerdi,Pandaraturuth (Tollhouse),9.03442,76.51322,POINT (76.51322 9.03442),https://digitaalerfgoed.poolparty.biz/globalise/6e10b4e5-2a9a-4272-b10d-23c19f1e7448,tollhouse
GLOB_386_HUM_2,Comps Ruisthuijs op Beesa|Pandaraturuth (Resthouse)|'s Comps: Rusthuis op Beesa,Pandaraturuth (Resthouse),9.03442,76.51322,POINT (76.51322 9.03442),https://digitaalerfgoed.poolparty.biz/globalise/e6708012-d771-481c-b0e7-a2a1d34972f2,resthouse
GLOB_387,Peritalij|Nedumangād|Peretaly|Nedumangadu|Peritali,Nedumangād,8.6,77.0,POINT (77 8.6),http://digitaalerfgoed.poolparty.biz/globalise/6f1f178a-fa6f-4553-a723-99f9d909a771,kingdom
GLOB_388,Para|Peera|Pera|Perak,Perak,4.616041,101.089515,POINT (101.089515 4.616041),https://digitaalerfgoed.poolparty.biz/globalise/06278cc4-0ec4-4376-b869-8c21bf507894,region
GLOB_389,Pennegonde|Pennagonda|Peroegonda Dorgam|Penukonda,Penukonda,14.083333,77.583333,POINT (77.583333 14.083333),http://digitaalerfgoed.poolparty.biz/globalise/84767cdb-cabe-4384-9e51-faca2ae3b864,fortification
GLOB_38_HUM_1,Coilang|Signatti|Kollam (kingdom)|Coulan|Zingenaty|Coilan|Coylan|Coijlan|Desinganadu|Signettij|Desinganad|Coylang|Coijlang|T Ryk van Signatti|Signattij|Signatty|Quilon,Kollam (kingdom),8.88113,76.58469,POINT (76.58469 8.88113),https://digitaalerfgoed.poolparty.biz/globalise/6f1f178a-fa6f-4553-a723-99f9d909a771,kingdom
GLOB_38_HUM_2,Koulan|Coulang|Kollam (city),Kollam (city),8.88113,76.58469,POINT (76.58469 8.88113),https://digitaalerfgoed.poolparty.biz/globalise/20d7cfe7-b3b1-4223-b2b4-d9f6ddb2e683|https://digitaalerfgoed.poolparty.biz/globalise/2b007e6a-a299-413b-bc7f-51e69a9e1fab,city|capital
GLOB_38_HUM_3,Kollam (VOC administered area),Kollam (VOC administered area),8.882019,76.592016,POINT (76.592016 8.882019),https://digitaalerfgoed.poolparty.biz/globalise/49b48294-d3be-4a92-a066-a13be466993c,VOC administered area
GLOB_391,Palopo|Paloepoe,Palopo,-2.9925,120.19694,POINT (120.19694 -2.9925),https://digitaalerfgoed.poolparty.biz/globalise/6f1f178a-fa6f-4553-a723-99f9d909a771|https://digitaalerfgoed.poolparty.biz/globalise/2b007e6a-a299-413b-bc7f-51e69a9e1fab,kingdom|capital
GLOB_392,Natal|Natter|Nattareesen,Natal,0.555015,99.11341,POINT (99.11341 0.555015),https://digitaalerfgoed.poolparty.biz/globalise/8e41887e-0111-4667-b209-9d0da933b7d8,town
GLOB_394,Manicorda|Manakkodam|Manicorde|Manikorda|Manikoorde|Manicoorde,Manakkodam,9.75,76.285,POINT (76.285 9.75),http://digitaalerfgoed.poolparty.biz/globalise/07b3f630-b359-4d5d-a0cd-3c029dc1c394,guard post
GLOB_394_HUM_1,'s Comps: Wagtpost Manikoorde|Comps Wagt post Manikoorde|Manakkodam (Guard post),Manakkodam (Guard post),9.75,76.285,POINT (76.285 9.75),https://digitaalerfgoed.poolparty.biz/globalise/07b3f630-b359-4d5d-a0cd-3c029dc1c394,guard post
GLOB_395,Mangie|Mangu|Mangi,Mangie,13.57169,80.14617,POINT (80.14617 13.57169),http://digitaalerfgoed.poolparty.biz/globalise/d4dafba3-2344-4f5a-a94d-ed988069d0e5,village
GLOB_397,Maissoer|Maysjour|Maijsoer|Misjour|Maysoer|Maisoer|Mysore|Mysuru|Masoer,Mysuru,12.29791,76.63925,POINT (76.63925 12.29791),http://digitaalerfgoed.poolparty.biz/globalise/e2aea655-e60c-47a1-96d8-4c2fd0f92ba2|http://digitaalerfgoed.poolparty.biz/globalise/6f1f178a-fa6f-4553-a723-99f9d909a771,kingdom|principality
GLOB_397_HUM_1,"Mysuru (Kingdom)|Landen van den Nabab Heiden Ali Chan voordesen behoorende aan den koning van Sammorijn |Koning. van Maissoer|Landen van den Nabab, voordesen toebehoorende aan den Samoryn",Mysuru (Kingdom),12.29791,76.63925,POINT (76.63925 12.29791),https://digitaalerfgoed.poolparty.biz/globalise/6f1f178a-fa6f-4553-a723-99f9d909a771,kingdom
GLOB_399,Marua|Marava kingdom|Marruas|Maruasland,Marava kingdom,9.5,78.5,POINT (78.5 9.5),http://digitaalerfgoed.poolparty.biz/globalise/6f1f178a-fa6f-4553-a723-99f9d909a771|http://digitaalerfgoed.poolparty.biz/globalise/06278cc4-0ec4-4376-b869-8c21bf507894,region|kingdom
GLOB_40,"Coromandel|Chormandel|Custe Choromandel|Custe Coromandel|Choromandel|Coromandel Coast|Custe van Cormandel|Cust Coromandel|Coromandel, Kust van|Kust Coromandel|Cormandel",Coromandel Coast,12.073507,79.853473,POINT (79.853473 12.073507),http://digitaalerfgoed.poolparty.biz/globalise/42bea596-3b26-4598-a894-5922ff137c7c,coast
GLOB_401,Mogondo|Magonde|Mongondow,Mongondow,0.71667,124.03333,POINT (124.03333 0.71667),http://digitaalerfgoed.poolparty.biz/globalise/6f1f178a-fa6f-4553-a723-99f9d909a771,kingdom
GLOB_402,"Malakka, Straat|Malakka, Straat van|Malacca's Engte|Straat Malakka|Straat Malacca|Strait of Malacca",Strait of Malacca,5.02186,99.16466,POINT (99.16466 5.02186),http://digitaalerfgoed.poolparty.biz/globalise/46724d25-aa94-4848-a8ca-17fe02b0db2b,strait
GLOB_403,Maldives|Maldivo's|Malediven|Maldivo|Maldivos|Maldive Islands,Maldive Islands,3.33498,73.16547,POINT (73.16547 3.33498),http://digitaalerfgoed.poolparty.biz/globalise/25b09c82-eab3-41d4-9c36-831cfc2b496c,archipelago
GLOB_404,Mijnado|Menado|Manado,Manado,1.486936,124.838133,POINT (124.838133 1.486936),https://digitaalerfgoed.poolparty.biz/globalise/6f1f178a-fa6f-4553-a723-99f9d909a771,kingdom
GLOB_405,D' Kust van Malabaar|Malabaar|Malabar|Mallabaar|custe van Malabar|Custe Malabar|cust van Malabar|kust van Malabar|Malabar Coast,Malabar Coast,10.208811,76.155349,POINT (76.155349 10.208811),https://digitaalerfgoed.poolparty.biz/globalise/42bea596-3b26-4598-a894-5922ff137c7c|http://digitaalerfgoed.poolparty.biz/globalise/42bea596-3b26-4598-a894-5922ff137c7c,coast
GLOB_406,Mergi|Mirsij|Mergijn|Myeik|Merghij|Mergij|Mergui|Mergie,Myeik,12.43954,98.60028,POINT (98.60028 12.43954),http://digitaalerfgoed.poolparty.biz/globalise/93a0b2c9-ad9a-4bab-8620-11b5c1e01f37,port
GLOB_407,Nagesaki|Desjima|Decima|Dicima|Nangasacky|Langesaque|Nangasackij|Nangasakij|Nangasakkij|Nangazackij|Nangesaky|Desima|Nangasakki|Nagasaki|Nangasequi,Nagasaki,32.742923,129.872814,POINT (129.872814 32.742923),https://digitaalerfgoed.poolparty.biz/globalise/20d7cfe7-b3b1-4223-b2b4-d9f6ddb2e683,city
GLOB_408,Nanjangud|Nanjangūd,Nanjangūd,12.119722,76.682778,POINT (76.682778 12.119722),https://digitaalerfgoed.poolparty.biz/globalise/79dd26ba-f8df-4c5e-8783-27417a48fa99,inhabited place
GLOB_409,Mau|Mouw,Mau,25.94167,83.56111,POINT (83.56111 25.94167),http://digitaalerfgoed.poolparty.biz/globalise/40217104-de46-42ed-80c8-480fac1f8706,district
GLOB_41,Kottayam (Kannur)|Parreveacoil|Kottayam|Cottate,Kottayam (Kannur),11.833333,75.566667,POINT (75.566667 11.833333),-,-
GLOB_410,Motier|Motir|Pulau Moty|Moti|Moti Timor,Pulau Moty,0.433333333,127.4,POINT (127.4 0.433333),http://digitaalerfgoed.poolparty.biz/globalise/d8b4d9c6-11b3-430a-ba08-48eb1f3a8f56,island
GLOB_411,Modaragam|Modregam|Modaragam Point,Modaragam Point,8.58333,79.91667,POINT (79.91667 8.58333),http://digitaalerfgoed.poolparty.biz/globalise/6b7fbbae-8d7f-4fd1-bf49-9b4b7d2cb2e5,pearl bank
GLOB_412,Muar|Moar,Muar,2.0442,102.5689,POINT (102.5689 2.0442),http://digitaalerfgoed.poolparty.biz/globalise/8e41887e-0111-4667-b209-9d0da933b7d8|http://digitaalerfgoed.poolparty.biz/globalise/93a0b2c9-ad9a-4bab-8620-11b5c1e01f37,port|town
GLOB_413,Moerianattoe|Muriyanattu Nadu|Moerianattij,Moerianattoe,-,-,POINT EMPTY,http://digitaalerfgoed.poolparty.biz/globalise/06278cc4-0ec4-4376-b869-8c21bf507894,region
GLOB_414,Muttupet|Moetoepette|Muthupet,Muthupet,10.39505,79.49353,POINT (79.49353 10.39505),http://digitaalerfgoed.poolparty.biz/globalise/d4dafba3-2344-4f5a-a94d-ed988069d0e5,village
GLOB_415,Specerij-eilanden|Moluccos|Specerij Eilanden|Molucco's|Specerij-Eilanden|Specerij eilanden|Moluccas|Molukken|Zuidwester Eilanden|Specerij-landen,Moluccas,-2.927782,128.561599,POINT (128.561599 -2.927782),http://digitaalerfgoed.poolparty.biz/globalise/25b09c82-eab3-41d4-9c36-831cfc2b496c,archipelago
GLOB_417,Moeselie|Musely|Moeseli|Musali|Moeselij,Musali,8.6837,80.0129,POINT (80.0129 8.6837),http://digitaalerfgoed.poolparty.biz/globalise/0e3137ad-bc4d-4da6-8ba3-f4fc5fe7058f,province
GLOB_418,Ramgarh|Rotaarger|Ramger,Ramgarh,25.289992,83.653658,POINT (83.653658 25.289992),-,-
GLOB_419,Catsiouw|Catchouw|Hanoi|Hà Nội|Ke-Cho|Ke-cho|Katsiu,Hà Nội,21.013368,105.857964,POINT (105.857964 21.013368),https://digitaalerfgoed.poolparty.biz/globalise/20d7cfe7-b3b1-4223-b2b4-d9f6ddb2e683|http://digitaalerfgoed.poolparty.biz/globalise/2b007e6a-a299-413b-bc7f-51e69a9e1fab,city|capital
GLOB_41_HUM_1,Kottayam (Kannur)|Parreveacoil|Kottayam|Cottate,Kottayam (Kannur),11.833333,75.566667,POINT (75.566667 11.833333),http://digitaalerfgoed.poolparty.biz/globalise/7f946cd2-9901-408a-ac12-355466c473c2,residentie
GLOB_41_HUM_2,Kottayam (Kannur)|Parreveacoil|Kottayam|Cottate,Kottayam (Kannur),11.833333,75.566667,POINT (75.566667 11.833333),http://digitaalerfgoed.poolparty.biz/globalise/ebf26f69-b692-437a-b6fa-2bb4ae0ae95b,polity
GLOB_42,Kottar|Cottatte|Nagercoil|Cotta|Cottat|Cotatte,Kottar,8.176829,77.436175,POINT (77.436175 8.176829),https://digitaalerfgoed.poolparty.biz/globalise/8e41887e-0111-4667-b209-9d0da933b7d8,town
GLOB_420,Trinquenemale|Trinqummale|Trinkenemale|Trincornale|Trinconemale|Trincoenemale|Trinkimaly|Triniconomale|Trinconomale|Trinconomaalo|Trincomalee|Triquilimale|Trincomale,Trincomalee,8.570555556,81.23083333,POINT (81.230833 8.570556),https://digitaalerfgoed.poolparty.biz/globalise/93a0b2c9-ad9a-4bab-8620-11b5c1e01f37,port
GLOB_421,Trevancour|Treevancoer|Trevancoor|Travankor|Travancore|Travancour|Trevancoer,Travancore,8.4855|8.506944,76.956944|76.94924,POINT (76.956944 8.506944)|POINT (76.94924 8.4855),http://digitaalerfgoed.poolparty.biz/globalise/6f1f178a-fa6f-4553-a723-99f9d909a771,kingdom
GLOB_421_HUM_1,Travancore (European Settlement)|Travancour,Travancore (European Settlement),8.4855,76.94924,POINT (76.94924 8.4855),https://digitaalerfgoed.poolparty.biz/globalise/c12eaa34-8bf0-4f08-92b8-195871dbf949,european settlement
GLOB_421_HUM_2,T Ryk Trevancour|Gebied van Travankor|Travancore (Kingdom),Travancore (Kingdom),8.4855,76.94924,POINT (76.94924 8.4855),https://digitaalerfgoed.poolparty.biz/globalise/6f1f178a-fa6f-4553-a723-99f9d909a771,kingdom
GLOB_422,Trangano|Trengganu|Tragano|Terengganu|Tringan,Terengganu,5.0,103.0,POINT (103 5),http://digitaalerfgoed.poolparty.biz/globalise/ebf26f69-b692-437a-b6fa-2bb4ae0ae95b|http://digitaalerfgoed.poolparty.biz/globalise/d1f592cd-dec1-4f42-bb73-930ce816dfaf,polity|landschap
GLOB_425,Termaan|Termane|Termano|Ndaomane|Termanu,Termanu,-10.675,123.10417,POINT (123.10417 -10.675),http://digitaalerfgoed.poolparty.biz/globalise/7c1af419-926c-47c9-9450-05dc5849c05c,negorij [PROBLEMATIC TERM]
GLOB_426,Tanimbar eilanden|Timorlaut|Pulau-pulau Tanimbar|Tenimber|Tanimbar|Tenemberse eylanden|Tanimbar Archipelago,Pulau-pulau Tanimbar,-7.5,131.5,POINT (131.5 -7.5),http://digitaalerfgoed.poolparty.biz/globalise/25b09c82-eab3-41d4-9c36-831cfc2b496c,archipelago
GLOB_427,Thekkumkur|Teckenkoer|Tekkenkur|Teckencoer|Tekkumkur|Tekkenkoer|Teckencoor|Tekkencoer,Thekkumkur,9.5,-,POINT EMPTY,http://digitaalerfgoed.poolparty.biz/globalise/6f1f178a-fa6f-4553-a723-99f9d909a771,kingdom
GLOB_427_HUM_1,T' Land van Teckencoor|T Land van Tekkencoer|'T Land van Trevancoer genaamt Tekkencoer|Thekkumkur (Kingdom),Thekkumkur (Kingdom),9.5,-,POINT EMPTY,https://digitaalerfgoed.poolparty.biz/globalise/6f1f178a-fa6f-4553-a723-99f9d909a771,kingdom
GLOB_428,Trikenapallij|Tirikenapalli|Trikenapalli|Trikenapally|Triporattij|Trikunnapuzha|Trikunnappuzha|Tirkenapolie,Trikunnapuzha,9.26089,76.40924,POINT (76.40924 9.26089),http://digitaalerfgoed.poolparty.biz/globalise/02db354d-bbd0-4122-aa18-00d6fe8cba28,temple
GLOB_428_HUM_1,Pagood van Trikenapally|Pagood v: Tirikenapalli|Pagood Trikenapallij|Trikunnapuzha (Temple),Trikunnapuzha (Temple),9.26089,76.40924,POINT (76.40924 9.26089),https://digitaalerfgoed.poolparty.biz/globalise/02db354d-bbd0-4122-aa18-00d6fe8cba28,temple
GLOB_429,Tiroenelwellij|Tirunelveli|Tirnevelho,Tirunelveli,8.72742,77.6838,POINT (77.6838 8.72742),http://digitaalerfgoed.poolparty.biz/globalise/d1f592cd-dec1-4f42-bb73-930ce816dfaf,landschap
GLOB_43,Cranganur|Cranganor|Crangenoor|Kranganor|Cranganore|Krangenoor|Kodungallur|Kranganoor|Cranganoor|Crangenor,Kodungallur,10.196296,76.211747,POINT (76.211747 10.196296),https://digitaalerfgoed.poolparty.biz/globalise/e2aea655-e60c-47a1-96d8-4c2fd0f92ba2,principality
GLOB_430,"Poulo Timon|Pulau Timon|Timaon, Poelo|Tioman|Tiuman, Pulau|Pulau Tioman|Tymon|Timaon Pulau|Pulau Tymon",Pulau Tioman,2.784022,104.168275,POINT (104.168275 2.784022),http://digitaalerfgoed.poolparty.biz/globalise/d8b4d9c6-11b3-430a-ba08-48eb1f3a8f56,island
GLOB_432,Tiruchirappalli|Tritsserepalij|Trichinopoly|Tiruchirappalli |Trichinapoly|Tritchenepalij|Tiruchirapalli|Trichenapali|Tritschenapalij|Tritsjenepallij,Tiruchirappalli,10.8328,78.69401,POINT (78.69401 10.8328),http://digitaalerfgoed.poolparty.biz/globalise/20d7cfe7-b3b1-4223-b2b4-d9f6ddb2e683|http://digitaalerfgoed.poolparty.biz/globalise/2b007e6a-a299-413b-bc7f-51e69a9e1fab,city|capital
GLOB_433,Westerkwartieren|Westelijke kantoren,Westerkwartieren,-,-,POINT EMPTY,http://digitaalerfgoed.poolparty.biz/globalise/06278cc4-0ec4-4376-b869-8c21bf507894,region
GLOB_434,Sumatra's Westkust|Sumatra's Western Coast|Westcust|Sumatra's west coast|Westkust van Sumatra,Sumatra's Western Coast,0.053876,99.610193,POINT (99.610193 0.053876),http://digitaalerfgoed.poolparty.biz/globalise/49b48294-d3be-4a92-a066-a13be466993c|https://digitaalerfgoed.poolparty.biz/globalise/06278cc4-0ec4-4376-b869-8c21bf507894,region|VOC administered area
GLOB_435,Wasselie|Wasile,Wasile,1.14361,128.20972,POINT (128.20972 1.14361),-,-
GLOB_436,"Maas, Kamers van de","Maas, Kamers van de",-,-,POINT EMPTY,-,-
GLOB_437,Sourat|Souratta|Zourat|Sourata|Zouratta|Surate|Surat|Suratte|Zuratta|Souratte,Surat,21.195936,72.818828,POINT (72.818828 21.195936),https://digitaalerfgoed.poolparty.biz/globalise/20d7cfe7-b3b1-4223-b2b4-d9f6ddb2e683|https://digitaalerfgoed.poolparty.biz/globalise/93a0b2c9-ad9a-4bab-8620-11b5c1e01f37,port|city
GLOB_438,Solo|Sullok|Solok|Xullok|Xullocq|Soloc,Solok,-0.75,100.7,POINT (100.7 -0.75),http://digitaalerfgoed.poolparty.biz/globalise/6f1f178a-fa6f-4553-a723-99f9d909a771,kingdom
GLOB_439,Pulau-pulau Sula|Xullase eylanden|Sula-eilanden|Sula eilanden,Pulau-pulau Sula,-2.01595,125.63398,POINT (125.63398 -2.01595),http://digitaalerfgoed.poolparty.biz/globalise/25b09c82-eab3-41d4-9c36-831cfc2b496c,archipelago
GLOB_43_HUM_1,Kodungallur (VOC administered area),Kodungallur (VOC administered area),10.196296,76.211747,POINT (76.211747 10.196296),https://digitaalerfgoed.poolparty.biz/globalise/c12eaa34-8bf0-4f08-92b8-195871dbf949,european settlement
GLOB_43_HUM_2,Kodungallur (Kingdom)|'T Ryk Krangenoor|Koningr. Kranganor,Kodungallur (Kingdom),10.196296,76.211747,POINT (76.211747 10.196296),https://digitaalerfgoed.poolparty.biz/globalise/6f1f178a-fa6f-4553-a723-99f9d909a771,kingdom
GLOB_43_HUM_3,Fort Cranganoor|Kodungallur (Fort),Kodungallur (Fort),10.196296,76.211747,POINT (76.211747 10.196296),https://digitaalerfgoed.poolparty.biz/globalise/84767cdb-cabe-4384-9e51-faca2ae3b864,fort
GLOB_44,Demmer|Damme|Damar|Damma|Pulau Damar|Dammer,Pulau Damar,-7.116666667,128.6666667,POINT (128.666667 -7.116667),http://digitaalerfgoed.poolparty.biz/globalise/d8b4d9c6-11b3-430a-ba08-48eb1f3a8f56,island
GLOB_440,Sula|Sulabesi|Sullabessij|Xulla Besje|Pulau Sanana|Xullabessey|Xullabessie|Pulau Sulabes|Xullabessij|Xsulla Bessie|Sulabes|Xulla|Xulla Bessij|Xula Bessie|Sanana,Pulau Sanana,-2.05589,125.980039,POINT (125.980039 -2.05589),https://digitaalerfgoed.poolparty.biz/globalise/d8b4d9c6-11b3-430a-ba08-48eb1f3a8f56,island
GLOB_441,Warme Rivier|Tjipanas|Sie Pannas|Warm Bad|Cipanas,Cipanas,-6.73472222,107.04638889,POINT (107.046389 -6.734722),http://digitaalerfgoed.poolparty.biz/globalise/76721ef1-2272-4f2b-a443-a7886d5c2307,hot spring
GLOB_442,Tuticorijn|Tutucoryn|Thoothukudi|Tuticorin|Tutecorin|Tutucorijn|Toute Koryn|Tutucorin,Thoothukudi,8.81,78.14666667,POINT (78.146667 8.81),https://digitaalerfgoed.poolparty.biz/globalise/8e41887e-0111-4667-b209-9d0da933b7d8,town
GLOB_443,Troisang|Terusan|Tarusan|Troussang,Tarusan,-1.24822,100.47885,POINT (100.47885 -1.24822),http://digitaalerfgoed.poolparty.biz/globalise/7c1af419-926c-47c9-9450-05dc5849c05c,negorij [PROBLEMATIC TERM]
GLOB_444,Wanni|Wannia|Vanni |Wannij|Vanni|Wanniya,Vanni,-,-,POINT EMPTY,http://digitaalerfgoed.poolparty.biz/globalise/06278cc4-0ec4-4376-b869-8c21bf507894,region
GLOB_445,Raigam|Raygam Corle|Raigam Korala|Reygam corle,Raigam,6.6921,79.9132,POINT (79.9132 6.6921),http://digitaalerfgoed.poolparty.biz/globalise/851d29fa-da48-4c05-a99a-ecdd5902b0ee,korale
GLOB_446,Tanpasso|Tompaso|Tompaso-baru,Tompaso,1.1788,124.8094,POINT (124.8094 1.1788),http://digitaalerfgoed.poolparty.biz/globalise/7c1af419-926c-47c9-9450-05dc5849c05c,negorij [PROBLEMATIC TERM]
GLOB_447,Sicca|Siacca|Siak,Siak,1.216667,102.15,POINT (102.15 1.216667),http://digitaalerfgoed.poolparty.biz/globalise/d1f592cd-dec1-4f42-bb73-930ce816dfaf,landschap
GLOB_448,"Pulau Semau|Semau, Pulau|Sema, Poulo",Pulau Semau,-10.23921,123.37658,POINT (123.37658 -10.23921),http://digitaalerfgoed.poolparty.biz/globalise/d8b4d9c6-11b3-430a-ba08-48eb1f3a8f56,island
GLOB_45,Daucke|Doucke|Ndao|Dauw|Doy|Doecke,Ndao,-10.81464,122.66477,POINT (122.66477 -10.81464),-,-
GLOB_450,Sicaboe|Sicabo|Sikado,Sicabo,-,-,POINT EMPTY,http://digitaalerfgoed.poolparty.biz/globalise/ebf26f69-b692-437a-b6fa-2bb4ae0ae95b,polity
GLOB_451,Savu Island|Sawoe|Pulau Sawu|Savoe|Savo|Sawu|Savu,Savu Island,-10.529806,121.873306,POINT (121.873306 -10.529806),http://digitaalerfgoed.poolparty.biz/globalise/d8b4d9c6-11b3-430a-ba08-48eb1f3a8f56,island
GLOB_452,Sarangani Island|Saringanij|Sarangani,Sarangani Island,5.44194,125.47583,POINT (125.47583 5.44194),http://digitaalerfgoed.poolparty.biz/globalise/d8b4d9c6-11b3-430a-ba08-48eb1f3a8f56,island
GLOB_454,Roode meer|Red Sea|Rode Zee|'t Rode meer|Rode Meir|'t Roode meer,Red Sea,20.907548,38.302944,POINT (38.302944 20.907548),https://digitaalerfgoed.poolparty.biz/globalise/1def21b2-fbe7-48e1-a236-f562dff99614,sea
GLOB_455,Sangirse eylanden|Sangihe eylanden|Pulau-pulau Sangihe|Sangihe eilanden,Pulau-pulau Sangihe,3.5,125.55,POINT (125.55 3.5),http://digitaalerfgoed.poolparty.biz/globalise/25b09c82-eab3-41d4-9c36-831cfc2b496c,archipelago
GLOB_456,Semarang|Samarangh|Samarang|Sammarang|Zamarang,Semarang,-6.965619,110.421467,POINT (110.421467 -6.965619),https://digitaalerfgoed.poolparty.biz/globalise/55f41aea-cc65-4cfb-88c4-766a2841452a,regency
GLOB_457,Tansjoer|Tansjour|Tjandjoer|Tandjore|Tjiandjur|Thanjavur,Thanjavur,10.78523,79.13909,POINT (79.13909 10.78523),-,-
GLOB_457_HUM_1,Tansjoer|Tansjour|Tjandjoer|Tandjore|Tjiandjur|Thanjavur,Thanjavur,10.78523,79.13909,POINT (79.13909 10.78523),http://digitaalerfgoed.poolparty.biz/globalise/20d7cfe7-b3b1-4223-b2b4-d9f6ddb2e683,city
GLOB_457_HUM_2,Tansjoer|Tansjour|Tjandjoer|Tandjore|Tjiandjur|Thanjavur,Thanjavur,10.78523,79.13909,POINT (79.13909 10.78523),http://digitaalerfgoed.poolparty.biz/globalise/e2aea655-e60c-47a1-96d8-4c2fd0f92ba2|http://digitaalerfgoed.poolparty.biz/globalise/6f1f178a-fa6f-4553-a723-99f9d909a771,kingdom|principality
GLOB_458,Tegal|Tengal|Tagal|Teggal|Taggal|Tagall,Tegal,-6.866013,109.133112,POINT (109.133112 -6.866013),https://digitaalerfgoed.poolparty.biz/globalise/55f41aea-cc65-4cfb-88c4-766a2841452a,regency
GLOB_459,Taliabu|Taljabo|Xulla Taljabo|Pulau Taliabu,Pulau Taliabu,-1.8131,124.8,POINT (124.8 -1.8131),http://digitaalerfgoed.poolparty.biz/globalise/d8b4d9c6-11b3-430a-ba08-48eb1f3a8f56,island
GLOB_45_GEO_1,Daucke|Doucke|Ndao|Dauw|Pulau Ndao|Doy|Doecke,Pulau Ndao,-10.81464,122.66477,POINT (122.66477 -10.81464),http://digitaalerfgoed.poolparty.biz/globalise/d8b4d9c6-11b3-430a-ba08-48eb1f3a8f56,island
GLOB_45_HUM_1,Daucke|Doucke|Ndao|Dauw|Doy|Doecke,Daucke,-10.81464,122.66477,POINT (122.66477 -10.81464),http://digitaalerfgoed.poolparty.biz/globalise/7c1af419-926c-47c9-9450-05dc5849c05c,negorij [PROBLEMATIC TERM]
GLOB_460,"Straat Sunda|Sunda's Engte|Straet Soenda|Sunda, Straat|Straat Soenda|Sundas Engte|Selat Sunda|Zunda's Engte|Sunda Strait|Zunda, Straat|Straet Sunda",Selat Sunda,-6.04129,105.67771,POINT (105.67771 -6.04129),http://digitaalerfgoed.poolparty.biz/globalise/46724d25-aa94-4848-a8ca-17fe02b0db2b,strait
GLOB_461,Tilcery|Tellicherry|Talchery|Tallicherij|Tallecherij|Talecheri|Thalassery|Tellechzy,Thalassery,11.74811,75.4929,POINT (75.4929 11.74811),http://digitaalerfgoed.poolparty.biz/globalise/20d7cfe7-b3b1-4223-b2b4-d9f6ddb2e683,city
GLOB_461_HUM_1,Tellechzy Engels|Thalassery (European settlement)|Talecheri,Thalassery (European settlement),11.74811,75.4929,POINT (75.4929 11.74811),https://digitaalerfgoed.poolparty.biz/globalise/c12eaa34-8bf0-4f08-92b8-195871dbf949,european settlement
GLOB_462,Tamacco|Tamacko|Tamako|Tambe,Tamako,3.46111,125.53889,POINT (125.53889 3.46111),http://digitaalerfgoed.poolparty.biz/globalise/40217104-de46-42ed-80c8-480fac1f8706,district
GLOB_463,Tenasserim|Tanintharyi|Tannasserij|Tanasserij,Tanintharyi,12.09032,99.01165,POINT (99.01165 12.09032),http://digitaalerfgoed.poolparty.biz/globalise/8e41887e-0111-4667-b209-9d0da933b7d8,town
GLOB_464,Tandjong|Tandjang|Tanjong|Tandjung,Tanjong,-6.5671,111.0407,POINT (111.0407 -6.5671),http://digitaalerfgoed.poolparty.biz/globalise/d4dafba3-2344-4f5a-a94d-ed988069d0e5,village
GLOB_465,Tannafora|Tanafora|Tanavora,Tannafora,-,-,POINT EMPTY,https://digitaalerfgoed.poolparty.biz/globalise/7c1af419-926c-47c9-9450-05dc5849c05c,negorij [PROBLEMATIC TERM]
GLOB_466,Nicobar eilanden|Sombreros|Nicobar Islands,Nicobar Islands,8.0,93.5,POINT (93.5 8),http://digitaalerfgoed.poolparty.biz/globalise/25b09c82-eab3-41d4-9c36-831cfc2b496c,archipelago
GLOB_467,Soengij Oedjong|Sungai Udjung|Sungai Ujong|Songoedjongh|Songey Oedjong,Sungai Ujong,2.7297,101.9381,POINT (101.9381 2.7297),http://digitaalerfgoed.poolparty.biz/globalise/ebf26f69-b692-437a-b6fa-2bb4ae0ae95b|http://digitaalerfgoed.poolparty.biz/globalise/d1f592cd-dec1-4f42-bb73-930ce816dfaf,polity|landschap
GLOB_468,Sungai Baharu|Songibaroe|Soengibaroe,Sungai Baharu,2.35,102.03333,POINT (102.03333 2.35),https://digitaalerfgoed.poolparty.biz/globalise/cf7cc49f-738b-48b0-80a7-476244ba4919,river
GLOB_469,Slangenoor|Selangor|Solongor|Salangoor|Slangoor|Kuala Selangor,Kuala Selangor,3.326472,101.257696,POINT (101.257696 3.326472),https://digitaalerfgoed.poolparty.biz/globalise/d1f592cd-dec1-4f42-bb73-930ce816dfaf,landschap
GLOB_47,Monsatello|Nussatello|Pulau Ela,Pulau Ela,-3.651945,127.907104,POINT (127.907104 -3.651945),http://digitaalerfgoed.poolparty.biz/globalise/d8b4d9c6-11b3-430a-ba08-48eb1f3a8f56,island
GLOB_470,Sioppra|Chupra|Sjoppra|Chapra,Chapra,25.781344,84.727764,POINT (84.727764 25.781344),https://digitaalerfgoed.poolparty.biz/globalise/20d7cfe7-b3b1-4223-b2b4-d9f6ddb2e683,city
GLOB_471,Sumanep|Singenap|Soemenap|Sunenep|Soemanep|Sumenep|Soemenep|Sumanap|Soemanap,Sumenep,-7.00353,113.860574,POINT (113.860574 -7.00353),https://digitaalerfgoed.poolparty.biz/globalise/55f41aea-cc65-4cfb-88c4-766a2841452a,regency
GLOB_472,Stadswaterpoort|Vierkantspoort,Vierkantspoort,-6.127672,106.811354,POINT (106.811354 -6.127672),http://digitaalerfgoed.poolparty.biz/globalise/385fe473-cafc-4f17-9f72-cbecd4088e6b,gate
GLOB_474,Bezer|Boesjir|Bandar Bushire|Boucheer|Boechier|Boucher|Bendher à Boucher|Bushehr|Bushire,Bushehr,28.990874,50.830904,POINT (50.830904 28.990874),https://digitaalerfgoed.poolparty.biz/globalise/8e41887e-0111-4667-b209-9d0da933b7d8|https://digitaalerfgoed.poolparty.biz/globalise/93a0b2c9-ad9a-4bab-8620-11b5c1e01f37,port|town
GLOB_476,Borneratti|Boneratie|Bonerate|Pulau Bonerate|Bonneratta|Bonarati,Pulau Bonerate,-7.3476,121.1128,POINT (121.1128 -7.3476),http://digitaalerfgoed.poolparty.biz/globalise/d8b4d9c6-11b3-430a-ba08-48eb1f3a8f56,island
GLOB_477,Bontoualac|Bontualacq|Bontualach|Bontoalak|Bontualak|Bontouale|Bontoala|Bontuala|Bontualah,Bontoala,-5.1277,119.4225,POINT (119.4225 -5.1277),http://digitaalerfgoed.poolparty.biz/globalise/90c73af5-d79c-482b-ab9e-dc176a02db69,palace
GLOB_478,Cadierie|Kediri|Caddirie,Kediri,-7.8166111111111,112.01191666667,POINT (112.011917 -7.816611),https://digitaalerfgoed.poolparty.biz/globalise/55f41aea-cc65-4cfb-88c4-766a2841452a,regency
GLOB_479,"Cabo de Goede Hoop|Cabo de Gude Hoop|de Caab|Caab|Kaap de Goede Hoop|Caap de Goede Hoop|Goede Hoop|Caep de Goede Hoop|Cabo da Boa Esperança|Cape of Good Hope|Bon Espérance, Cabo de|Cabo de Goede hoop|Cabo de Boa Esperanza|Caap de Bonn Esperance|Goede Hoop, Kaap de",Cape of Good Hope,-33.926009,18.427668,POINT (18.427668 -33.926009),http://digitaalerfgoed.poolparty.biz/globalise/ea0cf4b3-3d82-4ff6-ad10-12e77f581218,cape
GLOB_48,Elour|Eloer|Eluru|Ellore,Eluru,16.71311,81.10437,POINT (81.10437 16.71311),http://digitaalerfgoed.poolparty.biz/globalise/0e3137ad-bc4d-4da6-8ba3-f4fc5fe7058f,province
GLOB_480,Bombai|Bonbhay|Bombay|Mumbai|Mumbay,Mumbai,19.076111,72.8775,POINT (72.8775 19.076111),https://digitaalerfgoed.poolparty.biz/globalise/20d7cfe7-b3b1-4223-b2b4-d9f6ddb2e683,city
GLOB_481,"Bait-al-Fakih|Zaydiya, Al|Beth-el-Facki|Betelfaiqui|Bayt-al-Fagih|Bayt al-Fakih|Bayt al Faqih",Bayt al Faqih,14.51635,43.32446,POINT (43.32446 14.51635),https://digitaalerfgoed.poolparty.biz/globalise/8e41887e-0111-4667-b209-9d0da933b7d8,town
GLOB_482,Bendoertij|Vandurutti|Bendoerty |Pentoerdi|Venduruthy|Bendoerti,Venduruthy,9.945833,76.287778,POINT (76.287778 9.945833),http://digitaalerfgoed.poolparty.biz/globalise/d8b4d9c6-11b3-430a-ba08-48eb1f3a8f56,island
GLOB_482_GEO_1,T. E. Pentoerdi|Bendoerty |Venduruthi Island|t Eyl: Pentoerdi,Venduruthi Island,9.95,76.28333,POINT (76.28333 9.95),https://digitaalerfgoed.poolparty.biz/globalise/d8b4d9c6-11b3-430a-ba08-48eb1f3a8f56,island
GLOB_483,Boeseroens|Boucquerons|Boegerones,Boegerones,-5.67882,120.47795,POINT (120.47795 -5.67882),http://digitaalerfgoed.poolparty.biz/globalise/25b09c82-eab3-41d4-9c36-831cfc2b496c,islands
GLOB_485,Chennamangalam|Cheremagalam|Cheremgalam|Chenotty|Cheremangalan|Chendamangalam|Chermagalam|Sjeremangelan,Chendamangalam,10.162504,76.230737,POINT (76.230737 10.162504),https://digitaalerfgoed.poolparty.biz/globalise/07b3f630-b359-4d5d-a0cd-3c029dc1c394,guard post
GLOB_486,Kaaimangracht|Caymansgragt|Kaaimansgracht,Kaaimansgracht,-6.13713,106.81487,POINT (106.81487 -6.13713),http://digitaalerfgoed.poolparty.biz/globalise/4c199e1f-806b-405d-8e19-c86bed78f44b,canal
GLOB_487,Kawangkoan|Cawancain|Cawancoan,Kawangkoan,1.20525,124.78218,POINT (124.78218 1.20525),http://digitaalerfgoed.poolparty.biz/globalise/7c1af419-926c-47c9-9450-05dc5849c05c,negorij [PROBLEMATIC TERM]
GLOB_488,Chiantan|Pulau Siantan|Chiantang|Siantan,Pulau Siantan,3.16667,106.25,POINT (106.25 3.16667),http://digitaalerfgoed.poolparty.biz/globalise/d8b4d9c6-11b3-430a-ba08-48eb1f3a8f56,island
GLOB_489,Coepang|Kupang|Coepan|Koepang|Copan|Coupang|Coubang|Cepan|Kopan|Coupan,Kupang,-10.158998,123.598051,POINT (123.598051 -10.158998),https://digitaalerfgoed.poolparty.biz/globalise/20d7cfe7-b3b1-4223-b2b4-d9f6ddb2e683,city
GLOB_490,Soelawessie|Sulawessi|Cilebes|Celebes|Sulawesi,Sulawesi,-2.629443,120.686995,POINT (120.686995 -2.629443),http://digitaalerfgoed.poolparty.biz/globalise/d8b4d9c6-11b3-430a-ba08-48eb1f3a8f56,island
GLOB_491,"Poeloe Tjinko|Poulo Chinko|Chinco, Poelo|Pulau Tjinkuk|Poulo Chinco|Tjingkuk, Pulau|Tjinkuk, Pulau|Cingkuk|Pulau Chinco|Poelo Chinco|Pulu Tjinkuk|Pulau Cingkuak|Chinco",Pulau Cingkuak,-1.353306,100.559646,POINT (100.559646 -1.353306),http://digitaalerfgoed.poolparty.biz/globalise/d8b4d9c6-11b3-430a-ba08-48eb1f3a8f56,island
GLOB_492,"Katuwana|Katuna|Cattoene|Katuna, fort|Katoene|Cattoene, fort|Catoene|Catuna",Katuwana,6.267949,80.689931,POINT (80.689931 6.267949),http://digitaalerfgoed.poolparty.biz/globalise/84767cdb-cabe-4384-9e51-faca2ae3b864,fort
GLOB_493,Cambaia|Cambait|Cambaija|Khambad|Cambaja|Combait|Khambat|Khambhat|Kambait|Cambaid|Cambay|Cambaya,Khambhat,22.313912,72.620094,POINT (72.620094 22.313912),-,-
GLOB_493_GEO_1,Cambaia|Cambait|Cambaija|Gulf of Khambhat|Cambaja|Combait|Khambad|Khambat|Khambhat|Kambait|Cambaid|Cambay|Cambaya,Gulf of Khambhat,20.73052,72.29749,POINT (72.29749 20.73052),http://digitaalerfgoed.poolparty.biz/globalise/f4f67f28-f00c-4888-a286-f712d82aa9a2,gulf
GLOB_493_HUM_1,Cambaia|Cambait|Cambaija|Khambad|Cambaja|Combait|Khambat|Khambhat|Kambait|Cambaid|Cambay|Cambaya,Khambhat,22.313912,72.620094,POINT (72.620094 22.313912),http://digitaalerfgoed.poolparty.biz/globalise/20d7cfe7-b3b1-4223-b2b4-d9f6ddb2e683|http://digitaalerfgoed.poolparty.biz/globalise/2b007e6a-a299-413b-bc7f-51e69a9e1fab,city|capital
GLOB_495,Kolkata|Calcutta|Calcatte|Calcatta|Calcats|Kalkatta,Kolkata,22.56263,88.36304,POINT (88.36304 22.56263),http://digitaalerfgoed.poolparty.biz/globalise/20d7cfe7-b3b1-4223-b2b4-d9f6ddb2e683|http://digitaalerfgoed.poolparty.biz/globalise/93a0b2c9-ad9a-4bab-8620-11b5c1e01f37,port|city
GLOB_496,Calawille|Cattewelle|Kalwille|Kalawewa,Calawille,-,-,POINT EMPTY,http://digitaalerfgoed.poolparty.biz/globalise/9ff96df6-316f-4f2d-9a68-84fcd87893f2,garden
GLOB_498,Karthikappalli|Carimbalig|Pottemene|Betumenij|Karthikappally|Betimene|Carimbali|Carimbillicoer,Karthikappally,9.2568,76.44871,POINT (76.44871 9.2568),https://digitaalerfgoed.poolparty.biz/globalise/e2aea655-e60c-47a1-96d8-4c2fd0f92ba2,principality
GLOB_498_HUM_1,Kerk Betumenij|Karthikappally (Church)|Kerk Pottemene,Karthikappally (Church),9.2568,76.44871,POINT (76.44871 9.2568),https://digitaalerfgoed.poolparty.biz/globalise/d988ee0d-6b1c-4ba3-96f5-a95a5fd672da,church
GLOB_499,Caratie|Karachi|Carretchie|Caretchie|Caretschie|Karachchi,Karachchi,9.4754,80.4554,POINT (80.4554 9.4754),http://digitaalerfgoed.poolparty.biz/globalise/d1f592cd-dec1-4f42-bb73-930ce816dfaf,landschap
GLOB_5,Amarasi|Amarassi|Ammarassij,Amarasi,-10.21417,123.88667,POINT (123.88667 -10.21417),http://digitaalerfgoed.poolparty.biz/globalise/e2aea655-e60c-47a1-96d8-4c2fd0f92ba2|http://digitaalerfgoed.poolparty.biz/globalise/d1f592cd-dec1-4f42-bb73-930ce816dfaf,principality|landschap
GLOB_50,Gabang|Gebang|Gabbangh,Gebang,-6.8193,108.7284,POINT (108.7284 -6.8193),http://digitaalerfgoed.poolparty.biz/globalise/d1f592cd-dec1-4f42-bb73-930ce816dfaf,landschap
GLOB_500,Cannara|Canara|Kanara,Kanara,14.13518,75.02263,POINT (75.02263 14.13518),http://digitaalerfgoed.poolparty.biz/globalise/6f1f178a-fa6f-4553-a723-99f9d909a771,kingdom
GLOB_500_HUM_1,Het Koningryk Canara|Kanara (Kingdom)|Het rijck Canaria,Kanara (Kingdom),14.13518,75.02263,POINT (75.02263 14.13518),https://digitaalerfgoed.poolparty.biz/globalise/6f1f178a-fa6f-4553-a723-99f9d909a771,kingdom
GLOB_501,Cannanthorre|Canantorne|Cannantorre|Canatore|Canantorre,Canantorre,13.57169,80.14617,POINT (80.14617 13.57169),http://digitaalerfgoed.poolparty.biz/globalise/d4dafba3-2344-4f5a-a94d-ed988069d0e5,village
GLOB_502,Belligam|Bellegam|Biligam|Bilegam|Biligao|Billigam|Billigamme|Weligama|Beligal Korala|Billegam,Weligama,5.973757,80.428823,POINT (80.428823 5.973757),http://digitaalerfgoed.poolparty.biz/globalise/851d29fa-da48-4c05-a99a-ecdd5902b0ee,korale
GLOB_503,Balasore|Ballasoor|Baleshwar|Bellasoor|Bellesoor|Bellasera|Bellasore|Bellazoor,Balasore,21.493644,86.930666,POINT (86.930666 21.493644),https://digitaalerfgoed.poolparty.biz/globalise/93a0b2c9-ad9a-4bab-8620-11b5c1e01f37,port
GLOB_504,Ansjol|Ancol|Antsyol|Anciol|Anjool|Antsioll|Antjol|Angiol|Anschiol,Ancol,-6.125194,106.840832,POINT (106.840832 -6.125194),https://digitaalerfgoed.poolparty.biz/globalise/84767cdb-cabe-4384-9e51-faca2ae3b864,fortification
GLOB_505,Angke|fort Nieuwendam|Angké|Anckey|fort Angke|fort Anckee|fort Anke|Sterrenschans|fort Zevenhoek|fort Ankee|Ankee,Angke,-6.1037,106.7673,POINT (106.7673 -6.1037),-,-
GLOB_505_GEO_1,Kali Angke|Anckey|Ankee|Angké,Kali Angke,-6.1037,106.7673,POINT (106.7673 -6.1037),http://digitaalerfgoed.poolparty.biz/globalise/cf7cc49f-738b-48b0-80a7-476244ba4919,river
GLOB_505_HUM_1,"fort Nieuwendam|Angké|Anckey|fort Angke|fort Anckee|fort Anke|Sterrenschans|fort Zevenhoek|Angke, fort|fort Ankee|Ankee","Angke, fort",-6.143392,106.775969,POINT (106.775969 -6.143392),http://digitaalerfgoed.poolparty.biz/globalise/84767cdb-cabe-4384-9e51-faca2ae3b864,fortification
GLOB_505_HUM_2,Anckey|Angké|Ankee|Angke,Angke,-6.1037,106.7673,POINT (106.7673 -6.1037),http://digitaalerfgoed.poolparty.biz/globalise/d4dafba3-2344-4f5a-a94d-ed988069d0e5,village
GLOB_507,Arippu|Arrippo|Aripa|Aripo|Aripoe|Aripu,Arippu,8.793984,79.927593,POINT (79.927593 8.793984),https://digitaalerfgoed.poolparty.biz/globalise/8e41887e-0111-4667-b209-9d0da933b7d8,town
GLOB_508,Azhikode|Aicotte|Aijcotte|Aeicotte|Ay Cotta|Aykotta|Aycotta|Aijkotta|Aijcotta|Azhikod|Aicotta|Aycotte,Azhikod,10.18342,76.163431,POINT (76.163431 10.18342),-,-
GLOB_508_HUM_1,Azhikode|Aicotte|Aijcotte|Ay Cotta|Azhikod (village)|Aycotta|Aijkotta|Aijcotta|Azhikod|Aicotta,Azhikod (village),10.18342,76.163431,POINT (76.163431 10.18342),http://digitaalerfgoed.poolparty.biz/globalise/d4dafba3-2344-4f5a-a94d-ed988069d0e5,village
GLOB_508_HUM_2,Azhikode|Aicotte|Aijcotte|Ay Cotta|Comp Wagpost gent Aycotte|Aycotta|Azhikod (guard post)|Aijkotta|Aijcotta|Azhikod|Aicotta,Azhikod (guard post),10.18342,76.163431,POINT (76.163431 10.18342),https://digitaalerfgoed.poolparty.biz/globalise/07b3f630-b359-4d5d-a0cd-3c029dc1c394|http://digitaalerfgoed.poolparty.biz/globalise/07b3f630-b359-4d5d-a0cd-3c029dc1c394,guard post
GLOB_51,Puncto Gaele|Galen|Gaalen|Punto de Galle|Galle|Puncto Galle|Point de Galle|Gale|Galo|Punto Galle,Galle,6.033871,80.217612,POINT (80.217612 6.033871),-,-
GLOB_512,Achin|Atsijn|Banda Atjeh|Atchim|Aetchin|Atchien|Atjeh|Atceh|Atsyn|Aatchin|Achem|Atjch|Banda Atceh|Atchin|Axim|Banda Aceh|Axem,Banda Aceh,5.557557,95.314264,POINT (95.314264 5.557557),https://digitaalerfgoed.poolparty.biz/globalise/8e41887e-0111-4667-b209-9d0da933b7d8,town
GLOB_514,Ajerhadia|Airhadji|Adjerhadja|Adjarhadja|Adjerbadja|Air Hadji|Airhaji|Adjer Hadja|Aijerhadja|Ajerhadja,Airhaji,-1.9171,100.8756,POINT (100.8756 -1.9171),https://digitaalerfgoed.poolparty.biz/globalise/4b274bf6-aa23-44f3-8d90-809c6617916f,comptoir
GLOB_515,Abessinië|Ethiopie|Ethiopia|Abissirien|Abyssinia|Abessie|Ethiopië|Abysenia|Abessynië|Ethiopische cust in Congo,Abyssinia,15.602163,39.466256,POINT (39.466256 15.602163),http://digitaalerfgoed.poolparty.biz/globalise/ebf26f69-b692-437a-b6fa-2bb4ae0ae95b|https://digitaalerfgoed.poolparty.biz/globalise/ebf26f69-b692-437a-b6fa-2bb4ae0ae95b|https://digitaalerfgoed.poolparty.biz/globalise/06278cc4-0ec4-4376-b869-8c21bf507894,region|polity
GLOB_516,Eymuy|Aijmoij|Xiamen|Aymoy|Aymuy|Emuij|Amoy|厦門,Xiamen,24.43683577,118.0908368,POINT (118.090837 24.436836),https://digitaalerfgoed.poolparty.biz/globalise/20d7cfe7-b3b1-4223-b2b4-d9f6ddb2e683|https://digitaalerfgoed.poolparty.biz/globalise/93a0b2c9-ad9a-4bab-8620-11b5c1e01f37,port|city
GLOB_517,Allelande|Allelanden|Allalande,Allelande,-,-,POINT EMPTY,http://digitaalerfgoed.poolparty.biz/globalise/d8b4d9c6-11b3-430a-ba08-48eb1f3a8f56,island
GLOB_518,Amedabad|Ahmadabath|Amadabat|Amet Abaad|Amadabad|Amed-abaath|Ahmadabad|Amedabaad|Ahmedabad|Amed Abaad|Amedabaath|Amadabatah,Ahmedabad,23.048776,72.583809,POINT (72.583809 23.048776),http://digitaalerfgoed.poolparty.biz/globalise/4b274bf6-aa23-44f3-8d90-809c6617916f,comptoir
GLOB_519,Aludcoercorle|Alutcour|Alloetkoer Korls|Alutcoer Corle|Aloutcoru-corle|Alutkuru Korale|Alutkura korala|Alutkuru|Alutkuru Korala,Alutkuru,7.216712,79.839592,POINT (79.839592 7.216712),http://digitaalerfgoed.poolparty.biz/globalise/851d29fa-da48-4c05-a99a-ecdd5902b0ee,korale
GLOB_51_HUM_1,Puncto Gaele|Galen|Gaalen|Punto de Galle|Galle|Puncto Galle|Point de Galle|Gale|Galo|Punto Galle|Galle (city),Galle (city),6.033871,80.217612,POINT (80.217612 6.033871),http://digitaalerfgoed.poolparty.biz/globalise/20d7cfe7-b3b1-4223-b2b4-d9f6ddb2e683|http://digitaalerfgoed.poolparty.biz/globalise/93a0b2c9-ad9a-4bab-8620-11b5c1e01f37,port|city
GLOB_51_HUM_2,Galen|Gaalen|Galle|Galle Fort|Gale|Galo,Galle Fort,6.027469,80.217111,POINT (80.217111 6.027469),http://digitaalerfgoed.poolparty.biz/globalise/84767cdb-cabe-4384-9e51-faca2ae3b864,fort
GLOB_52,Guntur|Goentoer,Guntur,16.29974,80.45729,POINT (80.45729 16.29974),http://digitaalerfgoed.poolparty.biz/globalise/40217104-de46-42ed-80c8-480fac1f8706,district
GLOB_521,Aleppe|Alappuzha|Allepe|Alleppey|Ambalapuzha|Alepee|Alepe|Alleppe,Alappuzha,9.493297,76.32901,POINT (76.32901 9.493297),https://digitaalerfgoed.poolparty.biz/globalise/93a0b2c9-ad9a-4bab-8620-11b5c1e01f37,port
GLOB_521_GEO_1,Spruyt van Alepe|Alappuzha (River)|Spruijt van Alepe,Alappuzha (River),9.493297,76.32901,POINT (76.32901 9.493297),https://digitaalerfgoed.poolparty.biz/globalise/cf7cc49f-738b-48b0-80a7-476244ba4919,river
GLOB_521_HUM_1,Alappuzha (Fort)|Pagger v: Alepe|Pager van Allepe,Alappuzha (Fort),9.493297,76.32901,POINT (76.32901 9.493297),https://digitaalerfgoed.poolparty.biz/globalise/84767cdb-cabe-4384-9e51-faca2ae3b864,fort
GLOB_521_HUM_2,Alappuzha (Village)|'t Dorp Aleppe,Alappuzha (Village),9.493297,76.32901,POINT (76.32901 9.493297),https://digitaalerfgoed.poolparty.biz/globalise/d4dafba3-2344-4f5a-a94d-ed988069d0e5,village
GLOB_521_HUM_3,Alappuzha (Temple)|Pagood van Alepe,Alappuzha (Temple),9.493297,76.32901,POINT (76.32901 9.493297),https://digitaalerfgoed.poolparty.biz/globalise/02db354d-bbd0-4122-aa18-00d6fe8cba28,temple
GLOB_522,Bancoelo|Bancahoeloe|Bankoeloe|Bancahoulou|Bankoele|Bengkulu|Benkulen|Benkoele|Bankahoeloe|Bancoeloe|Bancahoelo|Bengkulen,Bengkulu,-3.80044,102.26554,POINT (102.26554 -3.80044),http://digitaalerfgoed.poolparty.biz/globalise/7f946cd2-9901-408a-ac12-355466c473c2,residentie
GLOB_523,Banjermassingh|Bandjarmassin|Benjermassing|Banjarmasin|Banjarmassingh|Bandjirmassin|Banjer Massing|Banjer|Banjermassing|Bandjarmasin|Banjer-massin|Bandjermassing|Beniarmassin|Banjermassen,Banjarmasin,-3.319189,114.591079,POINT (114.591079 -3.319189),https://digitaalerfgoed.poolparty.biz/globalise/6f1f178a-fa6f-4553-a723-99f9d909a771,kingdom
GLOB_525,Bagelpoer|Bhāgalpur|Baggerpoer|Baggerpour|Baggelpour|Bhagalpur,Bhāgalpur,25.24446,86.97183,POINT (86.97183 25.24446),http://digitaalerfgoed.poolparty.biz/globalise/20d7cfe7-b3b1-4223-b2b4-d9f6ddb2e683,city
GLOB_526,Bab el Mandeb|Bab al Mandab|Babelmandel,Bab el Mandeb,12.60416,43.33557,POINT (43.33557 12.60416),https://digitaalerfgoed.poolparty.biz/globalise/b2cd216c-9533-449a-849d-1cbd3840a3d2,strait
GLOB_527,Valsbaai|Baay Vals|Bhaijfals|C. Falço|False Bay|Baai Fals|Cabo Falço|Kaap Vals|de Baai Fals|Bhaij Fals|Baay Fals|Valse Baai,False Bay,-34.216666666667,18.633333333333,POINT (18.633333 -34.216667),http://digitaalerfgoed.poolparty.biz/globalise/6798ed1b-27a6-4113-9cd8-a78f68b94e7c,bay
GLOB_528,Groot Aijwika|Azheekal (Kollam)|Aywika|Groot Aijwike|Groot Aijwieke|Ajbike|Azhi Mukam,Azheekal (Kollam),9.13704,76.46495,POINT (76.46495 9.13704),https://digitaalerfgoed.poolparty.biz/globalise/07b3f630-b359-4d5d-a0cd-3c029dc1c394,guard post
GLOB_528_HUM_1,Comps Wagtpost gent Groot Aijwieke|Azheekal (Guard Post)|Aywika|'s Comps Wagtpost Groot Aijwike|Groot Aijwieke|Wagthuis op Groot Aijwika|Azhi Mukam,Azheekal (Guard Post)|Groot Aijwieke,9.07916|9.13704,76.46495|76.49162,POINT (76.46495 9.13704)|POINT (76.49162 9.07916),https://digitaalerfgoed.poolparty.biz/globalise/07b3f630-b359-4d5d-a0cd-3c029dc1c394|http://digitaalerfgoed.poolparty.biz/globalise/07b3f630-b359-4d5d-a0cd-3c029dc1c394,guard post
GLOB_528_HUM_2,Tjerri Aijwike|Aywika|Azhi Mukam,Tjerri Aijwike,9.07916,76.49162,POINT (76.49162 9.07916),http://digitaalerfgoed.poolparty.biz/globalise/02db354d-bbd0-4122-aa18-00d6fe8cba28,temple
GLOB_528_HUM_3,Aywika|Klijn Aijwike|Azhi Mukam,Klijn Aijwike,9.07916,76.49162,POINT (76.49162 9.07916),http://digitaalerfgoed.poolparty.biz/globalise/d988ee0d-6b1c-4ba3-96f5-a95a5fd672da,church
GLOB_529,Balloecher|Baloesir,Baloesir,-,-,POINT EMPTY,https://digitaalerfgoed.poolparty.biz/globalise/79dd26ba-f8df-4c5e-8783-27417a48fa99,inhabited place
GLOB_53,fort Hanwella|Hanwella|Hangewelle|Hanwelle|Hangwelle,Hanwella,6.909205,80.082369,POINT (80.082369 6.909205),https://digitaalerfgoed.poolparty.biz/globalise/84767cdb-cabe-4384-9e51-faca2ae3b864,fortification
GLOB_530,Madraspatam|Chinapatnam|Chennai|Madras|Madraspatnam,Chennai,13.083333,80.283333,POINT (80.283333 13.083333),https://digitaalerfgoed.poolparty.biz/globalise/20d7cfe7-b3b1-4223-b2b4-d9f6ddb2e683|https://digitaalerfgoed.poolparty.biz/globalise/93a0b2c9-ad9a-4bab-8620-11b5c1e01f37,port|city
GLOB_532,Kakinada|Kakinara,Kakinada,16.959852,82.239776,POINT (82.239776 16.959852),https://digitaalerfgoed.poolparty.biz/globalise/d4dafba3-2344-4f5a-a94d-ed988069d0e5,village
GLOB_533,Jambij|Jamy|Kota Jambi|Jambi|Jambij Logie|Iamby|Djambi|Jamby,Kota Jambi,-1.592169,103.61583,POINT (103.61583 -1.592169),https://digitaalerfgoed.poolparty.biz/globalise/20d7cfe7-b3b1-4223-b2b4-d9f6ddb2e683,city
GLOB_535,"fort Jacketraa|fort Jacattra|fort Jakkatra|Jakatra|Jaccatra|Jacatra, fort|Fort Jacatra|fort Jaccatra",Fort Jacatra,-6.144628,106.830611,POINT (106.830611 -6.144628),http://digitaalerfgoed.poolparty.biz/globalise/84767cdb-cabe-4384-9e51-faca2ae3b864,fort
GLOB_536,Matatanne|Maratange|Isle de France|Ilha de França|France|Ilha da França|Matatane|Mattanina|Maurice|Mauritius|Matatan|Matitanana|Mattanana|Matatana|île de France|Ile de France|Mattatana,Mauritius,-20.3,57.58333,POINT (57.58333 -20.3),http://digitaalerfgoed.poolparty.biz/globalise/d8b4d9c6-11b3-430a-ba08-48eb1f3a8f56,island
GLOB_538,Iaphanapatam|Jafna|Jaffnapatnam|Iaffanapatnam|Iaffanapatna|Jaffanapatnam|Jaffenapatnam|Jaffenepatnaem|Jafnapatnam|Jassna|Jeftenapatnam|Jafnapatam|Jaftenapatnam|Jaffna|Jaffena,Jaffna,9.668277,80.00423,POINT (80.00423 9.668277),-,-
GLOB_538_HUM_1,Iaphanapatam|Jafna|Jaffnapatnam|Iaffanapatnam|Iaffanapatna|Jaffanapatnam|Jaffenapatnam|Jaffenepatnaem|Jafnapatnam|Jassna|Jeftenapatnam|Jafnapatam|Jaftenapatnam|Jaffna|Jaffena,Jaffna,9.668277,80.00423,POINT (80.00423 9.668277),http://digitaalerfgoed.poolparty.biz/globalise/4b274bf6-aa23-44f3-8d90-809c6617916f,comptoir
GLOB_538_HUM_2,Iaphanapatam|Jafna|Jaffnapatnam|Iaffanapatnam|Iaffanapatna|Jaffanapatnam|Jaffenapatnam|Jaffenepatnaem|Jafnapatnam|Jassna|Jeftenapatnam|Jafnapatam|Jaftenapatnam|Jaffna|Jaffena,Jaffna,9.668277,80.00423,POINT (80.00423 9.668277),http://digitaalerfgoed.poolparty.biz/globalise/20d7cfe7-b3b1-4223-b2b4-d9f6ddb2e683|http://digitaalerfgoed.poolparty.biz/globalise/93a0b2c9-ad9a-4bab-8620-11b5c1e01f37,port|city
GLOB_538_HUM_3,Iaphanapatam|Jafna|Jaffnapatnam|Iaffanapatnam|Iaffanapatna|Jaffanapatnam|Jaffenapatnam|Jaffenepatnaem|Jafnapatnam|Jassna|Jeftenapatnam|Jafnapatam|Jaftenapatnam|Jaffna|Jaffna Fort|Jaffena,Jaffna Fort,9.662125,80.008303,POINT (80.008303 9.662125),http://digitaalerfgoed.poolparty.biz/globalise/84767cdb-cabe-4384-9e51-faca2ae3b864,fort
GLOB_539,Ayutthaya|Judja|Judia|Iudja|Judea|Iudiad|Siam|Ayuthia|Jocdia,Siam,14.355202,100.577245,POINT (100.577245 14.355202),https://digitaalerfgoed.poolparty.biz/globalise/6f1f178a-fa6f-4553-a723-99f9d909a771,kingdom
GLOB_54,Firato|Hirado|Firando|平戸,Hirado,33.37273,129.55746,POINT (129.55746 33.37273),-,-
GLOB_541,Lingij|Lingga|Lingo|Linge|Pulau Lingga (Indonesia)|Linga,Pulau Lingga (Indonesia),-0.17493,104.69526,POINT (104.69526 -0.17493),http://digitaalerfgoed.poolparty.biz/globalise/d8b4d9c6-11b3-430a-ba08-48eb1f3a8f56,island
GLOB_542,Mondona|Mandano|Mendono|Madona|Madano,Mendono,-1.1366,122.7031,POINT (122.7031 -1.1366),http://digitaalerfgoed.poolparty.biz/globalise/6b2244e4-726a-46b6-bc6c-f1b86b42b6ba,political division
GLOB_543,Pulau Makian|Macquiaan|Macquian|Makéan|Machian|Makian|Macquiam,Pulau Makian,0.333333333,127.3666667,POINT (127.366667 0.333333),http://digitaalerfgoed.poolparty.biz/globalise/d8b4d9c6-11b3-430a-ba08-48eb1f3a8f56,island
GLOB_544,Pannagie|Penagie|Sungai Linggi|Espanagie|Panagie|Pannagi|Panagi,Sungai Linggi,2.3911,101.9732,POINT (101.9732 2.3911),http://digitaalerfgoed.poolparty.biz/globalise/cf7cc49f-738b-48b0-80a7-476244ba4919,river
GLOB_545,Baru|Courang,Baru,1.0324,120.8195,POINT (120.8195 1.0324),http://digitaalerfgoed.poolparty.biz/globalise/6f1f178a-fa6f-4553-a723-99f9d909a771,kingdom
GLOB_546,Ketaun|Catauon|Cottoun|Ketahun,Ketahun,-3.3863,101.8196,POINT (101.8196 -3.3863),http://digitaalerfgoed.poolparty.biz/globalise/d4dafba3-2344-4f5a-a94d-ed988069d0e5,village
GLOB_547,Kotah Rena|Cottarenna|Cotta Rana|Cottarinna|Kota-Rena,Kota-Rena,0.5,-,POINT EMPTY,http://digitaalerfgoed.poolparty.biz/globalise/7c1af419-926c-47c9-9450-05dc5849c05c,negorij [PROBLEMATIC TERM]
GLOB_548,Coerty|Coretty|Corettij|Coerti|Corretij|Coerettij|Corretty|Koratti,Koratti,10.26597,76.34767,POINT (76.34767 10.26597),http://digitaalerfgoed.poolparty.biz/globalise/ebf26f69-b692-437a-b6fa-2bb4ae0ae95b,polity
GLOB_549,Collesegrepatnam|Kulasekarapatnam|Kulasekharapatnam,Kulasekarapatnam,8.39885,78.05198,POINT (78.05198 8.39885),http://digitaalerfgoed.poolparty.biz/globalise/d4dafba3-2344-4f5a-a94d-ed988069d0e5|http://digitaalerfgoed.poolparty.biz/globalise/93a0b2c9-ad9a-4bab-8620-11b5c1e01f37,port|village
GLOB_54_GEO_1,Hirado|平戸|Hirado Shima|Firando|Firato,Hirado Shima,33.29306,129.46889,POINT (129.46889 33.29306),https://digitaalerfgoed.poolparty.biz/globalise/d8b4d9c6-11b3-430a-ba08-48eb1f3a8f56,island
GLOB_54_HUM_1,Hirado|Hirado (city)|平戸|Firando|Firato,Hirado (city),33.37273,129.55746,POINT (129.55746 33.37273),https://digitaalerfgoed.poolparty.biz/globalise/20d7cfe7-b3b1-4223-b2b4-d9f6ddb2e683,city
GLOB_55,Saparua eiland|Saparoea|Hoenoemoa|Pulau Saparua|Saparoua|Saparua|Honimoa|Saparauwa,Pulau Saparua,-3.572702,128.655024,POINT (128.655024 -3.572702),https://digitaalerfgoed.poolparty.biz/globalise/d8b4d9c6-11b3-430a-ba08-48eb1f3a8f56,island
GLOB_550,Helsignoor|Helsingør|Helsingör,Helsingør,56.03606,12.6136,POINT (12.6136 56.03606),http://digitaalerfgoed.poolparty.biz/globalise/93a0b2c9-ad9a-4bab-8620-11b5c1e01f37,port
GLOB_551,Hulftsdorp |Hulstdorf|Hultsdorf|Hulstdorp|Hulsdorp|Hulstsdorp|Hulffsdorp|Hülffsdorf|Hulfsdorp|Hultsdorp|Hulptsdorp,Hulftsdorp ,6.936939,79.862042,POINT (79.862042 6.936939),http://digitaalerfgoed.poolparty.biz/globalise/d4dafba3-2344-4f5a-a94d-ed988069d0e5,village
GLOB_552,Ougely|Oegli|Houglij|Ouglij|Hugly|Hougly|Hugli|Hooghly|Hougelij,Hugli,22.898553,88.401654,POINT (88.401654 22.898553),https://digitaalerfgoed.poolparty.biz/globalise/93a0b2c9-ad9a-4bab-8620-11b5c1e01f37,port
GLOB_553,Shetland-eilanden|Hitlant|Shetland eilanden|Shetland Islands|Hitland,Shetland Islands,60.33333,-1.33333,POINT (-1.33333 60.33333),http://digitaalerfgoed.poolparty.biz/globalise/25b09c82-eab3-41d4-9c36-831cfc2b496c,archipelago
GLOB_554,Cassuri|Hijli|Hingelij|Hinseley|Hinsele|Hijili|Cajurim,Hijli,21.79673,87.9113,POINT (87.9113 21.79673),-,-
GLOB_554_GEO_1,Cassuri|Hijli|Hingelij|Hinseley|Hinsele|Hijili|Cajurim,Hijli,21.79673,87.9113,POINT (87.9113 21.79673),http://digitaalerfgoed.poolparty.biz/globalise/d8b4d9c6-11b3-430a-ba08-48eb1f3a8f56,island
GLOB_554_HUM_1,Cassuri|Hijli|Hingelij|Hinseley|Hinsele|Hijili|Cajurim,Hijli,21.79673,87.9113,POINT (87.9113 21.79673),http://digitaalerfgoed.poolparty.biz/globalise/84767cdb-cabe-4384-9e51-faca2ae3b864,fort
GLOB_555,Cairo|Groot-Cairo,Cairo,30.06263,31.24967,POINT (31.24967 30.06263),http://digitaalerfgoed.poolparty.biz/globalise/20d7cfe7-b3b1-4223-b2b4-d9f6ddb2e683,city
GLOB_556,Grissiess|Grissee|Grisee|Gressic|Grissec|Grece|Grissé|Gresik|Grissick|Grissicq|Grissée|Grisse,Gresik,-7.158806,112.646055,POINT (112.646055 -7.158806),https://digitaalerfgoed.poolparty.biz/globalise/8e41887e-0111-4667-b209-9d0da933b7d8|https://digitaalerfgoed.poolparty.biz/globalise/93a0b2c9-ad9a-4bab-8620-11b5c1e01f37,port|town
GLOB_557,Ganges River|Ganges|Gangas,Ganges River,23.83347,89.75,POINT (89.75 23.83347),http://digitaalerfgoed.poolparty.biz/globalise/cf7cc49f-738b-48b0-80a7-476244ba4919,river
GLOB_558,Gerways|Girreway pattoe|Ghierreway Pattoe|Giruwayu Pattu|Girways|Girrewaij,Girreway pattoe,6.026388889,80.79055556,POINT (80.790556 6.026389),http://digitaalerfgoed.poolparty.biz/globalise/40217104-de46-42ed-80c8-480fac1f8706,district
GLOB_559,Goah|Gowa (Indonesia)|Goa (Makassar)|Gowa,Gowa (Indonesia),-5.31667,119.71667,POINT (119.71667 -5.31667),http://digitaalerfgoed.poolparty.biz/globalise/ebf26f69-b692-437a-b6fa-2bb4ae0ae95b,polity
GLOB_560,"Legoendi, Pulau|Poelo Gondij|Poulo Gondy|Groot-Lagondi|Pulau Legundi|Gondij. Poulo",Pulau Legundi,-5.8258,105.2706,POINT (105.2706 -5.8258),http://digitaalerfgoed.poolparty.biz/globalise/d8b4d9c6-11b3-430a-ba08-48eb1f3a8f56,island
GLOB_561,Pulau Geser|Poulo Gisser|Gesser|Gisser|Geser|Giser|Pulau Gisser,Pulau Geser,-3.882067,130.897236,POINT (130.897236 -3.882067),http://digitaalerfgoed.poolparty.biz/globalise/d8b4d9c6-11b3-430a-ba08-48eb1f3a8f56,island
GLOB_562,Gale Corle|Galle (korale)|Galle Korala,Galle (korale),6.033871,80.217612,POINT (80.217612 6.033871),http://digitaalerfgoed.poolparty.biz/globalise/851d29fa-da48-4c05-a99a-ecdd5902b0ee,korale
GLOB_563,"Gontong Island|Gontong|Gontong, Poulo|Gontong, Poulou",Gontong Island,1.18056,102.15528,POINT (102.15528 1.18056),http://digitaalerfgoed.poolparty.biz/globalise/d8b4d9c6-11b3-430a-ba08-48eb1f3a8f56,island
GLOB_564,Carimon Java|Karimon Djawa|Karimunjawa|Crimon Java,Karimunjawa,-5.86667,110.43333,POINT (110.43333 -5.86667),-,-
GLOB_564_GEO_1,Crimon Java|Karimunjawa|Pulau Karimunjawa|Carimon Java|Karimon Djawa,Pulau Karimunjawa,-5.85,110.45,POINT (110.45 -5.85),http://digitaalerfgoed.poolparty.biz/globalise/d8b4d9c6-11b3-430a-ba08-48eb1f3a8f56,island
GLOB_564_GEO_2,Crimon Java|Karimunjawa|Pulau-pulau Karimunjawa|Carimon Java|Karimon Djawa,Pulau-pulau Karimunjawa,-5.83333,110.41667,POINT (110.41667 -5.83333),http://digitaalerfgoed.poolparty.biz/globalise/25b09c82-eab3-41d4-9c36-831cfc2b496c,archipelago
GLOB_565,Coulchester|Colchester,Colchester,51.88921,0.90421,POINT (0.90421 51.88921),http://digitaalerfgoed.poolparty.biz/globalise/8e41887e-0111-4667-b209-9d0da933b7d8,town
GLOB_566,Coetchenchina|Cochinchina|Quinam|広南|Coutchenschijna|Đàng Trong|Cochin Chine|Cochin-China|Couchin China|Couchim China|Coutchenchina,Đàng Trong,11.73196,109.2763,POINT (109.2763 11.73196),http://digitaalerfgoed.poolparty.biz/globalise/ebf26f69-b692-437a-b6fa-2bb4ae0ae95b,polity
GLOB_567,Cottaringen|Kota-Waringin|Cotuaringin|Cotuaringa|Kotawaringin|Cotuaringe|Cotuaringen,Kotawaringin,-2.51667,111.7,POINT (111.7 -2.51667),http://digitaalerfgoed.poolparty.biz/globalise/ebf26f69-b692-437a-b6fa-2bb4ae0ae95b,polity
GLOB_568,Kotatengah|Kotatenga|Cotatenga|Kota Tengah|Cotta Tenga,Kotatenga,-0.81278,100.40556,POINT (100.40556 -0.81278),http://digitaalerfgoed.poolparty.biz/globalise/d4dafba3-2344-4f5a-a94d-ed988069d0e5|http://digitaalerfgoed.poolparty.biz/globalise/93a0b2c9-ad9a-4bab-8620-11b5c1e01f37,port|village
GLOB_569,Cotta Baroe|Kotabaru|Cotta Baro,Cotta Baroe,-,-,POINT EMPTY,https://digitaalerfgoed.poolparty.biz/globalise/84767cdb-cabe-4384-9e51-faca2ae3b864,fortification
GLOB_57,spahan|Esfahan|Ispahan|Sfaen|Spahan|Isfahan,Isfahan,32.649132,51.679244,POINT (51.679244 32.649132),https://digitaalerfgoed.poolparty.biz/globalise/20d7cfe7-b3b1-4223-b2b4-d9f6ddb2e683,city
GLOB_570,Djocjocarta|Yogyakarta|Jogjakarta|Djockjocarta|Djokjo|Djokjocarta|Jogyakarta|Djokjakarta|Djokjacarta,Yogyakarta,-7.80139,110.36472,POINT (110.36472 -7.80139),https://digitaalerfgoed.poolparty.biz/globalise/20d7cfe7-b3b1-4223-b2b4-d9f6ddb2e683,city
GLOB_571,Laccadive eilanden|Leckerdivose eylanden|Lakshadweep,Lakshadweep,10.92577,72.28838,POINT (72.28838 10.92577),http://digitaalerfgoed.poolparty.biz/globalise/25b09c82-eab3-41d4-9c36-831cfc2b496c,archipelago
GLOB_572,Liffou|Lyffou|Lifoa|Lifau|Liphao|Lifao,Lifau,2.229673,128.618017,POINT (128.618017 2.229673),https://digitaalerfgoed.poolparty.biz/globalise/954cae70-c7e6-4ee9-8273-73beabc3fc0b,coastal settlement
GLOB_573,Madura|Madure|Madurai (India)|Madurai,Madurai (India),9.919,78.11953,POINT (78.11953 9.919),-,-
GLOB_573_HUM_1,Madura|Madure|Madurai (India)|Madurai,Madurai (India),9.919,78.11953,POINT (78.11953 9.919),http://digitaalerfgoed.poolparty.biz/globalise/20d7cfe7-b3b1-4223-b2b4-d9f6ddb2e683|http://digitaalerfgoed.poolparty.biz/globalise/2b007e6a-a299-413b-bc7f-51e69a9e1fab,city|capital
GLOB_573_HUM_2,Madura|Madure|Madurai (India)|Madurai,Madurai (India),9.919,78.11953,POINT (78.11953 9.919),http://digitaalerfgoed.poolparty.biz/globalise/6f1f178a-fa6f-4553-a723-99f9d909a771,kingdom
GLOB_574,澳門|Macao|Macau|Maccau|Maccauw,Macau,22.18971,113.535962,POINT (113.535962 22.18971),https://digitaalerfgoed.poolparty.biz/globalise/20d7cfe7-b3b1-4223-b2b4-d9f6ddb2e683,city
GLOB_575,Caddoe|Kedu|Kaddoe|Cadoe|Kedoe,Kedu,-7.27667,110.15528,POINT (110.15528 -7.27667),http://digitaalerfgoed.poolparty.biz/globalise/7c1af419-926c-47c9-9450-05dc5849c05c|http://digitaalerfgoed.poolparty.biz/globalise/40217104-de46-42ed-80c8-480fac1f8706,negorij [PROBLEMATIC TERM]|district
GLOB_576,Kets Mandui|Kitsmanduwie|Mandvi|Ketsmanduwe,Mandvi,22.83282,69.35237,POINT (69.35237 22.83282),-,-
GLOB_576_HUM_1,Kets Mandui|Kitsmanduwie|Mandvi|Ketsmanduwe,Mandvi,22.83282,69.35237,POINT (69.35237 22.83282),http://digitaalerfgoed.poolparty.biz/globalise/4b274bf6-aa23-44f3-8d90-809c6617916f,comptoir
GLOB_576_HUM_2,Kets Mandui|Kitsmanduwie|Mandvi|Ketsmanduwe,Mandvi,22.83282,69.35237,POINT (69.35237 22.83282),http://digitaalerfgoed.poolparty.biz/globalise/8e41887e-0111-4667-b209-9d0da933b7d8|http://digitaalerfgoed.poolparty.biz/globalise/93a0b2c9-ad9a-4bab-8620-11b5c1e01f37,port|town
GLOB_577,Karreck|Kharg Island|Chareek|Gareek|Khark|Kyaracq|Garrak|Kharg|Karreek|Gargo|I. da Carga|Carge|Kareck|Kareek,Kharg Island,29.253156,50.325007,POINT (50.325007 29.253156),https://digitaalerfgoed.poolparty.biz/globalise/d8b4d9c6-11b3-430a-ba08-48eb1f3a8f56,island
GLOB_578,Kryntje|Kerinci|Corintsche|Korintji|Corintij|Pankranjing,Kerinci,-2.01667,101.5,POINT (101.5 -2.01667),-,-
GLOB_578_GEO_1,Kryntje|Kerinci|Corintsche|Korintji|Corintij|Pankranjing,Kerinci,-2.01667,101.5,POINT (101.5 -2.01667),http://digitaalerfgoed.poolparty.biz/globalise/102c5c4b-5272-42b0-ad22-7428c97367bf,highland
GLOB_578_HUM_1,Kryntje|Kerinci|Corintsche|Korintji|Corintij|Pankranjing,Kerinci,-2.01667,101.5,POINT (101.5 -2.01667),http://digitaalerfgoed.poolparty.biz/globalise/6f1f178a-fa6f-4553-a723-99f9d909a771,kingdom
GLOB_58,Jagannathpur|Jangernaatpour|Shree Jagannath Temple,Jagannathpur|Shree Jagannath Temple,19.80478|22.49833,85.81816|88.09306,POINT (85.81816 19.80478)|POINT (88.09306 22.49833),http://digitaalerfgoed.poolparty.biz/globalise/02db354d-bbd0-4122-aa18-00d6fe8cba28,temple
GLOB_580,Bagelen|Baggileen|Bagelèn|Baggaleen|Bagaleen,Bagelen,-7.80333,109.78722,POINT (109.78722 -7.80333),https://digitaalerfgoed.poolparty.biz/globalise/40217104-de46-42ed-80c8-480fac1f8706,district
GLOB_581,Aijerbangies|Aijerbangis|Ajerbangis|Ayer Bangis|Airbangis|Air Bangis|Ayer Bangus,Air Bangis,0.197582,99.381609,POINT (99.381609 0.197582),https://digitaalerfgoed.poolparty.biz/globalise/93a0b2c9-ad9a-4bab-8620-11b5c1e01f37,port
GLOB_582,Banderriek|Bender Rich|Benderriek|Bandar-e Rīg|Bhenderricq|Bandar-e Rig|Benderik|Bendherriek,Bandar-e Rīg,29.4879,50.62698,POINT (50.62698 29.4879),https://digitaalerfgoed.poolparty.biz/globalise/8e41887e-0111-4667-b209-9d0da933b7d8|https://digitaalerfgoed.poolparty.biz/globalise/93a0b2c9-ad9a-4bab-8620-11b5c1e01f37,port|town
GLOB_583,Battoubara|Batoe Baroe|Battubara|Batoebara|Batubara,Batubara,1.9821,98.9294,POINT (98.9294 1.9821),https://digitaalerfgoed.poolparty.biz/globalise/d1f592cd-dec1-4f42-bb73-930ce816dfaf,landschap
GLOB_586,Berryn|Bareen|Bahrain,Bahrain,26.0,50.55,POINT (50.55 26),http://digitaalerfgoed.poolparty.biz/globalise/d8b4d9c6-11b3-430a-ba08-48eb1f3a8f56,island
GLOB_587,Alwar Tirunagari|Alwar Tirunagarai |Alwatiernegary|Alwa Tirunagari|Allwatiernegary|Alwatiernegery|Alwatirnegari|Alvatier|Alwattiernegarij,Alwa Tirunagari,8.60635,77.93983,POINT (77.93983 8.60635),http://digitaalerfgoed.poolparty.biz/globalise/7c1af419-926c-47c9-9450-05dc5849c05c,negorij [PROBLEMATIC TERM]
GLOB_588,Adonara|Adoenare|Addenare|Adonare|Pulau Adonara|Addenarren|Adenaar|Addinare,Pulau Adonara,-8.3199,123.1734,POINT (123.1734 -8.3199),http://digitaalerfgoed.poolparty.biz/globalise/d8b4d9c6-11b3-430a-ba08-48eb1f3a8f56,island
GLOB_59,Djoana|Joanna|Joana|Juwana|Djawana|Iawana,Juwana,-6.717375,111.142058,POINT (111.142058 -6.717375),https://digitaalerfgoed.poolparty.biz/globalise/55f41aea-cc65-4cfb-88c4-766a2841452a,regency
GLOB_590,Amabesi,Amabesi,-,-,POINT EMPTY,http://digitaalerfgoed.poolparty.biz/globalise/d4dafba3-2344-4f5a-a94d-ed988069d0e5|http://digitaalerfgoed.poolparty.biz/globalise/79dd26ba-f8df-4c5e-8783-27417a48fa99,settlement|village
GLOB_591,Amanatung|Amenatte|Amanatun,Amanatun,-9.84472,124.62444,POINT (124.62444 -9.84472),http://digitaalerfgoed.poolparty.biz/globalise/e2aea655-e60c-47a1-96d8-4c2fd0f92ba2,principality
GLOB_592,Amakong|Amakona|Ammaconij|Amakono|Amacone|Amecone,Amakono,-9.52889,124.425,POINT (124.425 -9.52889),http://digitaalerfgoed.poolparty.biz/globalise/d1f592cd-dec1-4f42-bb73-930ce816dfaf,landschap
GLOB_593,Chiribon|Tsjeribon|'t Cherbon|Cheribon|Ceri-bon|Chirbon|Cerebon|Chirebon|Cirebon|Sirribon|Ceribon,Cirebon,-6.716182,108.566244,POINT (108.566244 -6.716182),https://digitaalerfgoed.poolparty.biz/globalise/8e41887e-0111-4667-b209-9d0da933b7d8|https://digitaalerfgoed.poolparty.biz/globalise/93a0b2c9-ad9a-4bab-8620-11b5c1e01f37,port|town
GLOB_594,Cassimabasaar|Cassembazar|Cassimbassaar|Kasimbarar|Kasimbazar|Cessembazaar|Cassimbazaar|Cassombasaar|Cassembazaar|Cassebassaar|Cassembasaar|Cassimambasear|Kasimbasar|Cassemb|Cossimbazar|Kassembazaar|Cassembas,Cossimbazar,24.12,88.28,POINT (88.28 24.12),https://digitaalerfgoed.poolparty.biz/globalise/20d7cfe7-b3b1-4223-b2b4-d9f6ddb2e683,city
GLOB_596,Kondapilli|Kondapalle|Condapillij|Condapilli|Candapillie,Kondapalle,16.61989,80.54244,POINT (80.54244 16.61989),http://digitaalerfgoed.poolparty.biz/globalise/0e3137ad-bc4d-4da6-8ba3-f4fc5fe7058f,province
GLOB_597,Kendal|Candal,Kendal,-7.0256,110.1685,POINT (110.1685 -7.0256),http://digitaalerfgoed.poolparty.biz/globalise/55f41aea-cc65-4cfb-88c4-766a2841452a,regency
GLOB_598,Quilon de Cima|Tangasseri|Coilan de Sima,Tangasseri,8.883333,76.583333,POINT (76.583333 8.883333),http://digitaalerfgoed.poolparty.biz/globalise/40217104-de46-42ed-80c8-480fac1f8706,district
GLOB_599,Coetjaar|Koetjaar|Cotjar|Cotiaar|Kottiyar|Cutiar|Koddiyar|Cattiaar|Kottiar|Kaddaiparichchan|Cotiar|Cotjaer,Kaddaiparichchan,8.450555556,81.26305556,POINT (81.263056 8.450556),-,-
GLOB_599_GEO_1,Coetjaar|Koetjaar|Cotjar|Cotiaar|Kottiyar|Cutiar|Koddiyar|Cattiaar|Koddiyar Bay|Kottiar|Cotiar|Cotjaer,Koddiyar Bay,8.4905,81.24282,POINT (81.24282 8.4905),http://digitaalerfgoed.poolparty.biz/globalise/6798ed1b-27a6-4113-9cd8-a78f68b94e7c,bay
GLOB_599_HUM_1,Coetjaar|Koetjaar|Cotjar|Cotiaar|Kottiyar|Cutiar|Koddiyar|Cattiaar|Kottiar|Kaddaiparichchan|Cotiar|Cotjaer,Kaddaiparichchan,8.450555556,81.26305556,POINT (81.263056 8.450556),http://digitaalerfgoed.poolparty.biz/globalise/8e41887e-0111-4667-b209-9d0da933b7d8,town
GLOB_599_HUM_2,Coetjaar|Koetjaar|Cotjar|Cotiaar|Kottiyar|Cutiar|Koddiyar|Cattiaar|Kottiar|Kaddaiparichchan|Cotiar|Cotjaer,Kaddaiparichchan,8.450555556,81.26305556,POINT (81.263056 8.450556),http://digitaalerfgoed.poolparty.biz/globalise/4b274bf6-aa23-44f3-8d90-809c6617916f,comptoir
GLOB_6,Amfuan|Amphioen|Amfoan|Amphoan|Sorbian|Amphoang,Amfoan,-9.60056,123.81972,POINT (123.81972 -9.60056),http://digitaalerfgoed.poolparty.biz/globalise/e2aea655-e60c-47a1-96d8-4c2fd0f92ba2|http://digitaalerfgoed.poolparty.biz/globalise/d1f592cd-dec1-4f42-bb73-930ce816dfaf,principality|landschap
GLOB_600,Sjiraas|Siras|Chiras|Chiraas|Shiraz,Shiraz,29.620027,52.524834,POINT (52.524834 29.620027),https://digitaalerfgoed.poolparty.biz/globalise/20d7cfe7-b3b1-4223-b2b4-d9f6ddb2e683,city
GLOB_601,Bulukumba|Boelacomba|Boulocomba|Boelicamba|Boele Comba|Boelocoembo|Boelecomba|Boele Cumba|Boeloecombo|Boulocombo,Bulukumba,-5.552431,120.195572,POINT (120.195572 -5.552431),https://digitaalerfgoed.poolparty.biz/globalise/6f1f178a-fa6f-4553-a723-99f9d909a771,kingdom
GLOB_602,Bellimoer|Bilimoera|Bilimora,Bilimora,20.76957,72.96134,POINT (72.96134 20.76957),http://digitaalerfgoed.poolparty.biz/globalise/20d7cfe7-b3b1-4223-b2b4-d9f6ddb2e683,city
GLOB_603,Cambona|Cabina|Camboino|Pulau Kabaena|Kabaena|Camboina|Cabeyna|Cambeyna,Pulau Kabaena,-5.25,121.91667,POINT (121.91667 -5.25),http://digitaalerfgoed.poolparty.biz/globalise/d8b4d9c6-11b3-430a-ba08-48eb1f3a8f56,island
GLOB_604,Bouwnager|Bhavnagar,Bhavnagar,21.76287,72.15331,POINT (72.15331 21.76287),https://digitaalerfgoed.poolparty.biz/globalise/8e41887e-0111-4667-b209-9d0da933b7d8|https://digitaalerfgoed.poolparty.biz/globalise/93a0b2c9-ad9a-4bab-8620-11b5c1e01f37,port|town
GLOB_606,Suruaso|Saruaso|Sirwassa|Souroassa,Saruaso,-0.50833,100.63417,POINT (100.63417 -0.50833),http://digitaalerfgoed.poolparty.biz/globalise/2b007e6a-a299-413b-bc7f-51e69a9e1fab,capital
GLOB_607,Solo|Soeracarta|Surakarta|Souracarta,Surakarta,-7.56195,110.814915,POINT (110.814915 -7.56195),https://digitaalerfgoed.poolparty.biz/globalise/d4dafba3-2344-4f5a-a94d-ed988069d0e5,village
GLOB_608,Zourabaya|Sourabaya|Surabaja|Surabaya|Soerabaija|Soerabaya|Sourabaija|Soerabaja|Sourabaja,Surabaya,-7.286701,112.733946,POINT (112.733946 -7.286701),https://digitaalerfgoed.poolparty.biz/globalise/55f41aea-cc65-4cfb-88c4-766a2841452a,regency
GLOB_609,Zoenoer|Nagari Sunua|Soenor|Sunur,Nagari Sunua,-0.66139,100.18389,POINT (100.18389 -0.66139),http://digitaalerfgoed.poolparty.biz/globalise/d4dafba3-2344-4f5a-a94d-ed988069d0e5,village
GLOB_61,Kilakkarai|Kilpekarre|Kilakarai|Kelkare|Kalkare|Kilkare,Kilakarai,9.229961,78.785176,POINT (78.785176 9.229961),https://digitaalerfgoed.poolparty.biz/globalise/93a0b2c9-ad9a-4bab-8620-11b5c1e01f37,port
GLOB_610,Sjampia|Ciampea|Sampia,Ciampea,-6.55472,106.70083,POINT (106.70083 -6.55472),https://digitaalerfgoed.poolparty.biz/globalise/156e18b0-dee8-406e-8f32-7259a573d368,estate
GLOB_611,Siringapatnam|Srirangapatnam|Sri Ranganathaswamy Temple,Sri Ranganathaswamy Temple,10.85733,78.69713,POINT (78.69713 10.85733),http://digitaalerfgoed.poolparty.biz/globalise/02db354d-bbd0-4122-aa18-00d6fe8cba28,temple
GLOB_612,Tannadatat|Tanadatar|Tanah Datar|Tanahdatar,Tanah Datar,-0.4555,100.5771,POINT (100.5771 -0.4555),http://digitaalerfgoed.poolparty.biz/globalise/40217104-de46-42ed-80c8-480fac1f8706,district
GLOB_613,Tangjungpura|Tanijomgpoura|Tanjon Poura|Tanjonpoura|Tangjung Pura|Tanjongpoura|Tandjongpura|Tandjungpura|Tanjungpura|Tangjongpoura|Tanjong Poura|Tanjonpoera,Tanjungpura,-6.264878,107.289255,POINT (107.289255 -6.264878),https://digitaalerfgoed.poolparty.biz/globalise/84767cdb-cabe-4384-9e51-faca2ae3b864,fort
GLOB_614,Tahulandang|Tagulandang|Tagelande|Tagulanda,Tahulandang,2.34583,125.41667,POINT (125.41667 2.34583),-,-
GLOB_614_GEO_1,Pulau Tahulandang|Tagelande|Tagulanda|Tahulandang|Tagulandang,Pulau Tahulandang,2.3497,125.4152,POINT (125.4152 2.3497),http://digitaalerfgoed.poolparty.biz/globalise/d8b4d9c6-11b3-430a-ba08-48eb1f3a8f56,island
GLOB_614_HUM_1,Tahulandang|Tagulandang|Tagelande|Tagulanda,Tagulandang,2.3497,125.4152,POINT (125.4152 2.3497),http://digitaalerfgoed.poolparty.biz/globalise/6f1f178a-fa6f-4553-a723-99f9d909a771,kingdom
GLOB_615,Tanette|Taneta|Tanete (Sulawesi)|Tannette|Tanete (Selayar),Tanete (Sulawesi),-4.53333,119.6,POINT (119.6 -4.53333),http://digitaalerfgoed.poolparty.biz/globalise/6f1f178a-fa6f-4553-a723-99f9d909a771,kingdom
GLOB_616,Sukadana|Succadana|Saccadan|Saccadane|Sucadano,Sukadana,-1.229688,109.952431,POINT (109.952431 -1.229688),https://digitaalerfgoed.poolparty.biz/globalise/d1f592cd-dec1-4f42-bb73-930ce816dfaf,landschap
GLOB_617,"Rhun, Poelo|Pulorin|Pulau Rhun|Poulo-Rhon|Pulau Run|Poulo Ron|Rhun|Run|Poeloe Run|Ron|Run, Pulau",Pulau Run,-4.553153,129.685163,POINT (129.685163 -4.553153),http://digitaalerfgoed.poolparty.biz/globalise/d8b4d9c6-11b3-430a-ba08-48eb1f3a8f56,island
GLOB_619,Sieka|Sikka|Sika,Sika,-8.75,122.2,POINT (122.2 -8.75),http://digitaalerfgoed.poolparty.biz/globalise/d4dafba3-2344-4f5a-a94d-ed988069d0e5,village
GLOB_62,Qeshm|Kismus|Kishm|Kismis|Gnismich,Qeshm,26.95941,56.273167,POINT (56.273167 26.95941),https://digitaalerfgoed.poolparty.biz/globalise/d8b4d9c6-11b3-430a-ba08-48eb1f3a8f56,island
GLOB_620,Cerematta|Sarmata|Sermate|Sexumatta|Sermatte|Cerematten|Pulau Sermata,Pulau Sermata,-8.216666667,128.9166667,POINT (128.916667 -8.216667),http://digitaalerfgoed.poolparty.biz/globalise/d8b4d9c6-11b3-430a-ba08-48eb1f3a8f56,island
GLOB_621,Vadakkudi|Waddacoeddi|Wade Coedie,Vadakkudi,10.7987,79.81842,POINT (79.81842 10.7987),http://digitaalerfgoed.poolparty.biz/globalise/d4dafba3-2344-4f5a-a94d-ed988069d0e5,village
GLOB_622,Vidjagapatam|Visiagapatnam|Vishakhapatnam|Vishakapatnam|Visakhapatnam|Visagapatnam|Vizagapatam,Visakhapatnam,17.692764,83.214512,POINT (83.214512 17.692764),https://digitaalerfgoed.poolparty.biz/globalise/20d7cfe7-b3b1-4223-b2b4-d9f6ddb2e683,city
GLOB_623,Wellewatte|Walallawita|Walallwiti Korale |Walewittecorle|Wallallawitte Corle|Wallaviti Korala,Walallawita,6.3615,80.1931,POINT (80.1931 6.3615),http://digitaalerfgoed.poolparty.biz/globalise/851d29fa-da48-4c05-a99a-ecdd5902b0ee,korale
GLOB_624,Sindi|Zindi|Sindh|Sind,Sindh,26.13333,68.76667,POINT (68.76667 26.13333),https://digitaalerfgoed.poolparty.biz/globalise/06278cc4-0ec4-4376-b869-8c21bf507894,region
GLOB_625,Sirantih|Zerantie|Ceranti,Sirantih,-1.5847,100.6388,POINT (100.6388 -1.5847),http://digitaalerfgoed.poolparty.biz/globalise/ebf26f69-b692-437a-b6fa-2bb4ae0ae95b,polity
GLOB_626,Sanaa|Zaana,Sanaa,15.35472,44.20667,POINT (44.20667 15.35472),http://digitaalerfgoed.poolparty.biz/globalise/2b007e6a-a299-413b-bc7f-51e69a9e1fab,capital
GLOB_627,Woya|Woyo,Woyo,-1.9733,124.69841,POINT (124.69841 -1.9733),http://digitaalerfgoed.poolparty.biz/globalise/7c1af419-926c-47c9-9450-05dc5849c05c,negorij [PROBLEMATIC TERM]
GLOB_628,Wossij|Wossie|Wosi,Wosi,-0.18465,127.96775,POINT (127.96775 -0.18465),http://digitaalerfgoed.poolparty.biz/globalise/d4dafba3-2344-4f5a-a94d-ed988069d0e5,village
GLOB_629,Tjenrana Boni|Sindrana|Tjenrana|Tinrana Bonij|Tsinrana Bonij|Chinra|Tsinrana-Bone|Cenrana (Bone)|Chinrana|Tsinrana|Tjinrana,Cenrana (Bone),-4.25,120.35,POINT (120.35 -4.25),http://digitaalerfgoed.poolparty.biz/globalise/20d7cfe7-b3b1-4223-b2b4-d9f6ddb2e683|http://digitaalerfgoed.poolparty.biz/globalise/2b007e6a-a299-413b-bc7f-51e69a9e1fab,city|capital
GLOB_63,Hoamoal|Klein-Ceram|Semenanjung Hoamoal,Semenanjung Hoamoal,-3.2809,127.9709,POINT (127.9709 -3.2809),http://digitaalerfgoed.poolparty.biz/globalise/422b34bb-dffe-4552-b1cd-f720d3efe4df,peninsula
GLOB_630,Tiemiriecotte|Timiri Kota|Thimiri,Thimiri,12.82828,79.30792,POINT (79.30792 12.82828),http://digitaalerfgoed.poolparty.biz/globalise/d4dafba3-2344-4f5a-a94d-ed988069d0e5,village
GLOB_631,Tidung|Tedong|Thedong,Tidung,3.55,116.96667,POINT (116.96667 3.55),http://digitaalerfgoed.poolparty.biz/globalise/7c1af419-926c-47c9-9450-05dc5849c05c,negorij [PROBLEMATIC TERM]
GLOB_633,Tavay|Tawaay|Tawaij|Dawei|Tavoy,Dawei,14.0823,98.19151,POINT (98.19151 14.0823),http://digitaalerfgoed.poolparty.biz/globalise/20d7cfe7-b3b1-4223-b2b4-d9f6ddb2e683,city
GLOB_634,"Tjiringin, bocht van|Tjeringen, bogt van|Caringin",Caringin,-6.35917,105.82917,POINT (105.82917 -6.35917),http://digitaalerfgoed.poolparty.biz/globalise/6798ed1b-27a6-4113-9cd8-a78f68b94e7c,bay
GLOB_635,Tukangbesi-eilanden|Tukangbesi eilanden|Toekanbessij|Kepulauan Tukangbesi|Toucabesjes-eylanden,Kepulauan Tukangbesi,-5.66667,123.83333,POINT (123.83333 -5.66667),http://digitaalerfgoed.poolparty.biz/globalise/25b09c82-eab3-41d4-9c36-831cfc2b496c,archipelago
GLOB_636,Nagappattinam|Negapatam|Negapatnam|Nagepatnam|Nagapatnam|Nagapattinam|Nagapatam|Nagene,Nagapattinam,10.764993,79.84732,POINT (79.84732 10.764993),https://digitaalerfgoed.poolparty.biz/globalise/20d7cfe7-b3b1-4223-b2b4-d9f6ddb2e683|https://digitaalerfgoed.poolparty.biz/globalise/93a0b2c9-ad9a-4bab-8620-11b5c1e01f37,port|city
GLOB_637,Muttingen|Muttungal,Muttungal,11.61661,75.58669,POINT (75.58669 11.61661),http://digitaalerfgoed.poolparty.biz/globalise/8e41887e-0111-4667-b209-9d0da933b7d8|http://digitaalerfgoed.poolparty.biz/globalise/93a0b2c9-ad9a-4bab-8620-11b5c1e01f37,port|town
GLOB_638,Mascate|Mascatta|Masquette|Muscat|Musschat|Musquette|Masquetta|Mosschetten|Mascat|Muskette,Muscat,23.596239,58.394709,POINT (58.394709 23.596239),https://digitaalerfgoed.poolparty.biz/globalise/20d7cfe7-b3b1-4223-b2b4-d9f6ddb2e683,city
GLOB_64,Shahr-e Qadim-e Lar |Laar|Lar|Lhaar,Shahr-e Qadim-e Lar ,27.683832,54.341097,POINT (54.341097 27.683832),https://digitaalerfgoed.poolparty.biz/globalise/20d7cfe7-b3b1-4223-b2b4-d9f6ddb2e683,city
GLOB_640,Monara|Manara|Monarra|Gunung Munara,Gunung Munara,-6.45306,106.62778,POINT (106.62778 -6.45306),http://digitaalerfgoed.poolparty.biz/globalise/617a0924-1516-4be8-a478-b451bf47f5bf,mountain
GLOB_641,Motupalle|Moetoepillij|Motupalli|Moetapellij,Motupalle,15.71946,80.29424,POINT (80.29424 15.71946),http://digitaalerfgoed.poolparty.biz/globalise/93a0b2c9-ad9a-4bab-8620-11b5c1e01f37,port
GLOB_642,Nova Guinea|Irian|Nugini|Novo Guinea|Nieuw-Guinea|Papua|Niugini|New Guinea|Nieuw Guinea|Papuase eilanden|Tannapapoea|Papoea,New Guinea,-4.977474,141.003178,POINT (141.003178 -4.977474),http://digitaalerfgoed.poolparty.biz/globalise/d8b4d9c6-11b3-430a-ba08-48eb1f3a8f56,island
GLOB_643,Neyla|Pulau Nila|Nila|Niela|Nyla|Nhila|Niella,Pulau Nila,-6.739281,129.514675,POINT (129.514675 -6.739281),http://digitaalerfgoed.poolparty.biz/globalise/d8b4d9c6-11b3-430a-ba08-48eb1f3a8f56,island
GLOB_644,Neliseram|Nīleswaram|Nisiram|Nilesaram|Nileswaram,Nīleswaram,12.333333,75.1,POINT (75.1 12.333333),http://digitaalerfgoed.poolparty.biz/globalise/6f1f178a-fa6f-4553-a723-99f9d909a771,kingdom
GLOB_645,Naymuti|Noimuti|Naimuti|Naymoetie,Noimuti,-9.60028,124.49389,POINT (124.49389 -9.60028),http://digitaalerfgoed.poolparty.biz/globalise/d4dafba3-2344-4f5a-a94d-ed988069d0e5,village
GLOB_646,Negras|Naygrais|Cape Negrais|Negrais,Cape Negrais,16.04303,94.19265,POINT (94.19265 16.04303),http://digitaalerfgoed.poolparty.biz/globalise/ea0cf4b3-3d82-4ff6-ad10-12e77f581218,cape
GLOB_647,Manatutu|Mantoete|Mantutu|Ade en Mantoetoe,Manatutu,-8.51139,126.01306,POINT (126.01306 -8.51139),http://digitaalerfgoed.poolparty.biz/globalise/e2aea655-e60c-47a1-96d8-4c2fd0f92ba2,principality
GLOB_648,Phillippines|Filippijnen|Phillipines|Philippines|Philippine Islands,Philippine Islands,12.12193,123.572327,POINT (123.572327 12.12193),https://digitaalerfgoed.poolparty.biz/globalise/25b09c82-eab3-41d4-9c36-831cfc2b496c,archipelago
GLOB_649,Mandhar|Mandar|Mandhaar,Mandar,-3.31667,119.15,POINT (119.15 -3.31667),http://digitaalerfgoed.poolparty.biz/globalise/aac3913b-50a0-4d44-adbf-080a98a6729c,federation
GLOB_65,Limbu|Limboe|Lemboe|Lembo,Lembo,-2.12419,121.26903,POINT (121.26903 -2.12419),http://digitaalerfgoed.poolparty.biz/globalise/ebf26f69-b692-437a-b6fa-2bb4ae0ae95b,polity
GLOB_650,Moucco Moucco|Mocco Mocco|Mukomuko|Muko Muko,Mukomuko,-2.5689,101.1118,POINT (101.1118 -2.5689),http://digitaalerfgoed.poolparty.biz/globalise/40217104-de46-42ed-80c8-480fac1f8706,district
GLOB_651,Maubara|Mobare,Maubara,-8.61194,125.20611,POINT (125.20611 -8.61194),http://digitaalerfgoed.poolparty.biz/globalise/e2aea655-e60c-47a1-96d8-4c2fd0f92ba2,principality
GLOB_652,Moaratambessie|Muaratembesi|Muara Tembesi|Mohara Tambessie,Muara Tembesi,-1.71944,103.08972,POINT (103.08972 -1.71944),-,-
GLOB_652_GEO_1,Batang Tembesi|Tembesi|Tambessie,Batang Tembesi,-1.7111,103.1087,POINT (103.1087 -1.7111),https://digitaalerfgoed.poolparty.biz/globalise/cf7cc49f-738b-48b0-80a7-476244ba4919,river
GLOB_652_HUM_1,Muara Tembesi|Moaratambessie|Tambessie|Tembesi|Muaratembesi|Mohara Tambessie,Muara Tembesi,-1.71944,103.08972,POINT (103.08972 -1.71944),https://digitaalerfgoed.poolparty.biz/globalise/d1f592cd-dec1-4f42-bb73-930ce816dfaf,landschap
GLOB_654,Matarm|Mataram (Indonesia)|Mataram|Mattarm|Mattaram|De Mattarm,Mataram (Indonesia),-8.576285,116.071686,POINT (116.071686 -8.576285),https://digitaalerfgoed.poolparty.biz/globalise/6f1f178a-fa6f-4553-a723-99f9d909a771,kingdom
GLOB_655,Masang|Masan|Massang,Masang,-0.28094,99.80358,POINT (99.80358 -0.28094),http://digitaalerfgoed.poolparty.biz/globalise/d5e1cce4-2779-494a-bf72-a6b3a0b0ace0,kampong
GLOB_656,Puducherry|Pondycherry|Pondicheri|Pondichery|Pondij|Poedechery|Pondicherry|Pondichéry|Poedecerij,Puducherry,11.938234,79.827976,POINT (79.827976 11.938234),https://digitaalerfgoed.poolparty.biz/globalise/8e41887e-0111-4667-b209-9d0da933b7d8,town
GLOB_657,Palkur|Poleoer|Palcoer|Paleoer,Paleoer,-,-,POINT EMPTY,http://digitaalerfgoed.poolparty.biz/globalise/d4dafba3-2344-4f5a-a94d-ed988069d0e5,village
GLOB_658,Puliyur|Pulur|Poeleoer,Puliyur,10.63375,78.84139,POINT (78.84139 10.63375),http://digitaalerfgoed.poolparty.biz/globalise/d4dafba3-2344-4f5a-a94d-ed988069d0e5,village
GLOB_660,Pitta Poer|Pettapour|Pithapuram|Pithāpuram,Pithāpuram,17.116667,82.266667,POINT (82.266667 17.116667),https://digitaalerfgoed.poolparty.biz/globalise/79dd26ba-f8df-4c5e-8783-27417a48fa99,inhabited place
GLOB_661,Percia|Perzië|Parsia|Persia,Persia,32.591161,52.904057,POINT (52.904057 32.591161),https://digitaalerfgoed.poolparty.biz/globalise/06278cc4-0ec4-4376-b869-8c21bf507894,region
GLOB_662,Ponneceijl|Ponnecaijl|Punneikayal|Punnaikkayal|Ponnecail|Ponnocail|Pundecail|Ponnekayl|Ponecayl|Ponnekail,Punnaikkayal,8.63222222,78.11194444,POINT (78.111944 8.632222),https://digitaalerfgoed.poolparty.biz/globalise/d4dafba3-2344-4f5a-a94d-ed988069d0e5|https://digitaalerfgoed.poolparty.biz/globalise/93a0b2c9-ad9a-4bab-8620-11b5c1e01f37,port|village
GLOB_663,Oulaccam|Oulaccan|Ulakan|Oulax,Ulakan,-0.69376,100.18592,POINT (100.18592 -0.69376),http://digitaalerfgoed.poolparty.biz/globalise/7c1af419-926c-47c9-9450-05dc5849c05c,negorij [PROBLEMATIC TERM]
GLOB_664,Ouby|Obi|Oubij|Pulau Obi|Onbij|Oeubi,Pulau Obi,-1.504954,127.544174,POINT (127.544174 -1.504954),https://digitaalerfgoed.poolparty.biz/globalise/d8b4d9c6-11b3-430a-ba08-48eb1f3a8f56,island
GLOB_665,Pattapahan|Patapahan|Petapahan|Pattabahan|Patapan,Petapahan,0.5611,101.0699,POINT (101.0699 0.5611),http://digitaalerfgoed.poolparty.biz/globalise/d4dafba3-2344-4f5a-a94d-ed988069d0e5,village
GLOB_666,Panday|Pulau Pantar|Pantar,Pulau Pantar,-8.41667,124.11667,POINT (124.11667 -8.41667),http://digitaalerfgoed.poolparty.biz/globalise/d8b4d9c6-11b3-430a-ba08-48eb1f3a8f56,island
GLOB_667,"Gunung Penawangan|Panawangang|Penawungan, Gunung",Gunung Penawangan,-7.13,110.51333,POINT (110.51333 -7.13),-,-
GLOB_667_GEO_1,"Gunung Penawangan|Panawangang|Penawungan, Gunung",Gunung Penawangan,-7.13,110.51333,POINT (110.51333 -7.13),http://digitaalerfgoed.poolparty.biz/globalise/617a0924-1516-4be8-a478-b451bf47f5bf,mountain
GLOB_667_HUM_1,"Gunung Penawangan|Panawangang|Penawungan, Gunung",Gunung Penawangan,-7.13,110.51333,POINT (110.51333 -7.13),http://digitaalerfgoed.poolparty.biz/globalise/e37b4af4-c423-44ae-b328-8c1603654dce,military camp
GLOB_668,Nidamangalam|Nidan Magelan|Needamangalam,Needamangalam,10.766667,79.416667,POINT (79.416667 10.766667),http://digitaalerfgoed.poolparty.biz/globalise/d4dafba3-2344-4f5a-a94d-ed988069d0e5,village
GLOB_669,Radenagoor|Radhanagar|Radanegger|Rādhānagar,Rādhānagar,22.336389,88.036944,POINT (88.036944 22.336389),http://digitaalerfgoed.poolparty.biz/globalise/db80a209-840f-4014-a9b4-6d580b1c682a,aurung
GLOB_67,Manaar|Mannar|Mannar Island|Manaer|Manar|Mannaar,Mannar Island,8.981393,79.910574,POINT (79.910574 8.981393),http://digitaalerfgoed.poolparty.biz/globalise/d8b4d9c6-11b3-430a-ba08-48eb1f3a8f56,island
GLOB_670,Poelicarro|Pollicarro|Pulikkakadavu|Poelicado v. Nabab|Poelicaro|Poelicado d: Nababs,Pulikkakadavu,10.520313,76.07057,POINT (76.07057 10.520313),http://digitaalerfgoed.poolparty.biz/globalise/07b3f630-b359-4d5d-a0cd-3c029dc1c394,guard post
GLOB_670_HUM_1,Wagtpost Poelicado|Pulikkakadavu (Guard post)|Comps. Wagtpost Poelicado,Pulikkakadavu (Guard post),10.520313,76.07057,POINT (76.07057 10.520313),https://digitaalerfgoed.poolparty.biz/globalise/07b3f630-b359-4d5d-a0cd-3c029dc1c394,guard post
GLOB_671,Poona|Pune|Poena,Pune,18.51957,73.85535,POINT (73.85535 18.51957),http://digitaalerfgoed.poolparty.biz/globalise/20d7cfe7-b3b1-4223-b2b4-d9f6ddb2e683,city
GLOB_672,"eylant Bouro|Bouro|Pulau Buru|Buru|Boeroe|Poeleboeroe|Boerom|Buru, Pulau",Pulau Buru,-3.354405,126.721344,POINT (126.721344 -3.354405),http://digitaalerfgoed.poolparty.biz/globalise/d8b4d9c6-11b3-430a-ba08-48eb1f3a8f56,island
GLOB_673,Piru|Piroe,Piru,-3.0618,128.1945,POINT (128.1945 -3.0618),-,-
GLOB_673_GEO_1,Piru|Teluk Piru|Piroe,Teluk Piru,-3.3177,128.1704,POINT (128.1704 -3.3177),http://digitaalerfgoed.poolparty.biz/globalise/6798ed1b-27a6-4113-9cd8-a78f68b94e7c,bay
GLOB_673_HUM_1,Piru|Piroe,Piru,-3.0618,128.1945,POINT (128.1945 -3.0618),http://digitaalerfgoed.poolparty.biz/globalise/7c1af419-926c-47c9-9450-05dc5849c05c,negorij [PROBLEMATIC TERM]
GLOB_674,Pikahoea|Pikahoa,Pikahoea,-,-,POINT EMPTY,http://digitaalerfgoed.poolparty.biz/globalise/79dd26ba-f8df-4c5e-8783-27417a48fa99,settlement
GLOB_676,Mangeraij|Mangerai|Mangarai|Manggerai|Mangerey|Mangoray|Mangary|Mangeray|Manggarai|Mangray|Mangarij|Mangaray|Mangarry|Mangerij,Manggarai,-8.64263,119.9352,POINT (119.9352 -8.64263),http://digitaalerfgoed.poolparty.biz/globalise/06278cc4-0ec4-4376-b869-8c21bf507894,region
GLOB_677,Mannapaer|Manapar|Mannapaar|Manapoar|Manapadu|Manapaar|Manappād|Mannepaar|Manapaer,Manappād,8.37732,78.05626,POINT (78.05626 8.37732),http://digitaalerfgoed.poolparty.biz/globalise/d4dafba3-2344-4f5a-a94d-ed988069d0e5|http://digitaalerfgoed.poolparty.biz/globalise/93a0b2c9-ad9a-4bab-8620-11b5c1e01f37,port|village
GLOB_678,Mabaweda|Weda,Weda,0.32952,127.87389,POINT (127.87389 0.32952),http://digitaalerfgoed.poolparty.biz/globalise/40217104-de46-42ed-80c8-480fac1f8706,district
GLOB_679,Matesse|Matesih,Matesih,-7.64444,111.04583,POINT (111.04583 -7.64444),http://digitaalerfgoed.poolparty.biz/globalise/40217104-de46-42ed-80c8-480fac1f8706,district
GLOB_68,Alam Minangkabau|Manincabo|Maningcabo|Minangkabau|Menangkabwa|Manicabo|Maning Cabo,Alam Minangkabau,-0.42,100.605,POINT (100.605 -0.42),http://digitaalerfgoed.poolparty.biz/globalise/6f1f178a-fa6f-4553-a723-99f9d909a771,kingdom
GLOB_680,Letjemor|Semenanjung Laitimor|Leitimor,Semenanjung Laitimor,-3.70178,128.22488,POINT (128.22488 -3.70178),http://digitaalerfgoed.poolparty.biz/globalise/422b34bb-dffe-4552-b1cd-f720d3efe4df,peninsula
GLOB_681,Tulang Ikan|Toelanikan|Toelang Ikan,Tulang Ikan,-9.22229,124.29055,POINT (124.29055 -9.22229),http://digitaalerfgoed.poolparty.biz/globalise/84767cdb-cabe-4384-9e51-faca2ae3b864,fortification
GLOB_682,Thrippunithura|Tripunittura|Tripontarre,Tripunittura,9.94283,76.33331,POINT (76.33331 9.94283),https://digitaalerfgoed.poolparty.biz/globalise/2b007e6a-a299-413b-bc7f-51e69a9e1fab,capital
GLOB_683,Tugu|Toegoe,Tugu,-6.12444,106.92528,POINT (106.92528 -6.12444),http://digitaalerfgoed.poolparty.biz/globalise/d4dafba3-2344-4f5a-a94d-ed988069d0e5,village
GLOB_684,Devipattanam|Tewipatnam|Devipattinam,Devipattinam,9.47763,78.89558,POINT (78.89558 9.47763),http://digitaalerfgoed.poolparty.biz/globalise/8e41887e-0111-4667-b209-9d0da933b7d8|http://digitaalerfgoed.poolparty.biz/globalise/93a0b2c9-ad9a-4bab-8620-11b5c1e01f37,port|town
GLOB_685,"Tiokos, Poelo|Tikus, Pulau|Pulau Tikus",Pulau Tikus,-3.07293,128.02608,POINT (128.02608 -3.07293),http://digitaalerfgoed.poolparty.biz/globalise/d8b4d9c6-11b3-430a-ba08-48eb1f3a8f56,island
GLOB_686,Tegowanu|Tigowanu|Tigoewono,Tegowanu,-7.0504,110.6216,POINT (110.6216 -7.0504),https://digitaalerfgoed.poolparty.biz/globalise/79dd26ba-f8df-4c5e-8783-27417a48fa99,inhabited place
GLOB_687,Waywiko Waihalé|Wayhale|Wehali,Wehali,-9.56389,124.90056,POINT (124.90056 -9.56389),http://digitaalerfgoed.poolparty.biz/globalise/6f1f178a-fa6f-4553-a723-99f9d909a771,kingdom
GLOB_688,Wandewaes|Wandawasch|Wandewasij|Vandavāsi|Wandiwash|Wandewazij,Vandavāsi,12.50429,79.60556,POINT (79.60556 12.50429),https://digitaalerfgoed.poolparty.biz/globalise/20d7cfe7-b3b1-4223-b2b4-d9f6ddb2e683|http://digitaalerfgoed.poolparty.biz/globalise/84767cdb-cabe-4384-9e51-faca2ae3b864,fortification|city
GLOB_689,Walluanatte|Waluanattij|Arangella|Villavattat|Waluwanattoe|Valluvanad|Walianettij|Valluanatty|Valluvanadu|Valliavattara,Valluvanad,10.97639,76.20106,POINT (76.20106 10.97639),http://digitaalerfgoed.poolparty.biz/globalise/6f1f178a-fa6f-4553-a723-99f9d909a771,kingdom
GLOB_69,Mapranam|Maprane|Maprana,Maprana,10.377222,76.220556,POINT (76.220556 10.377222),-,-
GLOB_690,Jayamkondacholapuram|Walecondapoeram,Jayamkondacholapuram,11.21266,79.36369,POINT (79.36369 11.21266),http://digitaalerfgoed.poolparty.biz/globalise/84767cdb-cabe-4384-9e51-faca2ae3b864,fortification
GLOB_691,Vijayanagar|Visianagaram|Vizianagaram|Visianagarum,Vizianagaram,18.11692,83.41148,POINT (83.41148 18.11692),http://digitaalerfgoed.poolparty.biz/globalise/e2aea655-e60c-47a1-96d8-4c2fd0f92ba2,principality
GLOB_692,Sirisori|Siri-Sori|Sorsorry|Sirijsorrij,Siri-Sori,-3.585852,128.697814,POINT (128.697814 -3.585852),http://digitaalerfgoed.poolparty.biz/globalise/7c1af419-926c-47c9-9450-05dc5849c05c|http://digitaalerfgoed.poolparty.biz/globalise/d1f592cd-dec1-4f42-bb73-930ce816dfaf,negorij [PROBLEMATIC TERM]|landschap
GLOB_693,Chunchura|Tjutjura|Chinsura|Sintsura|Sjunsora|Tsunsiora,Chunchura,22.890013,88.401647,POINT (88.401647 22.890013),https://digitaalerfgoed.poolparty.biz/globalise/d4dafba3-2344-4f5a-a94d-ed988069d0e5,village
GLOB_696,Samboangan|Zamboanga|Samboang|Sambouangen|Samboanga,Zamboanga,6.91028,122.07389,POINT (122.07389 6.91028),http://digitaalerfgoed.poolparty.biz/globalise/79dd26ba-f8df-4c5e-8783-27417a48fa99,inhabited place
GLOB_697,Syac (rivier)|Siak (rivier)|Sungai Siak|Siaco,Sungai Siak,1.22351,102.16461,POINT (102.16461 1.22351),http://digitaalerfgoed.poolparty.biz/globalise/cf7cc49f-738b-48b0-80a7-476244ba4919,river
GLOB_698,Bayat|Tambayat|Tembajat,Bayat,-7.78333,110.61667,POINT (110.61667 -7.78333),http://digitaalerfgoed.poolparty.biz/globalise/d4dafba3-2344-4f5a-a94d-ed988069d0e5,village
GLOB_699,Tabukan|Taboucan|Taboco|Taboekan|Taroenen|Tahuna|Taruna,Tahuna,3.577243,125.573459,POINT (125.573459 3.577243),http://digitaalerfgoed.poolparty.biz/globalise/2b007e6a-a299-413b-bc7f-51e69a9e1fab|http://digitaalerfgoed.poolparty.biz/globalise/79dd26ba-f8df-4c5e-8783-27417a48fa99,settlement|capital
GLOB_69_HUM_1,Mapranam|Maprane|Maprana,Maprana,10.377222,76.220556,POINT (76.220556 10.377222),http://digitaalerfgoed.poolparty.biz/globalise/84767cdb-cabe-4384-9e51-faca2ae3b864,fortification
GLOB_69_HUM_2,Mapranam|Maprane|Maprana,Maprana,10.377222,76.220556,POINT (76.220556 10.377222),http://digitaalerfgoed.poolparty.biz/globalise/82649d92-e539-41a6-b62b-c5e501f3e3de,fief
GLOB_7,Anchuthengu|Anjengo|Ansjenga|Ansjengee|Anjenge|Ansijne|Antsjenge|Ansjenge|Anjengoa|Ansinga|De 5. Palmeros|Ansjengen|Angengo,Anchuthengu,8.672182,76.756085,POINT (76.756085 8.672182),https://digitaalerfgoed.poolparty.biz/globalise/d4dafba3-2344-4f5a-a94d-ed988069d0e5,village
GLOB_70,"Karunagapalli|Karnapoli|Carnapuli|Carnapolie|Karunagappally|Marta|Martha, De",Karunagappally,9.10422,76.53701,POINT (76.53701 9.10422),http://digitaalerfgoed.poolparty.biz/globalise/6f1f178a-fa6f-4553-a723-99f9d909a771,kingdom
GLOB_700,Tappus|Tapus|Tappous,Tapus,2.0408,98.3001,POINT (98.3001 2.0408),-,-
GLOB_700_GEO_1,Tappus|Lau Tapus|Tapus|Tappous,Lau Tapus,2.0408,98.3001,POINT (98.3001 2.0408),http://digitaalerfgoed.poolparty.biz/globalise/cf7cc49f-738b-48b0-80a7-476244ba4919,river
GLOB_700_HUM_1,Tappus|Tapus|Tappous,Tapus,2.0408,98.3001,POINT (98.3001 2.0408),http://digitaalerfgoed.poolparty.biz/globalise/79dd26ba-f8df-4c5e-8783-27417a48fa99,settlement
GLOB_701,Tappianoelie|Tappenoulie|Tapanuli|Tapianoelij,Tapanuli,1.6488,98.7985,POINT (98.7985 1.6488),-,-
GLOB_701_GEO_1,Tappianoelie|Tapanuli|Tappenoulie|Teluk Tapanuli|Tapianoelij,Teluk Tapanuli,1.6488,98.7985,POINT (98.7985 1.6488),http://digitaalerfgoed.poolparty.biz/globalise/6798ed1b-27a6-4113-9cd8-a78f68b94e7c,bay
GLOB_701_HUM_1,Tappianoelie|Tappenoulie|Tapanuli|Tapianoelij,Tapanuli,1.6488,98.7985,POINT (98.7985 1.6488),http://digitaalerfgoed.poolparty.biz/globalise/40217104-de46-42ed-80c8-480fac1f8706,district
GLOB_705,Callewaphoe|Calewapho|Calleawaphoe|Callewaphu,Callewaphoe,-,-,POINT EMPTY,https://digitaalerfgoed.poolparty.biz/globalise/79dd26ba-f8df-4c5e-8783-27417a48fa99,inhabited place
GLOB_706,Bender Delam|Bandar-e Deylam,Bandar-e Deylam,30.0542,50.159,POINT (50.159 30.0542),https://digitaalerfgoed.poolparty.biz/globalise/8e41887e-0111-4667-b209-9d0da933b7d8|https://digitaalerfgoed.poolparty.biz/globalise/93a0b2c9-ad9a-4bab-8620-11b5c1e01f37,port|town
GLOB_707,Bolaëng|Bolang|Bolaäng Hitam|Bolangitang|Boulanghitam|Boulang Itam|Boelang Itam|Bolang Hitam,Bolangitang,0.9068,123.3067,POINT (123.3067 0.9068),http://digitaalerfgoed.poolparty.biz/globalise/6f1f178a-fa6f-4553-a723-99f9d909a771,kingdom
GLOB_708,Bobbili|Bobelie|Bobbelij,Bobbili,18.57366,83.35925,POINT (83.35925 18.57366),http://digitaalerfgoed.poolparty.biz/globalise/0e3137ad-bc4d-4da6-8ba3-f4fc5fe7058f,province
GLOB_709,Bhierbhoem|Birbhum|Bierboom,Birbhum,24.0,87.58333,POINT (87.58333 24),https://digitaalerfgoed.poolparty.biz/globalise/40217104-de46-42ed-80c8-480fac1f8706,district
GLOB_71,Matturai|Materen|Maturea|Matture|Matara|Mature|Matere|Matara (Sri Lanka)|Maderen,Matara (Sri Lanka),5.9509,80.536451,POINT (80.536451 5.9509),-,-
GLOB_710,Chetway|Chettuvay|Kettoa|Cettua|Chetwayi|Chettuwa|Sjettua|Katua|Chettuo|Chittua|Chettoa|Chetua|Citua|Chettouwa|Chetwai|Chettua|Catua,Chetwayi,10.580803,76.018939,POINT (76.018939 10.580803),https://digitaalerfgoed.poolparty.biz/globalise/e2aea655-e60c-47a1-96d8-4c2fd0f92ba2,principality
GLOB_710_GEO_1,de Rivier van Chettua|Chetwayi (River)|Cettowase rivier,Chetwayi (River),10.580803,76.018939,POINT (76.018939 10.580803),https://digitaalerfgoed.poolparty.biz/globalise/cf7cc49f-738b-48b0-80a7-476244ba4919,river
GLOB_710_HUM_1,Cettua|Chettua Hollands|Chetwayi (VOC administered area),Chetwayi (VOC administered area),10.580803,76.018939,POINT (76.018939 10.580803),https://digitaalerfgoed.poolparty.biz/globalise/49b48294-d3be-4a92-a066-a13be466993c,VOC administered area
GLOB_710_HUM_2,Chetwayi (Principality)|Landen van den landheer Payencherij Nairo van Chettua|Landen van den landheer van Chettua,Chetwayi (Principality),10.580803,76.018939,POINT (76.018939 10.580803),https://digitaalerfgoed.poolparty.biz/globalise/e2aea655-e60c-47a1-96d8-4c2fd0f92ba2,principality
GLOB_711,Chowghat|Chavakkad|Cawacatty|Chawecattij|Chawacatij|Tjabakadde|Cawacatij|Chavakkadu,Chavakkad,10.52229,76.07942,POINT (76.07942 10.52229),http://digitaalerfgoed.poolparty.biz/globalise/55f41aea-cc65-4cfb-88c4-766a2841452a|https://digitaalerfgoed.poolparty.biz/globalise/e2aea655-e60c-47a1-96d8-4c2fd0f92ba2,regency|principality
GLOB_711_GEO_1,Spruit na Cawacatij|Rivier Tjabakadde|Chavakkad (River)|Revier na Chawacatij,Chavakkad (River),10.52229,76.07942,POINT (76.07942 10.52229),https://digitaalerfgoed.poolparty.biz/globalise/cf7cc49f-738b-48b0-80a7-476244ba4919,river
GLOB_712,Chandrakona|Chandercoena|S'jandercona,Chandrakona,22.73333,87.51667,POINT (87.51667 22.73333),http://digitaalerfgoed.poolparty.biz/globalise/db80a209-840f-4014-a9b4-6d580b1c682a,aurung
GLOB_714,Coealla Bidoor|Kuala Bidur (rivier)|Sungai Bidor|Coealla Bidor,Sungai Bidor,4.0339,101.0265,POINT (101.0265 4.0339),http://digitaalerfgoed.poolparty.biz/globalise/cf7cc49f-738b-48b0-80a7-476244ba4919,river
GLOB_715,Khorasan Province|Chorassoen|Chorasseen|Khorasan,Khorasan Province,35.0,59.0,POINT (59 35),http://digitaalerfgoed.poolparty.biz/globalise/0e3137ad-bc4d-4da6-8ba3-f4fc5fe7058f,province
GLOB_716,Cansjewarom|Conjivaram|Canjewarom|Cansij|Kanchipuram|Conjeeveram|Cangiewaron|Canjewaron,Kanchipuram,12.83515,79.70006,POINT (79.70006 12.83515),http://digitaalerfgoed.poolparty.biz/globalise/20d7cfe7-b3b1-4223-b2b4-d9f6ddb2e683,city
GLOB_717,Kampar (rivier)|Sungai Kampar|Camper (rivier),Sungai Kampar,0.469,103.1446,POINT (103.1446 0.469),http://digitaalerfgoed.poolparty.biz/globalise/cf7cc49f-738b-48b0-80a7-476244ba4919,river
GLOB_718,Caliwoengo|Calliwongoe|Kaliwungu|Caliwongo|Caliwongoe|Calwoengoe,Kaliwungu,-6.9606,110.2567,POINT (110.2567 -6.9606),http://digitaalerfgoed.poolparty.biz/globalise/55f41aea-cc65-4cfb-88c4-766a2841452a|http://digitaalerfgoed.poolparty.biz/globalise/40217104-de46-42ed-80c8-480fac1f8706,regency|district
GLOB_71_HUM_1,Matturai|Materen|Maturea|Matture|Matara|Mature|Matere|Matara (Sri Lanka)|Maderen,Matara (Sri Lanka),5.9509,80.536451,POINT (80.536451 5.9509),http://digitaalerfgoed.poolparty.biz/globalise/46a91433-5f11-49f5-a37b-bd52aec90197,dessavony
GLOB_71_HUM_2,Matturai|Materen|Maturea|Matture|Matara|Mature|Matere|Matara (Sri Lanka)|Maderen,Matara (Sri Lanka),5.9509,80.536451,POINT (80.536451 5.9509),http://digitaalerfgoed.poolparty.biz/globalise/4b274bf6-aa23-44f3-8d90-809c6617916f,comptoir
GLOB_71_HUM_3,Matturai|Materen|Maturea|Matture|Matara|Mature|Matere|Matara (Sri Lanka)|Maderen,Matara (Sri Lanka),5.9509,80.536451,POINT (80.536451 5.9509),http://digitaalerfgoed.poolparty.biz/globalise/8e41887e-0111-4667-b209-9d0da933b7d8,town
GLOB_720,Carangouly|Carringoedie Palium|Karunguli|Carnigoely Palem,Karunguli,12.53325,79.9039,POINT (79.9039 12.53325),http://digitaalerfgoed.poolparty.biz/globalise/84767cdb-cabe-4384-9e51-faca2ae3b864,fort
GLOB_721,Carriem Abaat|Cariemabaath|Cariemabath|Karimabad|Carriem-abath|Caricamabaath|Cariem Abaad,Karimabad,24.1839,88.27171,POINT (88.27171 24.1839),https://digitaalerfgoed.poolparty.biz/globalise/8e41887e-0111-4667-b209-9d0da933b7d8,town
GLOB_722,Ayyampettai,Ayyampettai,10.90141,79.17984,POINT (79.17984 10.90141),https://digitaalerfgoed.poolparty.biz/globalise/8e41887e-0111-4667-b209-9d0da933b7d8,town
GLOB_723,Acapulco de Juárez|Aquapulco|Acapulco,Acapulco de Juárez,16.849242,-99.90544,POINT (-99.90544 16.849242),https://digitaalerfgoed.poolparty.biz/globalise/46724d25-aa94-4848-a8ca-17fe02b0db2b,settlement
GLOB_724,Bassijn|Bassyn|Basingh|Vasai|Bassing|Bassein,Vasai,19.36071,72.79558,POINT (72.79558 19.36071),http://digitaalerfgoed.poolparty.biz/globalise/84767cdb-cabe-4384-9e51-faca2ae3b864,fortification
GLOB_726,Bargare|Badagara|Bargaree,Badagara,11.59776,75.58142,POINT (75.58142 11.59776),http://digitaalerfgoed.poolparty.biz/globalise/e2aea655-e60c-47a1-96d8-4c2fd0f92ba2,principality
GLOB_727,Behbehan|Behbahan|Bebahan,Behbahan,30.5959,50.2417,POINT (50.2417 30.5959),https://digitaalerfgoed.poolparty.biz/globalise/8e41887e-0111-4667-b209-9d0da933b7d8,town
GLOB_728,Battantiga|Battatiga|Kampung Batang Tiga|Batang Tiga|Batantiga,Kampung Batang Tiga,2.2257,102.1874,POINT (102.1874 2.2257),http://digitaalerfgoed.poolparty.biz/globalise/d4dafba3-2344-4f5a-a94d-ed988069d0e5,village
GLOB_729,Batamcapas|Batangcapas|Batang Kapas|Battang Capas|Batancapas,Batang Kapas,-1.40333,100.66194,POINT (100.66194 -1.40333),http://digitaalerfgoed.poolparty.biz/globalise/954cae70-c7e6-4ee9-8273-73beabc3fc0b,coastal settlement
GLOB_73,Kyoto|Miako|京都|Miyako|Miaco|Miacco,Kyoto,35.02107,135.75385,POINT (135.75385 35.02107),http://digitaalerfgoed.poolparty.biz/globalise/20d7cfe7-b3b1-4223-b2b4-d9f6ddb2e683,city
GLOB_730,Batoe Geddie|Bagoegede|Batugade,Batugade,-8.94722,124.9725,POINT (124.9725 -8.94722),http://digitaalerfgoed.poolparty.biz/globalise/55f41aea-cc65-4cfb-88c4-766a2841452a,regency
GLOB_731,"Cauwo, bogt van|Kawa, bocht van|Caauwa|Kawa",Kawa,-2.9387,128.1312,POINT (128.1312 -2.9387),http://digitaalerfgoed.poolparty.biz/globalise/6798ed1b-27a6-4113-9cd8-a78f68b94e7c,bay
GLOB_732,"Kaksiale|Kleen Chandernagoor|Chandernagore, Klein",Kaksiale,22.890013,88.401647,POINT (88.401647 22.890013),http://digitaalerfgoed.poolparty.biz/globalise/d4dafba3-2344-4f5a-a94d-ed988069d0e5,village
GLOB_733,Caduatte-corle|Caduatte|Kadawatte|Caduatta|Kadawatu,Caduatte-corle,6.5,80.833333,POINT (80.833333 6.5),http://digitaalerfgoed.poolparty.biz/globalise/851d29fa-da48-4c05-a99a-ecdd5902b0ee,korale
GLOB_734,Hotty|Hoti|Hoti (river),Hoti (river),-2.9908,130.3638,POINT (130.3638 -2.9908),http://digitaalerfgoed.poolparty.biz/globalise/cf7cc49f-738b-48b0-80a7-476244ba4919,river
GLOB_735,Hoetoemoerie|Hutumuri|Hoetoemorij|Hottomoury|Hoetoumoery|Otemoery|Hoetemoeri|Hoetoemoerij,Hutumuri,-3.697142,128.284067,POINT (128.284067 -3.697142),http://digitaalerfgoed.poolparty.biz/globalise/d4dafba3-2344-4f5a-a94d-ed988069d0e5,village
GLOB_736,Lam pond|Lampongs|Lampong|Lampongse districten|Lampon|Lampung,Lampung,-4.923381,105.227423,POINT (105.227423 -4.923381),http://digitaalerfgoed.poolparty.biz/globalise/06278cc4-0ec4-4376-b869-8c21bf507894,region
GLOB_737,Larentoeke|Larantuka|Larentoek|Larantaka|Larentocke|Larentuque|Larantukas,Larantuka,-8.342583,122.989612,POINT (122.989612 -8.342583),https://digitaalerfgoed.poolparty.biz/globalise/e2aea655-e60c-47a1-96d8-4c2fd0f92ba2,principality
GLOB_738,Dhinniachalij|Dhanīakhāli|Dhaniakhali,Dhanīakhāli,22.96984,88.09603,POINT (88.09603 22.96984),http://digitaalerfgoed.poolparty.biz/globalise/db80a209-840f-4014-a9b4-6d580b1c682a,aurung
GLOB_739,Ermera|Eremera,Ermera,-8.83028,125.38778,POINT (125.38778 -8.83028),http://digitaalerfgoed.poolparty.biz/globalise/ebf26f69-b692-437a-b6fa-2bb4ae0ae95b|http://digitaalerfgoed.poolparty.biz/globalise/7c1af419-926c-47c9-9450-05dc5849c05c,polity|negorij [PROBLEMATIC TERM]
GLOB_74,Mocka|Mokha|Mocha|Mocca|Al Mukha|Mokka|Moka,Mocha,13.319555,43.243425,POINT (43.243425 13.319555),https://digitaalerfgoed.poolparty.biz/globalise/20d7cfe7-b3b1-4223-b2b4-d9f6ddb2e683|https://digitaalerfgoed.poolparty.biz/globalise/93a0b2c9-ad9a-4bab-8620-11b5c1e01f37,port|city
GLOB_740,Herriapaal|Haripal,Haripal,22.81883,88.11039,POINT (88.11039 22.81883),http://digitaalerfgoed.poolparty.biz/globalise/db80a209-840f-4014-a9b4-6d580b1c682a,aurung
GLOB_741,Dashtestān|Desictan|Dasht-e Bar|Desistan,Dashtestān,29.08333,51.6,POINT (51.6 29.08333),http://digitaalerfgoed.poolparty.biz/globalise/06278cc4-0ec4-4376-b869-8c21bf507894,region
GLOB_742,Danda Rajapur|Danda-Rajpuri|Denda-rajapoer|Dendarayapour|Dendarayapoer|Dende Rajapour|Denderagiepour,Danda-Rajpuri,18.3023,72.97065,POINT (72.97065 18.3023),http://digitaalerfgoed.poolparty.biz/globalise/20d7cfe7-b3b1-4223-b2b4-d9f6ddb2e683|http://digitaalerfgoed.poolparty.biz/globalise/93a0b2c9-ad9a-4bab-8620-11b5c1e01f37,port|city
GLOB_744,Seram|Groot-Ceram|Ceram|Seram Island,Seram Island,-3.075147,129.456027,POINT (129.456027 -3.075147),http://digitaalerfgoed.poolparty.biz/globalise/d8b4d9c6-11b3-430a-ba08-48eb1f3a8f56,island
GLOB_745,Geria|Gueria|Gheria Vijayadurg|Vijayadurg,Vijayadurg,16.55451,73.3352,POINT (73.3352 16.55451),http://digitaalerfgoed.poolparty.biz/globalise/84767cdb-cabe-4384-9e51-faca2ae3b864,fortification
GLOB_746,Ghinova|Bandar-e Genāveh|Ganaveh,Bandar-e Genāveh,29.5791,50.517,POINT (50.517 29.5791),http://digitaalerfgoed.poolparty.biz/globalise/8e41887e-0111-4667-b209-9d0da933b7d8|http://digitaalerfgoed.poolparty.biz/globalise/93a0b2c9-ad9a-4bab-8620-11b5c1e01f37,port|town
GLOB_747,Basclan|Basilan Island|Basilan,Basilan Island,6.57662,122.01622,POINT (122.01622 6.57662),http://digitaalerfgoed.poolparty.biz/globalise/d8b4d9c6-11b3-430a-ba08-48eb1f3a8f56,island
GLOB_748,Bankoq|Bankock|Bankok|Bancok|Bangkok,Bangkok,13.73333333,100.5,POINT (100.5 13.733333),https://digitaalerfgoed.poolparty.biz/globalise/20d7cfe7-b3b1-4223-b2b4-d9f6ddb2e683,city
GLOB_751,Amahaij|Ammahey|Amahey|Ammahay|Amahai,Amahai,-3.33984,128.91975,POINT (128.91975 -3.33984),http://digitaalerfgoed.poolparty.biz/globalise/d4dafba3-2344-4f5a-a94d-ed988069d0e5,village
GLOB_752,Paponnetty|Paponette|Pappinivattom|Achttienenhalve dorpen|Pappinivattam|Poponettij|Paponetty|Paponettij|Paponetti|Papponettij,Pappinivattom,10.295881,76.158089,POINT (76.158089 10.295881),http://digitaalerfgoed.poolparty.biz/globalise/0e3137ad-bc4d-4da6-8ba3-f4fc5fe7058f,province
GLOB_752_HUM_1,"Conquest Paponetty|'T Conquest Paponetti, of 's Compagnies Landen.|Pappinivattom (VOC Administered Area)|Conquest Paponnetty of Compagnies Landen",Pappinivattom (VOC Administered Area),10.295881,76.158089,POINT (76.158089 10.295881),https://digitaalerfgoed.poolparty.biz/globalise/49b48294-d3be-4a92-a066-a13be466993c,VOC administered area
GLOB_753,Arkadu|Arcadoe|Arcot|Arkadoe|Arcadu|Aricadoe,Arcot,12.90569,79.31897,POINT (79.31897 12.90569),http://digitaalerfgoed.poolparty.biz/globalise/20d7cfe7-b3b1-4223-b2b4-d9f6ddb2e683,city
GLOB_754,Pulau Ambelau|Amblaauw|Ambelau|Amblauw|Amblau,Pulau Ambelau,-3.843359,127.189693,POINT (127.189693 -3.843359),http://digitaalerfgoed.poolparty.biz/globalise/d8b4d9c6-11b3-430a-ba08-48eb1f3a8f56,island
GLOB_756,"naau van Pembenaar|Pambenaar (Straat van)|Pāmban Channel|Pambanar (Straat van)|Pamban, nauw van|Pamban Channel |kanaal van Pambenaar|Pamban, Engte van",Pāmban Channel,9.28106,79.19842,POINT (79.19842 9.28106),http://digitaalerfgoed.poolparty.biz/globalise/1db49a35-5b65-406c-bd1e-6c56d5b649b9,channel
GLOB_757,Pamacassan|Pamakasan|Pamakassan|Pamekasan,Pamekasan,-7.1833,113.5,POINT (113.5 -7.1833),-,-
GLOB_757_HUM_1,Pamacassan|Pamakasan|Pamakassan|Pamekasan,Pamekasan,-7.1833,113.5,POINT (113.5 -7.1833),http://digitaalerfgoed.poolparty.biz/globalise/55f41aea-cc65-4cfb-88c4-766a2841452a,regency
GLOB_757_HUM_2,Pamacassan|Pamakasan|Pamakassan|Pamekasan,Pamekasan,-7.1833,113.5,POINT (113.5 -7.1833),http://digitaalerfgoed.poolparty.biz/globalise/2b007e6a-a299-413b-bc7f-51e69a9e1fab,capital
GLOB_76,Narsapoer|Narsapourpeta|Narsapour|Narasapur|Narsapur,Narasapur,16.434192,81.695695,POINT (81.695695 16.434192),http://digitaalerfgoed.poolparty.biz/globalise/8e41887e-0111-4667-b209-9d0da933b7d8|http://digitaalerfgoed.poolparty.biz/globalise/93a0b2c9-ad9a-4bab-8620-11b5c1e01f37,port|town
GLOB_760,Palakollu|Palicol|Palikol|Palliacol,Palakollu,16.520037,81.725864,POINT (81.725864 16.520037),https://digitaalerfgoed.poolparty.biz/globalise/d4dafba3-2344-4f5a-a94d-ed988069d0e5,village
GLOB_763,Motupalle|Moeta Pilly|Muttupilly,Motupalle,15.71946,80.29424,POINT (80.29424 15.71946),http://digitaalerfgoed.poolparty.biz/globalise/d4dafba3-2344-4f5a-a94d-ed988069d0e5,village
GLOB_764,Moeroettoe|Moratuwa,Moratuwa,6.773,79.8816,POINT (79.8816 6.773),https://digitaalerfgoed.poolparty.biz/globalise/954cae70-c7e6-4ee9-8273-73beabc3fc0b,coastal settlement
GLOB_765,Misool Island|Masoal|Mixoal|Misool|Misoöl,Misool Island,-1.86667,130.16667,POINT (130.16667 -1.86667),http://digitaalerfgoed.poolparty.biz/globalise/d8b4d9c6-11b3-430a-ba08-48eb1f3a8f56,island
GLOB_766,Voorweegen|Noorwegen|Đảo Long Châu,Đảo Long Châu,20.62389,107.15778,POINT (107.15778 20.62389),http://digitaalerfgoed.poolparty.biz/globalise/d8b4d9c6-11b3-430a-ba08-48eb1f3a8f56,island
GLOB_767,Noord-Coromandel|North Coromandel|Coromandel Noord,North Coromandel,16.187475,81.134348,POINT (81.134348 16.187475),http://digitaalerfgoed.poolparty.biz/globalise/06278cc4-0ec4-4376-b869-8c21bf507894,region
GLOB_768,Nussalout|Nusalaut|Pulau Nusalaut|Nausalamo|Noesalaut|Nusu Laut|Nusa Laut|Nussalauwt|Nussalaut,Pulau Nusalaut,-3.666666667,128.7833333,POINT (128.783333 -3.666667),http://digitaalerfgoed.poolparty.biz/globalise/d8b4d9c6-11b3-430a-ba08-48eb1f3a8f56,island
GLOB_769,Oeykoessy|Oeykoessi|Ambeno|Oecusse,Oecusse,-9.31361,124.29306,POINT (124.29306 -9.31361),http://digitaalerfgoed.poolparty.biz/globalise/6f1f178a-fa6f-4553-a723-99f9d909a771,kingdom
GLOB_77,Neijera|Banda Neira|Neijra|Nera|Banda-Neira|Bandanaira|Neira|Neyra,Banda Neira,-4.526458,129.902759,POINT (129.902759 -4.526458),https://digitaalerfgoed.poolparty.biz/globalise/d8b4d9c6-11b3-430a-ba08-48eb1f3a8f56,island
GLOB_770,Oeva|Ouva|Uva,Uva,7.0,81.25,POINT (81.25 7),http://digitaalerfgoed.poolparty.biz/globalise/46a91433-5f11-49f5-a37b-bd52aec90197,dessavony
GLOB_771,Nagapaayidy Pilly|Naayidy Pilly|Naayidy pilly|Nayodipilli,Naayidy pilly,-,-,POINT EMPTY,http://digitaalerfgoed.poolparty.biz/globalise/d4dafba3-2344-4f5a-a94d-ed988069d0e5,village
GLOB_773,Tanjong Poetoes|Tanjung Putus|Tandjung Poetoes,Tanjung Putus,-,-,POINT EMPTY,-,-
GLOB_773_GEO_1,Tanjong Poetoes|Tanjung Putus|Tandjung Poetoes,Tanjung Putus,-,-,POINT EMPTY,http://digitaalerfgoed.poolparty.biz/globalise/d8b4d9c6-11b3-430a-ba08-48eb1f3a8f56,island
GLOB_773_HUM_1,Tanjong Poetoes|Tanjung Putus|Tandjung Poetoes,Tanjung Putus,-,-,POINT EMPTY,http://digitaalerfgoed.poolparty.biz/globalise/84767cdb-cabe-4384-9e51-faca2ae3b864,fort
GLOB_775,Sidoarjo|Sidoardjo|Sidoarju,Sidoarjo,-7.45,112.7,POINT (112.7 -7.45),https://digitaalerfgoed.poolparty.biz/globalise/55f41aea-cc65-4cfb-88c4-766a2841452a,regency
GLOB_777,Manillas|Manialha|Manilha's|Mannilla|Manila|Manilla|Manilha,Manila,14.604183,120.980358,POINT (120.980358 14.604183),https://digitaalerfgoed.poolparty.biz/globalise/20d7cfe7-b3b1-4223-b2b4-d9f6ddb2e683|https://digitaalerfgoed.poolparty.biz/globalise/93a0b2c9-ad9a-4bab-8620-11b5c1e01f37,port|city
GLOB_778,Kuria Muria|Curia Muria,Kuria Muria,17.53412,55.40971,POINT (55.40971 17.53412),-,-
GLOB_778_GEO_1,Kuria Muria|Kuria Muria Bay|Curia Muria,Kuria Muria Bay,17.53412,55.40971,POINT (55.40971 17.53412),http://digitaalerfgoed.poolparty.biz/globalise/6798ed1b-27a6-4113-9cd8-a78f68b94e7c,bay
GLOB_778_GEO_2,Kuria Muria|Curia Muria|Khuriya Muriya Islands,Khuriya Muriya Islands,17.5,56.0,POINT (56 17.5),http://digitaalerfgoed.poolparty.biz/globalise/25b09c82-eab3-41d4-9c36-831cfc2b496c,archipelago
GLOB_779,Curbaffa|Curbattoe|Carbaffa|Korbaffo|Korbafo,Korbaffo,-10.5868,123.2912,POINT (123.2912 -10.5868),http://digitaalerfgoed.poolparty.biz/globalise/f2e48ff8-f0e6-4a7d-998a-1a4916658270|http://digitaalerfgoed.poolparty.biz/globalise/7c1af419-926c-47c9-9450-05dc5849c05c,nusak|negorij [PROBLEMATIC TERM]
GLOB_78,"Ambon Ourien|Oury|Uring (Ambon)|Uring|Ourien, Ambon|Ambon Oerien|Oering",Uring (Ambon),-3.666928,127.95011,POINT (127.95011 -3.666928),http://digitaalerfgoed.poolparty.biz/globalise/79dd26ba-f8df-4c5e-8783-27417a48fa99,inhabited place
GLOB_784,Gazipur|Gazipoer|Ghazipur|Ghazīpur,Ghazīpur,25.58333,83.58526,POINT (83.58526 25.58333),http://digitaalerfgoed.poolparty.biz/globalise/0e3137ad-bc4d-4da6-8ba3-f4fc5fe7058f,province
GLOB_785,Foya|Foja,Foya,0.07229,127.88759,POINT (127.88759 0.07229),http://digitaalerfgoed.poolparty.biz/globalise/7c1af419-926c-47c9-9450-05dc5849c05c,negorij [PROBLEMATIC TERM]
GLOB_786,Gomumu|Pulau Gommu|Goemanio,Pulau Gommu,-1.83535,127.60933,POINT (127.60933 -1.83535),http://digitaalerfgoed.poolparty.biz/globalise/d8b4d9c6-11b3-430a-ba08-48eb1f3a8f56,island
GLOB_787,Three and Four korales|Drie en Vier Korala|Drie en Vier Corles,Three and Four korales,7.0689,80.2186,POINT (80.2186 7.0689),http://digitaalerfgoed.poolparty.biz/globalise/46a91433-5f11-49f5-a37b-bd52aec90197,dessavony
GLOB_79,Boangbessy|Haroeke|Haruku|Pulau Haruku|Harouko|Haroeko|Oma eiland|Oma|Haroekoe,Pulau Haruku,-3.594289,128.416729,POINT (128.416729 -3.594289),https://digitaalerfgoed.poolparty.biz/globalise/d8b4d9c6-11b3-430a-ba08-48eb1f3a8f56,island
GLOB_790,"Bhay Bongoes|Teluk Bungus|Bongos|Bongus, baai van",Teluk Bungus,-1.05167,100.39124,POINT (100.39124 -1.05167),http://digitaalerfgoed.poolparty.biz/globalise/6798ed1b-27a6-4113-9cd8-a78f68b94e7c,bay
GLOB_791,Bocaaij|Bokaaij|Bocais|Bokai|Bokaij|Bocaij,Bokai,-10.746891,123.239891,POINT (123.239891 -10.746891),https://digitaalerfgoed.poolparty.biz/globalise/f2e48ff8-f0e6-4a7d-998a-1a4916658270,nusak
GLOB_793,Battacaloa|Matecalo|Batecalou|Baticaloa|Batikalao|Batticoloa|Batacala|Battikaloa|Batticaloa|Batticalo|Batticalao,Batticaloa,7.711555,81.697875,POINT (81.697875 7.711555),-,-
GLOB_793_HUM_1,Battacaloa|Matecalo|Batecalou|Baticaloa|Batikalao|Batticoloa|Batacala|Battikaloa|Batticaloa|Batticalo|Batticalao,Batticaloa,7.711555,81.697875,POINT (81.697875 7.711555),http://digitaalerfgoed.poolparty.biz/globalise/20d7cfe7-b3b1-4223-b2b4-d9f6ddb2e683,city
GLOB_793_HUM_2,Battacaloa|Batticaloa Fort|Matecalo|Batecalou|Baticaloa|Batikalao|Batticoloa|Batacala|Battikaloa|Batticaloa|Batticalo|Batticalao,Batticaloa Fort,7.7119,81.702378,POINT (81.702378 7.7119),http://digitaalerfgoed.poolparty.biz/globalise/84767cdb-cabe-4384-9e51-faca2ae3b864,fortification
GLOB_793_HUM_3,Battacaloa|Matecalo|Batecalou|Baticaloa|Batikalao|Batticoloa|Batacala|Battikaloa|Batticaloa|Batticalo|Batticalao,Batticaloa,7.711555,81.697875,POINT (81.697875 7.711555),http://digitaalerfgoed.poolparty.biz/globalise/4b274bf6-aa23-44f3-8d90-809c6617916f,comptoir
GLOB_794,Batsjang|Banchang,Batsjang,-,-,POINT EMPTY,http://digitaalerfgoed.poolparty.biz/globalise/d8b4d9c6-11b3-430a-ba08-48eb1f3a8f56,island
GLOB_796,Bengal|Bengalen|Bengala|Bengale,Bengal,22.343951,90.93413,POINT (90.93413 22.343951),https://digitaalerfgoed.poolparty.biz/globalise/06278cc4-0ec4-4376-b869-8c21bf507894,region
GLOB_798,Campar|Campher|Kampar|Camphor,Kampar,0.469,103.1446,POINT (103.1446 0.469),http://digitaalerfgoed.poolparty.biz/globalise/7c1af419-926c-47c9-9450-05dc5849c05c,negorij [PROBLEMATIC TERM]
GLOB_799,Calture|Kaltere|Kalutara|Calituure|Caliture|Caleture|Calituro|Calteren|Calitura,Kalutara,6.579946,79.964111,POINT (79.964111 6.579946),https://digitaalerfgoed.poolparty.biz/globalise/84767cdb-cabe-4384-9e51-faca2ae3b864,fort
GLOB_7_HUM_1,Anchuthengu (Factory)|Anjenge|Ansjengen Eng.|Ansijne,Anchuthengu (Factory),8.672182,76.756085,POINT (76.756085 8.672182),https://digitaalerfgoed.poolparty.biz/globalise/548ee91d-6717-49f1-917f-827280553153|https://digitaalerfgoed.poolparty.biz/globalise/c12eaa34-8bf0-4f08-92b8-195871dbf949,european settlement|factory
GLOB_8,Pulau Wokam|Arou|Wokam|Arouw|Aru|Wokan|Aroe,Pulau Wokam,-5.772793,134.384708,POINT (134.384708 -5.772793),http://digitaalerfgoed.poolparty.biz/globalise/d8b4d9c6-11b3-430a-ba08-48eb1f3a8f56,island
GLOB_800,Ceijlan|Cheylon|Cylon|Sri Lanka|Seylon|Ceylan|Ceijlon|Ceylon|Ceilon|Cijlon|Zeylan,Sri Lanka,7.60632,80.71648,POINT (80.71648 7.60632),http://digitaalerfgoed.poolparty.biz/globalise/d8b4d9c6-11b3-430a-ba08-48eb1f3a8f56,island
GLOB_802,Ras Madrakah|Ra’s al Madrakah|Caeb Materaca,Ra’s al Madrakah,19.00197,57.84134,POINT (57.84134 19.00197),http://digitaalerfgoed.poolparty.biz/globalise/ea0cf4b3-3d82-4ff6-ad10-12e77f581218,cape
GLOB_803,Suadon|Kaap Moelo|Caab Moelo,Caab Moelo,-,-,POINT EMPTY,http://digitaalerfgoed.poolparty.biz/globalise/d8b4d9c6-11b3-430a-ba08-48eb1f3a8f56,island
GLOB_805,Kotaagung|Lampong Semangka|Lampong Samanca|Kota Agung|Lampon Samanca|Lampong Samangka,Kota Agung,-5.5,104.65,POINT (104.65 -5.5),http://digitaalerfgoed.poolparty.biz/globalise/84767cdb-cabe-4384-9e51-faca2ae3b864,fortification
GLOB_806,Kolombo|Calamba|Colombo|Columbo|Colombe,Colombo,6.933669,79.844327,POINT (79.844327 6.933669),https://digitaalerfgoed.poolparty.biz/globalise/20d7cfe7-b3b1-4223-b2b4-d9f6ddb2e683,city
GLOB_810,Letthy|Letij|Leti|Pulau Leti|Lethie|Lethy|Lety|Lethij,Pulau Leti,-8.166666667,127.6666667,POINT (127.666667 -8.166667),http://digitaalerfgoed.poolparty.biz/globalise/d8b4d9c6-11b3-430a-ba08-48eb1f3a8f56,island
GLOB_812,Luca|Loeka,Luca,-8.93887,126.19461,POINT (126.19461 -8.93887),http://digitaalerfgoed.poolparty.biz/globalise/e2aea655-e60c-47a1-96d8-4c2fd0f92ba2|http://digitaalerfgoed.poolparty.biz/globalise/6f1f178a-fa6f-4553-a723-99f9d909a771,kingdom|principality
GLOB_813,Hollandia|Holland (bolwerk te Cochin)|Bastion Holland,Bastion Holland,9.9653,76.24117,POINT (76.24117 9.9653),http://digitaalerfgoed.poolparty.biz/globalise/84767cdb-cabe-4384-9e51-faca2ae3b864,fortification
GLOB_814,Hina Korale|Hina Korala|Hina Korle|Hina Corle,Hina Korale,6.948707,80.015652,POINT (80.015652 6.948707),http://digitaalerfgoed.poolparty.biz/globalise/851d29fa-da48-4c05-a99a-ecdd5902b0ee,korale
GLOB_815,Hewegam Korle|Hewagam Korale|Hewagam Korala|Hewagama|Hewegam Corla,Hewagama,6.909205,80.082369,POINT (80.082369 6.909205),http://digitaalerfgoed.poolparty.biz/globalise/851d29fa-da48-4c05-a99a-ecdd5902b0ee,korale
GLOB_816,India|Indië (Indonesië)|Indië|East Indies,East Indies,-6.131765,106.812079,POINT (106.812079 -6.131765),http://digitaalerfgoed.poolparty.biz/globalise/06278cc4-0ec4-4376-b869-8c21bf507894,region
GLOB_819,Hazenspruit|Haasespruit,Hazenspruit,-,-,POINT EMPTY,http://digitaalerfgoed.poolparty.biz/globalise/cf7cc49f-738b-48b0-80a7-476244ba4919,river
GLOB_82,Pellacata|Paleacatta|Palliacatta|Paliakata|Palliacatte|Paliacatta|Pleacatta|Paliakatta|Pulicat|Paliacatte|Paliacate|Paleacate|Paleacatte|Palleacatte,Pulicat,13.417423,80.317168,POINT (80.317168 13.417423),https://digitaalerfgoed.poolparty.biz/globalise/20d7cfe7-b3b1-4223-b2b4-d9f6ddb2e683|https://digitaalerfgoed.poolparty.biz/globalise/93a0b2c9-ad9a-4bab-8620-11b5c1e01f37,port|city
GLOB_820,Happittigam Korale |Happittigam Corle|Happitagam Corle |Hapitagama|Happitigam Korala,Hapitagama,7.2019,80.124,POINT (80.124 7.2019),http://digitaalerfgoed.poolparty.biz/globalise/851d29fa-da48-4c05-a99a-ecdd5902b0ee,korale
GLOB_821,Indramayo|Indramayou|Indramijoe|Indramajoe|Indramayu|Indramaju|Indramaijoe|Darmaijoe|Indarmayo|Indramayoe|Indrameijoe,Indramayu,-6.388574,108.289561,POINT (108.289561 -6.388574),https://digitaalerfgoed.poolparty.biz/globalise/40217104-de46-42ed-80c8-480fac1f8706,district
GLOB_823,Cangiangh|Cangiang|Kangiang|Kangéan|Kangean|Kangiangh|Pulau Kangean,Pulau Kangean,-6.87768,115.362721,POINT (115.362721 -6.87768),http://digitaalerfgoed.poolparty.biz/globalise/d8b4d9c6-11b3-430a-ba08-48eb1f3a8f56,island
GLOB_826,Dekhan|Dheccan|Deccan (India)|Deccan,Deccan (India),14.0,77.0,POINT (77 14),-,-
GLOB_826_GEO_1,Deccan plateau (India)|Dekhan|Dheccan|Deccan,Deccan plateau (India),14.0,77.0,POINT (77 14),http://digitaalerfgoed.poolparty.biz/globalise/9701db61-cd99-447b-96e4-1194539b40df,plateau
GLOB_826_HUM_1,Dekhan|Dheccan|Deccan province (Mughal India)|Deccan,Deccan province (Mughal India),19.87757,75.34226,POINT (75.34226 19.87757),http://digitaalerfgoed.poolparty.biz/globalise/0e3137ad-bc4d-4da6-8ba3-f4fc5fe7058f,province
GLOB_827,Goa (India)|Goa,Goa (India),15.442015,73.881633,POINT (73.881633 15.442015),https://digitaalerfgoed.poolparty.biz/globalise/20d7cfe7-b3b1-4223-b2b4-d9f6ddb2e683,city
GLOB_828,Java,Java,-7.396815,110.07187,POINT (110.07187 -7.396815),http://digitaalerfgoed.poolparty.biz/globalise/d8b4d9c6-11b3-430a-ba08-48eb1f3a8f56,island
GLOB_829,"St. David|David, fort St|Fort Saint David",Fort Saint David,11.74476,79.78512,POINT (79.78512 11.74476),http://digitaalerfgoed.poolparty.biz/globalise/84767cdb-cabe-4384-9e51-faca2ae3b864,fortification
GLOB_83,Pāmban Island|Rammenacoil|Pamban|Pambenaar|Rameswaram Island|Rameswaram|Pambe,Pāmban Island,9.25,79.333,POINT (79.333 9.25),http://digitaalerfgoed.poolparty.biz/globalise/d8b4d9c6-11b3-430a-ba08-48eb1f3a8f56,island
GLOB_831,Fort de Kock|Bukittinggi (Indonesia),Bukittinggi (Indonesia),-0.30907,100.37055,POINT (100.37055 -0.30907),http://digitaalerfgoed.poolparty.biz/globalise/2b007e6a-a299-413b-bc7f-51e69a9e1fab,capital
GLOB_832,Timor|Timor Island,Timor Island,-8.83333,126.0,POINT (126 -8.83333),http://digitaalerfgoed.poolparty.biz/globalise/d8b4d9c6-11b3-430a-ba08-48eb1f3a8f56,island
GLOB_833,Lampong Toulong Bauwang|Lampong Toelang Bauwang|Tulang Bawang|Tulangbawang|Lampong Toulang Bauwang|Lampong Toulang Bauang|Lampong Tulangbawang,Tulang Bawang,-4.5,105.3166667,POINT (105.316667 -4.5),http://digitaalerfgoed.poolparty.biz/globalise/4b274bf6-aa23-44f3-8d90-809c6617916f,comptoir
GLOB_834,Mahébourg|Mahebourg,Mahébourg,-20.406662,57.700524,POINT (57.700524 -20.406662),https://digitaalerfgoed.poolparty.biz/globalise/93a0b2c9-ad9a-4bab-8620-11b5c1e01f37,port
GLOB_835,Japan|Japana,Japan,35.689722,139.692222,POINT (139.692222 35.689722),http://digitaalerfgoed.poolparty.biz/globalise/ebf26f69-b692-437a-b6fa-2bb4ae0ae95b,polity
GLOB_837,Ammapette,Ammapette,10.79476,79.31986,POINT (79.31986 10.79476),-,-
GLOB_838,Hueda|Ouidah|Juda|Fida|Whydah|Whidah,Ouidah,6.363838,2.083104,POINT (2.083104 6.363838),https://digitaalerfgoed.poolparty.biz/globalise/93a0b2c9-ad9a-4bab-8620-11b5c1e01f37,port
GLOB_839,Kasteel de Goede Hoop|Castle of Good Hope|Casteel de Goede Hoop,Castle of Good Hope,-33.925694,18.427674,POINT (18.427674 -33.925694),https://digitaalerfgoed.poolparty.biz/globalise/84767cdb-cabe-4384-9e51-faca2ae3b864,fortification
GLOB_84,Paser|Passer|Passir|Pasir,Pasir,-1.761452,116.079596,POINT (116.079596 -1.761452),https://digitaalerfgoed.poolparty.biz/globalise/6f1f178a-fa6f-4553-a723-99f9d909a771,kingdom
GLOB_840,Baie du Cap|Table Bay|Tafelbaai,Table Bay,-33.88389,18.45135,POINT (18.45135 -33.88389),http://digitaalerfgoed.poolparty.biz/globalise/6798ed1b-27a6-4113-9cd8-a78f68b94e7c,bay
GLOB_841,Kaapstad|Cape Town,Cape Town,-33.925628,18.42355,POINT (18.42355 -33.925628),https://digitaalerfgoed.poolparty.biz/globalise/20d7cfe7-b3b1-4223-b2b4-d9f6ddb2e683,city
GLOB_844,Abarkūh|Abercouh|Aberkoegh,Abarkūh,31.1289,53.2824,POINT (53.2824 31.1289),http://digitaalerfgoed.poolparty.biz/globalise/20d7cfe7-b3b1-4223-b2b4-d9f6ddb2e683,city
GLOB_846,Adam's Bridge|Adams brug|Adamsbrugh|Adam’s Bridge,Adam’s Bridge,9.09494,79.54238,POINT (79.54238 9.09494),http://digitaalerfgoed.poolparty.biz/globalise/b7823bf7-0cce-41d1-bfc2-851fdf414fca,sandbank
GLOB_847,Adodo|Adodu|Edouwde,Adodu,-7.00029,131.97597,POINT (131.97597 -7.00029),http://digitaalerfgoed.poolparty.biz/globalise/7c1af419-926c-47c9-9450-05dc5849c05c,negorij [PROBLEMATIC TERM]
GLOB_849,Akbar-abad|Agra,Agra,27.179523,78.007708,POINT (78.007708 27.179523),http://digitaalerfgoed.poolparty.biz/globalise/4b274bf6-aa23-44f3-8d90-809c6617916f,comptoir
GLOB_85,Patna|Pattena|Patena,Patna,25.611306,85.141679,POINT (85.141679 25.611306),https://digitaalerfgoed.poolparty.biz/globalise/20d7cfe7-b3b1-4223-b2b4-d9f6ddb2e683,city
GLOB_851,Ahmednagar|Ahmadnagar,Ahmadnagar,19.09457,74.73843,POINT (74.73843 19.09457),http://digitaalerfgoed.poolparty.biz/globalise/6f1f178a-fa6f-4553-a723-99f9d909a771,kingdom
GLOB_852,Prayagraj|Illebas|Allahabad,Prayagraj,25.44478,81.84322,POINT (81.84322 25.44478),http://digitaalerfgoed.poolparty.biz/globalise/20d7cfe7-b3b1-4223-b2b4-d9f6ddb2e683,city
GLOB_853,Aden,Aden,12.80176,45.03428,POINT (45.03428 12.80176),https://digitaalerfgoed.poolparty.biz/globalise/20d7cfe7-b3b1-4223-b2b4-d9f6ddb2e683|https://digitaalerfgoed.poolparty.biz/globalise/93a0b2c9-ad9a-4bab-8620-11b5c1e01f37,port|city
GLOB_857,Adam's Peak|Adams Pieck|Adams Peak|Adam’s Peak|Adams Piek,Adam’s Peak,6.809622,80.499388,POINT (80.499388 6.809622),http://digitaalerfgoed.poolparty.biz/globalise/617a0924-1516-4be8-a478-b451bf47f5bf,mountain
GLOB_858,Amblamgade|Amblanggoda|Ambalangoda|Amblagodde|Amblangodde|Amblagedde|Amblangodoe|Amblangode,Ambalangoda,6.23636,80.052799,POINT (80.052799 6.23636),http://digitaalerfgoed.poolparty.biz/globalise/84767cdb-cabe-4384-9e51-faca2ae3b864,fortification
GLOB_86,Poenatoer|Punnathur,Punnathur,10.5943,76.0411,POINT (76.0411 10.5943),https://digitaalerfgoed.poolparty.biz/globalise/e2aea655-e60c-47a1-96d8-4c2fd0f92ba2,principality
GLOB_860,"Paspyl|Pijl, fort|Paspijl|Pijl|Pass Pyl|fort Pijl|Pas Pyl",Pas Pyl,9.58917,80.444578,POINT (80.444578 9.58917),http://digitaalerfgoed.poolparty.biz/globalise/84767cdb-cabe-4384-9e51-faca2ae3b864,fortification
GLOB_861,Moeliawalle|Mulliyawalai|Mollijwalle|Moeliawale,Mulliyawalai,9.18446,80.73513,POINT (80.73513 9.18446),http://digitaalerfgoed.poolparty.biz/globalise/0e3137ad-bc4d-4da6-8ba3-f4fc5fe7058f,province
GLOB_863,Appuratota|Appoeretotte|Apretotte,Apretotte,6.8544,81.8395,POINT (81.8395 6.8544),https://digitaalerfgoed.poolparty.biz/globalise/bd0dfde6-0fb2-476b-ad5e-2f63ed7787ff,bay
GLOB_864,Verloosbaaij|Vandeloos Bay|Verloosbaai,Vandeloos Bay,7.95,81.55,POINT (81.55 7.95),http://digitaalerfgoed.poolparty.biz/globalise/6798ed1b-27a6-4113-9cd8-a78f68b94e7c,bay
GLOB_865,Mahagama|Magomo|Magama|Magame|Mahagam|Magam|Magamme,Magama,6.2166,81.3,POINT (81.3 6.2166),http://digitaalerfgoed.poolparty.biz/globalise/d4dafba3-2344-4f5a-a94d-ed988069d0e5,village
GLOB_866,Waluwe|Walawe,Walawe,6.1166,81.0333,POINT (81.0333 6.1166),-,-
GLOB_866_HUM_1,Waluwe|Walawe,Walawe,6.1166,81.0333,POINT (81.0333 6.1166),http://digitaalerfgoed.poolparty.biz/globalise/8e41887e-0111-4667-b209-9d0da933b7d8,town
GLOB_866_HUM_2,Waluwe|Walawe,Walawe,6.1166,81.0333,POINT (81.0333 6.1166),http://digitaalerfgoed.poolparty.biz/globalise/84767cdb-cabe-4384-9e51-faca2ae3b864,fortification
GLOB_867,Tangale|Tangalle|Tangalla,Tangalle,6.026388889,80.79055556,POINT (80.790556 6.026389),-,-
GLOB_867_HUM_1,Tangale|Tangalle|Tangalla,Tangalle,6.026388889,80.79055556,POINT (80.790556 6.026389),http://digitaalerfgoed.poolparty.biz/globalise/8e41887e-0111-4667-b209-9d0da933b7d8,town
GLOB_867_HUM_2,Tangale|Tangalle|Tangalle Fort|Tangalla,Tangalle Fort,6.026388889,80.79055556,POINT (80.790556 6.026389),http://digitaalerfgoed.poolparty.biz/globalise/84767cdb-cabe-4384-9e51-faca2ae3b864,fortification
GLOB_868,Dondure|Deondere|Devinuwara|Dondra|Dondere,Devinuwara,5.9282,80.5888,POINT (80.5888 5.9282),http://digitaalerfgoed.poolparty.biz/globalise/20d7cfe7-b3b1-4223-b2b4-d9f6ddb2e683,city
GLOB_87,Prangerlanden|Prianger|Parahyangan|Preangerlanden|Prianger bovenlanden|Préanger|Priangan|Preanger,Parahyangan,-7.2953,107.495658,POINT (107.495658 -7.2953),https://digitaalerfgoed.poolparty.biz/globalise/06278cc4-0ec4-4376-b869-8c21bf507894,region
GLOB_870,Mirisse|Mirissa city|Meressa|Mierissi,Mirissa city,5.9465,80.4583,POINT (80.4583 5.9465),https://digitaalerfgoed.poolparty.biz/globalise/954cae70-c7e6-4ee9-8273-73beabc3fc0b,coastal settlement
GLOB_872,Accuras|Akuressa|Accoeras,Akuressa,6.099975,80.477378,POINT (80.477378 6.099975),-,-
GLOB_872_HUM_1,Accuras|Akuressa|Accoeras,Akuressa,6.099975,80.477378,POINT (80.477378 6.099975),http://digitaalerfgoed.poolparty.biz/globalise/8e41887e-0111-4667-b209-9d0da933b7d8,town
GLOB_872_HUM_2,Accuras|Akuressa|Accoeras,Akuressa,6.099975,80.477378,POINT (80.477378 6.099975),http://digitaalerfgoed.poolparty.biz/globalise/84767cdb-cabe-4384-9e51-faca2ae3b864,fortification
GLOB_873,Donneclara|Analaitivu|Analadvia|Annelletivoe|Eiland Rotterdam|Annelletivo,Analaitivu,9.670646,79.776335,POINT (79.776335 9.670646),http://digitaalerfgoed.poolparty.biz/globalise/d8b4d9c6-11b3-430a-ba08-48eb1f3a8f56,island
GLOB_876,Bentotte|Bentota,Bentota,6.420475,79.998829,POINT (79.998829 6.420475),-,-
GLOB_876_HUM_1,Bentotte|Bentota,Bentota,6.420475,79.998829,POINT (79.998829 6.420475),http://digitaalerfgoed.poolparty.biz/globalise/d4dafba3-2344-4f5a-a94d-ed988069d0e5,village
GLOB_876_HUM_2,Bentotte|Bentota,Bentota,6.420475,79.998829,POINT (79.998829 6.420475),http://digitaalerfgoed.poolparty.biz/globalise/84767cdb-cabe-4384-9e51-faca2ae3b864,fortification
GLOB_877,"Kaep Komoryn|Caab Commorijn|Kaap Comorijn|Caab Commerijn|Caab Kommorijn|Caap Commaryn|Caep Commerij|Cabo Commoryn|Caab Commeryn|Caeb Commorijn|Caap Comoryn|Cape Comorin|Kanniyākumāri|Caapcomory|Kanyakumari |Caap Commerijn|Caab Commoryn|Caapcomorijn|Comorin, Kaap",Kanniyākumāri,8.07988,77.549644,POINT (77.549644 8.07988),-,-
GLOB_877A,Oost Caapcomorijn|Oost Caap Comoryn|Oost Caap Comoryn heuvelig|Oost Caep Com: |De West hoek van Caap Comorijn,Oost Caap Comoryn,8.07988,77.549644,POINT (77.549644 8.07988),-,-
GLOB_877B,Cadiapatnam Laag|West Caap Comoryn|S' Oost Caap Comorijn|West Caapcomory,West Caap Comoryn,8.07988,77.549644,POINT (77.549644 8.07988),https://digitaalerfgoed.poolparty.biz/globalise/49b48294-d3be-4a92-a066-a13be466993c,VOC administered area
GLOB_877_GEO_1,"Caab Commoryn|Caap Commaryn|Caap Commerijn|Kanyakumari |Caab Commorijn|Kaap Comorijn|Caab Commerijn|Comorin, Kaap|Caab Kommorijn|Caab Commeryn|Caeb Commorijn|Cape Comorin",Cape Comorin,8.0773,77.55148,POINT (77.55148 8.0773),http://digitaalerfgoed.poolparty.biz/globalise/ea0cf4b3-3d82-4ff6-ad10-12e77f581218,cape
GLOB_877_HUM_1,"Caab Commoryn|Caap Commaryn|Caap Commerijn|Kanniyākumāri|Kanyakumari |Caab Commorijn|Kaap Comorijn|Caab Commerijn|Comorin, Kaap|Caab Kommorijn|Caab Commeryn|Caeb Commorijn|Cape Comorin",Kanniyākumāri,8.07988,77.549644,POINT (77.549644 8.07988),http://digitaalerfgoed.poolparty.biz/globalise/4b274bf6-aa23-44f3-8d90-809c6617916f,comptoir
GLOB_877_HUM_2,"Caab Commoryn|Caap Commaryn|Caap Commerijn|Kanniyākumāri|Kanyakumari |Caab Commorijn|Kaap Comorijn|Caab Commerijn|Comorin, Kaap|Caab Kommorijn|Caab Commeryn|Caeb Commorijn|Cape Comorin",Kanniyākumāri,8.07988,77.549644,POINT (77.549644 8.07988),http://digitaalerfgoed.poolparty.biz/globalise/93a0b2c9-ad9a-4bab-8620-11b5c1e01f37,port
GLOB_878,Schilauw|Chilau|Chilouw|Silauw|Chilaw|Silouw|Chilao,Chilaw,7.576925,79.793086,POINT (79.793086 7.576925),-,-
GLOB_878_HUM_1,Schilauw|Chilau|Chilouw|Silauw|Chilaw|Silouw|Chilao,Chilaw,7.576925,79.793086,POINT (79.793086 7.576925),http://digitaalerfgoed.poolparty.biz/globalise/20d7cfe7-b3b1-4223-b2b4-d9f6ddb2e683|http://digitaalerfgoed.poolparty.biz/globalise/93a0b2c9-ad9a-4bab-8620-11b5c1e01f37,port|city
GLOB_878_HUM_2,Schilauw|Chilau|Chilouw|Silauw|Chilaw|Silouw|Chilao,Chilaw,7.576925,79.793086,POINT (79.793086 7.576925),http://digitaalerfgoed.poolparty.biz/globalise/84767cdb-cabe-4384-9e51-faca2ae3b864,fortification
GLOB_88,Zeelandia|Provintie|Fort Zeelandia|fort Zeelandia|Fort Oranje|fort Oranje|fort Provintia|An-Ping,Fort Zeelandia,23.0018,120.160903,POINT (120.160903 23.0018),http://digitaalerfgoed.poolparty.biz/globalise/84767cdb-cabe-4384-9e51-faca2ae3b864,fort
GLOB_880,Woest Eijland|Eluvativu|Eluvaitivu|Ellewativo,Eluvaitivu,9.7006,79.808,POINT (79.808 9.7006),http://digitaalerfgoed.poolparty.biz/globalise/d8b4d9c6-11b3-430a-ba08-48eb1f3a8f56,island
GLOB_881,Overwal|Pearl Fishery Coast|Madurese kust|Visserijkust|Fishery Coast,Pearl Fishery Coast,8.81,78.14666667,POINT (78.146667 8.81),http://digitaalerfgoed.poolparty.biz/globalise/42bea596-3b26-4598-a894-5922ff137c7c,coast
GLOB_883,Giants Tank|Reuzentank|Giant's Tank,Giants Tank,8.86633,80.03969,POINT (80.03969 8.86633),http://digitaalerfgoed.poolparty.biz/globalise/b219dc73-8d54-4181-af77-0a927aa37038,reservoir
GLOB_884,Gindure|Gendure|Gandure|Guidure|Gintota,Gintota,6.061526,80.179031,POINT (80.179031 6.061526),http://digitaalerfgoed.poolparty.biz/globalise/8e41887e-0111-4667-b209-9d0da933b7d8,town
GLOB_885,Hakman|Hackman|Hakmana,Hakmana,6.083098,80.648357,POINT (80.648357 6.083098),http://digitaalerfgoed.poolparty.biz/globalise/84767cdb-cabe-4384-9e51-faca2ae3b864,fortification
GLOB_886,Ham en Hiel|Hamenhiel|Hammerhiel|Hamehiel|Hammenhiel|Fort Hammenhiel,Hammenhiel,9.711622,79.847881,POINT (79.847881 9.711622),-,-
GLOB_886_GEO_1,Ham en Hiel|Hamenhiel|Hammerhiel|Hamehiel|Hammenhiel,Hammenhiel,9.711622,79.847881,POINT (79.847881 9.711622),http://digitaalerfgoed.poolparty.biz/globalise/d8b4d9c6-11b3-430a-ba08-48eb1f3a8f56,island
GLOB_886_HUM_1,Ham en Hiel|Hamenhiel|Hammerhiel|Hamehiel|Hammenhiel|Fort Hammenhiel,Hammenhiel,9.71169,79.84794,POINT (79.84794 9.71169),http://digitaalerfgoed.poolparty.biz/globalise/84767cdb-cabe-4384-9e51-faca2ae3b864,fortification
GLOB_89,Putelang|Puttelam|Puttulang|Putelan|Putulang|Puttalam,Puttalam,8.033585,79.826142,POINT (79.826142 8.033585),https://digitaalerfgoed.poolparty.biz/globalise/8e41887e-0111-4667-b209-9d0da933b7d8|https://digitaalerfgoed.poolparty.biz/globalise/93a0b2c9-ad9a-4bab-8620-11b5c1e01f37,port|town
GLOB_893,Tale|Yala|Jala|Jale|Jaleput|Tala,Yala,6.366666667,81.5,POINT (81.5 6.366667),-,-
GLOB_893_HUM_1,Tale|Yala|Jala|Jale|Jaleput|Tala,Yala,6.366666667,81.5,POINT (81.5 6.366667),http://digitaalerfgoed.poolparty.biz/globalise/8e41887e-0111-4667-b209-9d0da933b7d8,town
GLOB_893_HUM_2,Tale|Yala|Jala|Jale|Jaleput|Tala,Yala,6.366666667,81.5,POINT (81.5 6.366667),http://digitaalerfgoed.poolparty.biz/globalise/84767cdb-cabe-4384-9e51-faca2ae3b864,fortification
GLOB_894,Alandale|Alandelle|Allandalle|Allandale|Alendele,Alandale,8.5,78.1666666666667,POINT (78.166667 8.5),http://digitaalerfgoed.poolparty.biz/globalise/d8b4d9c6-11b3-430a-ba08-48eb1f3a8f56,island
GLOB_895,Linggi|Lingij|Koela Linggi|Lingy|Linggi (Malaysia)|Kuala Linggi,Linggi (Malaysia),2.4857,102.0096,POINT (102.0096 2.4857),http://digitaalerfgoed.poolparty.biz/globalise/7c1af419-926c-47c9-9450-05dc5849c05c|http://digitaalerfgoed.poolparty.biz/globalise/d1f592cd-dec1-4f42-bb73-930ce816dfaf,negorij [PROBLEMATIC TERM]|landschap
GLOB_896,Cottates|Kottayam (Thekkumkur)|Kottayam,Kottayam (Thekkumkur),9.583333,76.516667,POINT (76.516667 9.583333),http://digitaalerfgoed.poolparty.biz/globalise/6b2244e4-726a-46b6-bc6c-f1b86b42b6ba,political division
GLOB_897,Nanjenadoe|Nanjanād,Nanjanād,11.36695,76.64149,POINT (76.64149 11.36695),http://digitaalerfgoed.poolparty.biz/globalise/82649d92-e539-41a6-b62b-c5e501f3e3de|http://digitaalerfgoed.poolparty.biz/globalise/d1f592cd-dec1-4f42-bb73-930ce816dfaf,fief|landschap
GLOB_898,Dauw|Daeuw|Doelang,Doelang,0.9562,123.2395,POINT (123.2395 0.9562),http://digitaalerfgoed.poolparty.biz/globalise/6f1f178a-fa6f-4553-a723-99f9d909a771|http://digitaalerfgoed.poolparty.biz/globalise/7c1af419-926c-47c9-9450-05dc5849c05c,kingdom|negorij [PROBLEMATIC TERM]
GLOB_899,Pulo Pisangh|Pulau Pisang (Johor),Pulau Pisang (Johor),1.46847,103.2552,POINT (103.2552 1.46847),http://digitaalerfgoed.poolparty.biz/globalise/d8b4d9c6-11b3-430a-ba08-48eb1f3a8f56,island
GLOB_9,Attingal|Atingen,Attingal,8.69609,76.81507,POINT (76.81507 8.69609),https://digitaalerfgoed.poolparty.biz/globalise/e2aea655-e60c-47a1-96d8-4c2fd0f92ba2,principality
GLOB_90,Quada|Kedah|Queda,Kedah,6.1,100.3,POINT (100.3 6.1),http://digitaalerfgoed.poolparty.biz/globalise/ebf26f69-b692-437a-b6fa-2bb4ae0ae95b,polity
GLOB_900,Pulau Pisang (North Maluku)|Poelo Pisang|Pisang|Poelo Paysang,Pulau Pisang (North Maluku),-1.38786,128.91983,POINT (128.91983 -1.38786),http://digitaalerfgoed.poolparty.biz/globalise/d8b4d9c6-11b3-430a-ba08-48eb1f3a8f56,island
GLOB_901,Pulau Pisang (West Sumatra)|Pizangh,Pulau Pisang (West Sumatra),-0.99194,100.34122,POINT (100.34122 -0.99194),http://digitaalerfgoed.poolparty.biz/globalise/d8b4d9c6-11b3-430a-ba08-48eb1f3a8f56,island
GLOB_902,Kaliasoesoe|Kulisusu (village)|Calontjoetjoetsu,Kulisusu (village),-4.9915,123.098,POINT (123.098 -4.9915),http://digitaalerfgoed.poolparty.biz/globalise/d4dafba3-2344-4f5a-a94d-ed988069d0e5,village
GLOB_903,Pālamcottah|Palayankottai,Pālamcottah,8.72525,77.73743,POINT (77.73743 8.72525),http://digitaalerfgoed.poolparty.biz/globalise/8e41887e-0111-4667-b209-9d0da933b7d8,town
GLOB_904,Tanete (Sulawesi)|Tanette|Tenette|Tanete (Selayar),Tanete (Selayar),-5.862,120.5134,POINT (120.5134 -5.862),http://digitaalerfgoed.poolparty.biz/globalise/6f1f178a-fa6f-4553-a723-99f9d909a771,kingdom
GLOB_905,Tjenrana|Chinranna|Cenrana (Maros)|Zindrane|Cindrana|Zinrana,Cenrana (Maros),-5.0,119.76667,POINT (119.76667 -5),-,-
GLOB_905_GEO_1,Tjenrana|Chinranna|Cenrana (Maros)|Zindrane|Cindrana|Zinrana,Cenrana (Maros),-5.0,119.76667,POINT (119.76667 -5),http://digitaalerfgoed.poolparty.biz/globalise/617a0924-1516-4be8-a478-b451bf47f5bf,mountain
GLOB_905_HUM_1,Tjenrana|Chinranna|Cenrana (Maros)|Zindrane|Cindrana|Zinrana,Cenrana (Maros),-5.0,119.76667,POINT (119.76667 -5),http://digitaalerfgoed.poolparty.biz/globalise/40217104-de46-42ed-80c8-480fac1f8706,district
GLOB_906,Tjenrana|Tsinrana|Cenrana (West Sulawesi)|Tsinara-na-Mandaar,Cenrana (West Sulawesi),-3.31972,118.85194,POINT (118.85194 -3.31972),http://digitaalerfgoed.poolparty.biz/globalise/d1f592cd-dec1-4f42-bb73-930ce816dfaf,landschap
GLOB_907,Karur,Karur,10.95771,78.08095,POINT (78.08095 10.95771),http://digitaalerfgoed.poolparty.biz/globalise/8e41887e-0111-4667-b209-9d0da933b7d8,town
GLOB_908,Vambar|Vypar|Baij Pare|Baipar|Baay Paar|Baijpaar|Wijpaer|Vaippār,Vaippār,9.02392,78.24667,POINT (78.24667 9.02392),http://digitaalerfgoed.poolparty.biz/globalise/d4dafba3-2344-4f5a-a94d-ed988069d0e5|http://digitaalerfgoed.poolparty.biz/globalise/93a0b2c9-ad9a-4bab-8620-11b5c1e01f37,port|village
GLOB_909,Ting-hai|Dingtai Wan,Dingtai Wan,24.23472,118.07694,POINT (118.07694 24.23472),http://digitaalerfgoed.poolparty.biz/globalise/6798ed1b-27a6-4113-9cd8-a78f68b94e7c,bay
GLOB_910,Coenoe|Kunnu|Moetoecoenoe|Kunu,Kunnu,10.18684,76.1967,POINT (76.1967 10.18684),http://digitaalerfgoed.poolparty.biz/globalise/d8b4d9c6-11b3-430a-ba08-48eb1f3a8f56,island
GLOB_910_911,Moothakunnam|Moetoegoenoe|Moetoecoenoe|Moettoekoene|Mottanee,Moothakunnam,10.18995,76.20079,POINT (76.20079 10.18995),-,-
GLOB_910_911_GEO,T. Eyland Moetoegoenoe Comps|'t Eyland Moettoekoene 's Comps.|Ilha Mottanee|Moothakunnam (Island),Moothakunnam (Island),10.18995,76.20079,POINT (76.20079 10.18995),https://digitaalerfgoed.poolparty.biz/globalise/d8b4d9c6-11b3-430a-ba08-48eb1f3a8f56,island
GLOB_911,Moetoe|Moetoecoenoe|Muttu,Muttu,10.18684,76.1967,POINT (76.1967 10.18684),http://digitaalerfgoed.poolparty.biz/globalise/d8b4d9c6-11b3-430a-ba08-48eb1f3a8f56,island
GLOB_912,"Uring (Banda)|Groot-Banda Ourien|Uring|Oerien|Ourien|Urien|Lonthor Ourien|Ourien, Lonthor",Uring (Banda),-4.567124,129.920228,POINT (129.920228 -4.567124),-,-
GLOB_912_HUM_1,"Uring (Banda)|Groot-Banda Ourien|Uring|Oerien|Ourien|Urien|Lonthor Ourien|Ourien, Lonthor",Uring (Banda),-4.567124,129.920228,POINT (129.920228 -4.567124),http://digitaalerfgoed.poolparty.biz/globalise/ff08099f-3b85-48c8-ab5e-e2c50895565b,perk
GLOB_912_HUM_2,"Uring (Banda)|Groot-Banda Ourien|Uring|Oerien|Ourien|Urien|Lonthor Ourien|Ourien, Lonthor",Uring (Banda),-4.567124,129.920228,POINT (129.920228 -4.567124),http://digitaalerfgoed.poolparty.biz/globalise/d4dafba3-2344-4f5a-a94d-ed988069d0e5,village
GLOB_913,Kuala Kedah,Kuala Kedah,6.1,100.3,POINT (100.3 6.1),-,-
GLOB_913_HUM_1,Kuala Kedah,Kuala Kedah,6.1,100.3,POINT (100.3 6.1),http://digitaalerfgoed.poolparty.biz/globalise/93a0b2c9-ad9a-4bab-8620-11b5c1e01f37,port
GLOB_913_HUM_2,Kota Kuala Kedah|Kuala Kedah,Kota Kuala Kedah,6.1089,100.287,POINT (100.287 6.1089),http://digitaalerfgoed.poolparty.biz/globalise/84767cdb-cabe-4384-9e51-faca2ae3b864,fort
GLOB_914,Kahawatte,Kahawatte,6.123193,80.736154,POINT (80.736154 6.123193),http://digitaalerfgoed.poolparty.biz/globalise/d4dafba3-2344-4f5a-a94d-ed988069d0e5,village
GLOB_915,Khana,Khana,23.32891,87.73336,POINT (87.73336 23.32891),-,-
GLOB_916,Laclo|Lackelo,Laclo,-8.555,125.90944,POINT (125.90944 -8.555),http://digitaalerfgoed.poolparty.biz/globalise/e2aea655-e60c-47a1-96d8-4c2fd0f92ba2|http://digitaalerfgoed.poolparty.biz/globalise/7c1af419-926c-47c9-9450-05dc5849c05c,principality|negorij [PROBLEMATIC TERM]
GLOB_917,Sulasih|Gunung Talang|Talang,Gunung Talang,-0.97614,100.68381,POINT (100.68381 -0.97614),http://digitaalerfgoed.poolparty.biz/globalise/617a0924-1516-4be8-a478-b451bf47f5bf,mountain
GLOB_918,Farilha,Farilha,-,-,POINT EMPTY,https://digitaalerfgoed.poolparty.biz/globalise/d8b4d9c6-11b3-430a-ba08-48eb1f3a8f56,island
GLOB_919,Devenampatnam|Tengenapatnam|Tegene|Teganapatnam|Tengapatnam|Tegnapatnam|Tegenapatam|Tegenapatnam|Tegenepatnam,Devenampatnam,11.74476,79.78512,POINT (79.78512 11.74476),https://digitaalerfgoed.poolparty.biz/globalise/93a0b2c9-ad9a-4bab-8620-11b5c1e01f37,port
GLOB_92,Tanjungpinang|Tanjung Pinang,Tanjung Pinang,0.917148,104.447508,POINT (104.447508 0.917148),https://digitaalerfgoed.poolparty.biz/globalise/46724d25-aa94-4848-a8ca-17fe02b0db2b,settlement
GLOB_920,Tengapatam|Thengapattanam|Tengapattanam|Tengenepatnam|Tegepatnam|Tangapatan|Tengapatnam|Tengepatnam|Tegenepatnam,Thengapattanam,8.2355,77.17484,POINT (77.17484 8.2355),https://digitaalerfgoed.poolparty.biz/globalise/93a0b2c9-ad9a-4bab-8620-11b5c1e01f37,port
GLOB_921,Tonckyn|東京|Toncquin|Tonckin|Tonkin|Đàng Ngoài|Tonquin,Đàng Ngoài,20.666956,106.501559,POINT (106.501559 20.666956),http://digitaalerfgoed.poolparty.biz/globalise/ebf26f69-b692-437a-b6fa-2bb4ae0ae95b,polity
GLOB_922,Purumportu|Paramputtu|Paroemportoe,Paramputtu,10.18684,76.1967,POINT (76.1967 10.18684),http://digitaalerfgoed.poolparty.biz/globalise/d8b4d9c6-11b3-430a-ba08-48eb1f3a8f56,island
GLOB_923,Amanessie|Amenissie|Amanesi,Amanesi,-,-,POINT EMPTY,https://digitaalerfgoed.poolparty.biz/globalise/ebf26f69-b692-437a-b6fa-2bb4ae0ae95b,polity
GLOB_924,Contere|Contera|Katira,Contera,-,-,POINT EMPTY,https://digitaalerfgoed.poolparty.biz/globalise/d4dafba3-2344-4f5a-a94d-ed988069d0e5,village
GLOB_925,Diange|Dianga|Diangu,Dianga,22.2885,91.81101,POINT (91.81101 22.2885),https://digitaalerfgoed.poolparty.biz/globalise/93a0b2c9-ad9a-4bab-8620-11b5c1e01f37,port
GLOB_926,Kalkapur|Calcapore,Kalkapur,-,-,POINT EMPTY,https://digitaalerfgoed.poolparty.biz/globalise/d4dafba3-2344-4f5a-a94d-ed988069d0e5,village
GLOB_927,Sumedang|Sumadang,Sumedang,-6.85861,107.91639,POINT (107.91639 -6.85861),https://digitaalerfgoed.poolparty.biz/globalise/55f41aea-cc65-4cfb-88c4-766a2841452a,regency
GLOB_928,Samboepo|Somba Opu|Sambopo|Samboppo,Somba Opu,-5.19389,119.40417,POINT (119.40417 -5.19389),https://digitaalerfgoed.poolparty.biz/globalise/84767cdb-cabe-4384-9e51-faca2ae3b864,fortification
GLOB_929,"Vlissingen, fort|fort Ureng|fort Vlissingen|Vlissingen, Redoute|redoute Flissingen|Fort Uring (Pulau Ela)|Ureng|fort Hatua",Fort Uring (Pulau Ela),-3.648911,127.910887,POINT (127.910887 -3.648911),https://digitaalerfgoed.poolparty.biz/globalise/84767cdb-cabe-4384-9e51-faca2ae3b864,fortification
GLOB_93,Rembouw|Rombouw|Rembou|Rembauw|Rembau|Rombou,Rembau,2.591205,102.094448,POINT (102.094448 2.591205),https://digitaalerfgoed.poolparty.biz/globalise/06278cc4-0ec4-4376-b869-8c21bf507894,region
GLOB_930,Loji,Loji,-1.6,127.4,POINT (127.4 -1.6),https://digitaalerfgoed.poolparty.biz/globalise/d5e1cce4-2779-494a-bf72-a6b3a0b0ace0,kampong
GLOB_931,Drie Gebroeders|Poeloe Tiga|Nusatelu|Nusa Telu,Nusa Telu,-3.6535,127.8987,POINT (127.8987 -3.6535),http://digitaalerfgoed.poolparty.biz/globalise/25b09c82-eab3-41d4-9c36-831cfc2b496c,archipelago
GLOB_932,Dompel,Dompel,-,-,POINT EMPTY,http://digitaalerfgoed.poolparty.biz/globalise/7c1af419-926c-47c9-9450-05dc5849c05c,negorij [PROBLEMATIC TERM]
GLOB_933,Karang Intan|Karangintan,Karang Intan,-3.45583,114.9575,POINT (114.9575 -3.45583),-,-
GLOB_934,Kiambangen|Kiambang,Kiambang,-0.5403,101.9368,POINT (101.9368 -0.5403),-,-
GLOB_935,Lawang,Lawang,-7.8353,112.6947,POINT (112.6947 -7.8353),-,-
GLOB_936,Padan-Padan|Padang-Padang|Soreang,Soreang,-3.99056,119.63139,POINT (119.63139 -3.99056),http://digitaalerfgoed.poolparty.biz/globalise/d4dafba3-2344-4f5a-a94d-ed988069d0e5,village
GLOB_937,"Pintu Gedong, Pulau|Pulau Pintu Gedung|Pinto Gedong, Pulau",Pulau Pintu Gedung,2.91865,101.2473,POINT (101.2473 2.91865),http://digitaalerfgoed.poolparty.biz/globalise/d8b4d9c6-11b3-430a-ba08-48eb1f3a8f56,island
GLOB_938,Valliyur|Vadakku Valliyur|Vadakku Valliyūr,Vadakku Valliyūr,8.38286,77.61221,POINT (77.61221 8.38286),https://digitaalerfgoed.poolparty.biz/globalise/d4dafba3-2344-4f5a-a94d-ed988069d0e5,village
GLOB_939,Kota Tingi|Kota Tinggi,Kota Tinggi,1.466858,103.754854,POINT (103.754854 1.466858),http://digitaalerfgoed.poolparty.biz/globalise/2b007e6a-a299-413b-bc7f-51e69a9e1fab,capital
GLOB_94,Pulau Roti|Rotty|Rottij|Rote|Roti|Pulau Roteh|Rotti|Roteh,Pulau Roti,-10.735806,123.123042,POINT (123.123042 -10.735806),http://digitaalerfgoed.poolparty.biz/globalise/d8b4d9c6-11b3-430a-ba08-48eb1f3a8f56,island
GLOB_940,Kraton Ngayogyakarta Hadiningrat|Keraton Ngayogyakarta Hadiningrat|Kraton Yogyakarta,Kraton Ngayogyakarta Hadiningrat,-7.805286,110.364393,POINT (110.364393 -7.805286),http://digitaalerfgoed.poolparty.biz/globalise/90c73af5-d79c-482b-ab9e-dc176a02db69,palace
GLOB_941,Shevaroy|Shevaroy Hills,Shevaroy Hills,11.83131,78.23094,POINT (78.23094 11.83131),http://digitaalerfgoed.poolparty.biz/globalise/c1aab052-d89b-471f-a3ad-51c52cdffe2f,hills
GLOB_942,Djepamanna|Pammana|Ypomanna|Ipamanna,Pammana,-4.19194,120.09,POINT (120.09 -4.19194),http://digitaalerfgoed.poolparty.biz/globalise/e2aea655-e60c-47a1-96d8-4c2fd0f92ba2,principality
GLOB_943,Al Muhāb|Moheb,Al Muhāb,15.01145,43.55506,POINT (43.55506 15.01145),http://digitaalerfgoed.poolparty.biz/globalise/20d7cfe7-b3b1-4223-b2b4-d9f6ddb2e683,city
GLOB_95,Moskovië|Rusland|Muskovien|Muscovy|Moscovië,Muscovy,55.75,37.616,POINT (37.616 55.75),http://digitaalerfgoed.poolparty.biz/globalise/898609ad-8253-443f-be2b-455d31e67a7e,tsardom
GLOB_96,Sadraspatam|Sadrempatnam|Sadraspatnam|Sadras|Zadraspatnam|Sadrangapatnam,Sadras,12.526789,80.163324,POINT (80.163324 12.526789),https://digitaalerfgoed.poolparty.biz/globalise/4b274bf6-aa23-44f3-8d90-809c6617916f,comptoir
GLOB_97,Sabaragamuwa|Saffragam Korala|Saffragam,Sabaragamuwa,6.75,80.5,POINT (80.5 6.75),http://digitaalerfgoed.poolparty.biz/globalise/46a91433-5f11-49f5-a37b-bd52aec90197|https://digitaalerfgoed.poolparty.biz/globalise/1e90e06d-581a-4cdc-a2a5-00580b25d93d,korale|dessavony
GLOB_98,Sambilangan|Sembilangan,Sembilangan,-7.0563,112.6781,POINT (112.6781 -7.0563),https://digitaalerfgoed.poolparty.biz/globalise/79dd26ba-f8df-4c5e-8783-27417a48fa99,inhabited place
GLOB_99,Lombock|Lombok Island|Selaparang|Lombok|Salaparang,Lombok Island,-8.578538,116.352589,POINT (116.352589 -8.578538),http://digitaalerfgoed.poolparty.biz/globalise/d8b4d9c6-11b3-430a-ba08-48eb1f3a8f56,island
GLOB_BN_01,Ameland,Ameland,53.44762,5.79256,POINT (5.79256 53.44762),-,-
GLOB_BN_03,Amelander Gat,Amelander Gat,53.41413,5.64601,POINT (5.64601 53.41413),-,-
GLOB_BN_04,Azores|Vlaamse eijlanden,Azores,37.74058,-25.67282,POINT (-25.67282 37.74058),-,-
GLOB_BN_05,Barfleur,Barfleur,49.67057,-1.26348,POINT (-1.26348 49.67057),-,-
GLOB_BN_06,Isle of Barra|Barra Island,Isle of Barra,56.96667,-7.48333,POINT (-7.48333 56.96667),-,-
GLOB_BN_07,Barrier Reef|Great Barrier Reef,Great Barrier Reef,-17.98722,146.76979,POINT (146.76979 -17.98722),-,-
GLOB_BN_08,Dongshan Wan|Tangsoa Bay|Tungshan Bay|Tangsua Bay|Tanzoa Bay,Dongshan Wan,23.81722,117.5375,POINT (117.5375 23.81722),-,-
GLOB_BN_09,Ticao Bay|Baij Tigau,Ticao Bay,12.4859,123.7676,POINT (123.7676 12.4859),-,-
GLOB_BN_10,Bevesier|Beachy Head,Beachy Head,50.73568,0.24148,POINT (0.24148 50.73568),-,-
GLOB_BN_102,Vlie,Vlie,53.331693,5.141602,POINT (5.141602 53.331693),-,-
GLOB_BN_103,Vlissingen,Vlissingen,51.4425,3.57361,POINT (3.57361 51.4425),-,-
GLOB_BN_104,Guo Yu|過嶼|Kuo Hsü|Vuyle eilanden,Guo Yu,23.76667,119.60056,POINT (119.60056 23.76667),-,-
GLOB_BN_105,Wallabi Group,Wallabi Group,-28.46639,113.7078,POINT (113.7078 -28.46639),-,-
GLOB_BN_107,Wielingen,Wielingen,51.41667,3.41667,POINT (3.41667 51.41667),-,-
GLOB_BN_108,Yarmouth,Yarmouth,50.70529,-1.49929,POINT (-1.49929 50.70529),-,-
GLOB_BN_109,Zandvoort,Zandvoort,52.37125,4.53306,POINT (4.53306 52.37125),-,-
GLOB_BN_11,Boa Vista|island Boavista|Boavista,Boavista,16.0986,-22.80865,POINT (-22.80865 16.0986),-,-
GLOB_BN_110,Zeeland,Zeeland,51.41667,3.75,POINT (3.75 51.41667),-,-
GLOB_BN_111,Lowestoft,Lowestoft,52.47523,1.75167,POINT (1.75167 52.47523),-,-
GLOB_BN_112,Bergen,Bergen,60.39299,5.32415,POINT (5.32415 60.39299),-,-
GLOB_BN_114,Eems,Eems,53.5,7.0,POINT (7 53.5),-,-
GLOB_BN_115,Elbe,Elbe,53.92222,8.72222,POINT (8.72222 53.92222),-,-
GLOB_BN_116,Sluische Gat,Sluische Gat,51.36401,3.3722,POINT (3.3722 51.36401),-,-
GLOB_BN_117,Goeree,Goeree,51.8175,3.98056,POINT (3.98056 51.8175),-,-
GLOB_BN_118,Grevelingen,Grevelingen,51.69003,4.0717,POINT (4.0717 51.69003),-,-
GLOB_BN_119,Hellevoetsluis,Hellevoetsluis,51.83333,4.13333,POINT (4.13333 51.83333),-,-
GLOB_BN_12,Borkumer Riff|Borkumriff|Borkum Reef|Borkumer Rif,Borkumer Riff,53.6471,6.53095,POINT (6.53095 53.6471),-,-
GLOB_BN_120,La Rochelle,La Rochelle,46.16308,-1.15222,POINT (-1.15222 46.16308),-,-
GLOB_BN_121,Lorient,Lorient,47.74817,-3.37177,POINT (-3.37177 47.74817),-,-
GLOB_BN_122,Maas|Meuse,Meuse,51.71278,4.8345,POINT (4.8345 51.71278),-,-
GLOB_BN_123,Norway,Norway,62.0,10.0,POINT (10 62),-,-
GLOB_BN_124,Riga,Riga,56.946,24.10589,POINT (24.10589 56.946),-,-
GLOB_BN_125,Rochefort,Rochefort,45.94304,-0.96774,POINT (-0.96774 45.94304),-,-
GLOB_BN_126,Setúbal,Setúbal,38.5244,-8.8882,POINT (-8.8882 38.5244),-,-
GLOB_BN_127,Trondheim,Trondheim,63.43049,10.39506,POINT (10.39506 63.43049),-,-
GLOB_BN_128,Cape Saint Francis,Cape Saint Francis,-34.19688,24.87122,POINT (24.87122 -34.19688),-,-
GLOB_BN_129,Atlantic Ocean,Atlantic Ocean,10.0,-25.0,POINT (-25 10),-,-
GLOB_BN_13,Boulogne-sur-Mer|Boulogne,Boulogne-sur-Mer,50.72485,1.61373,POINT (1.61373 50.72485),-,-
GLOB_BN_130,Ticauw|Tigau|Ticao Island,Ticao Island,12.5291,123.6981,POINT (123.6981 12.5291),-,-
GLOB_BN_132,Kankouw,-,-,-,POINT EMPTY,-,-
GLOB_BN_133,Rakkan|Rakan,-,-,-,POINT EMPTY,-,-
GLOB_BN_134,Appon,-,-,-,POINT EMPTY,-,-
GLOB_BN_14,Brandao|Cargados Carajos|Saint Brandon|Cargados Carajos Shoals,Cargados Carajos Shoals,-16.63333,59.63333,POINT (59.63333 -16.63333),-,-
GLOB_BN_142,Pulau Rupat|Roepat,Pulau Rupat,1.8934,101.5808,POINT (101.5808 1.8934),-,-
GLOB_BN_147,Al-Shihr|Cheer,Al-Shihr,14.75,49.6,POINT (49.6 14.75),-,-
GLOB_BN_148,Barawe|Barawa,Barawe,1.1132,44.0297,POINT (44.0297 1.1132),-,-
GLOB_BN_15,Bretagne,Bretagne,48.0,-3.0,POINT (-3 48),-,-
GLOB_BN_150,Nawanagar,Nawanagar,22.4667,70.0667,POINT (70.0667 22.4667),-,-
GLOB_BN_151,Makdassa|Mogadishu,Mogadishu,2.03711,45.34375,POINT (45.34375 2.03711),-,-
GLOB_BN_153,Porbandar,Porbandar,21.64219,69.60929,POINT (69.60929 21.64219),-,-
GLOB_BN_155,Koyilandy,Koyilandy,11.4381,75.69306,POINT (75.69306 11.4381),-,-
GLOB_BN_156,Suez,Suez,29.97371,32.52627,POINT (32.52627 29.97371),-,-
GLOB_BN_157,Neendakara,Neendakara,8.938611,76.540278,POINT (76.540278 8.938611),-,-
GLOB_BN_158,Parappanangadi,Parappanangadi,11.04638,75.8636,POINT (75.8636 11.04638),-,-
GLOB_BN_161,Sherpur,Sherpur,25.015851,90.016515,POINT (90.016515 25.015851),-,-
GLOB_BN_162,Khanakul,Khanakul,22.7089,87.8502,POINT (87.8502 22.7089),-,-
GLOB_BN_17,Buizegat,Buizegat,-,-,POINT EMPTY,-,-
GLOB_BN_18,Calais,Calais,50.95194,1.85635,POINT (1.85635 50.95194),-,-
GLOB_BN_19,Canary Islands,Canary Islands,28.0,-15.5,POINT (-15.5 28),-,-
GLOB_BN_20,Cape Hangklip,Cape Hangklip,-34.38737,18.8269,POINT (18.8269 -34.38737),-,-
GLOB_BN_21,Cape Agulhas,Cape Agulhas,-34.83148,20.01354,POINT (20.01354 -34.83148),-,-
GLOB_BN_22,Cabo Finisterre|Cape Finisterre,Cape Finisterre,42.88009,-9.27309,POINT (-9.27309 42.88009),-,-
GLOB_BN_24,Cape Vert|Cape Verde,Cape Vert,14.7221,-17.50449,POINT (-17.50449 14.7221),-,-
GLOB_BN_25,Cape Verde Islands,Cape Verde Islands,15.92157,-24.13889,POINT (-24.13889 15.92157),-,-
GLOB_BN_27,Cork,Cork,51.89797,-8.47061,POINT (-8.47061 51.89797),-,-
GLOB_BN_28,Crookhaven,Crookhaven,51.46842,-9.72736,POINT (-9.72736 51.46842),-,-
GLOB_BN_29,Dogger Bank,Dogger Bank,55.0,3.0,POINT (3 55),-,-
GLOB_BN_30,Egmond aan Zee,Egmond aan Zee,52.6204,4.62705,POINT (4.62705 52.6204),-,-
GLOB_BN_31,Eierland|Eijerland,Eijerland,53.12304,4.8336,POINT (4.8336 53.12304),-,-
GLOB_BN_32,"Eilanden van
Fero|Faroe Islands",Faroe Islands,61.98285,-6.88293,POINT (-6.88293 61.98285),-,-
GLOB_BN_33,Flanders,Flanders,51.0,4.5,POINT (4.5 51),-,-
GLOB_BN_34,Geldria's Droogte|Gelders Droogte,Geldria's Droogte,0.8,104.98,POINT (104.98 0.8),-,-
GLOB_BN_35,Glückstadt,Glückstadt,53.78819,9.42408,POINT (9.42408 53.78819),-,-
GLOB_BN_36,Goodwin Sands|Goodwin's Sands,Goodwin Sands,51.24209,1.53269,POINT (1.53269 51.24209),-,-
GLOB_BN_39,Gun Island,Gun Island,-28.88722,113.8589,POINT (113.8589 -28.88722),-,-
GLOB_BN_40,Isle of Noss|Hanglip,Isle of Noss,60.14405,-1.01842,POINT (-1.01842 60.14405),-,-
GLOB_BN_41,Pingtan Island|Haitan Island|Haitan Dao,Haitan Dao,25.5,119.7833,POINT (119.7833 25.5),-,-
GLOB_BN_42,Iceland,Iceland,65.0,-18.0,POINT (-18 65),-,-
GLOB_BN_43,Ilha de Mayo|Ilha de Maio,Ilha de Maio,11.56667,-15.95,POINT (-15.95 11.56667),-,-
GLOB_BN_46,Flores Island|Flores|Flores (Azores)|Ilha das Flores,Flores (Azores),39.44494,-31.20426,POINT (-31.20426 39.44494),-,-
GLOB_BN_47,Pulau Siberut|Goede Fortuijn|Groote Fortuijn|Fortuin|Groot Fortuin,Pulau Siberut,-1.36535,98.92242,POINT (98.92242 -1.36535),-,-
GLOB_BN_48,Pulau Watubela,Pulau Watubela,-4.4003,131.5905,POINT (131.5905 -4.4003),-,-
GLOB_BN_49,Ghorāmāra Island |Gale|isle of Galle|Ghoramara Island,Ghorāmāra Island ,21.91344,88.12966,POINT (88.12966 21.91344),-,-
GLOB_BN_51,Pulau Sapudi,Pulau Sapudi,-7.11472,114.33167,POINT (114.33167 -7.11472),-,-
GLOB_BN_52,Pulau Pandai|Pandy|Pandij|Pandaij,Pulau Pandai,0.7443,103.340667,POINT (103.340667 0.7443),-,-
GLOB_BN_53,Jannegat,Jannegat,-,-,POINT EMPTY,-,-
GLOB_BN_54,Jutteneiland,Jutteneiland,-33.08318,17.95519,POINT (17.95519 -33.08318),-,-
GLOB_BN_56,Manipa Strait|Selat Manipa|Buru Strait,Selat Manipa,-3.34092,127.38478,POINT (127.38478 -3.34092),-,-
GLOB_BN_57,Marseille,Marseille,43.29695,5.38107,POINT (5.38107 43.29695),-,-
GLOB_BN_58,Murchison River,Murchison River,-27.70675,114.16228,POINT (114.16228 -27.70675),-,-
GLOB_BN_59,The Needles|Needles of Wight,The Needles,50.66265,-1.58941,POINT (-1.58941 50.66265),-,-
GLOB_BN_60,Noorderhaaks,Noorderhaaks,52.97365,4.67399,POINT (4.67399 52.97365),-,-
GLOB_BN_62,Pulau Untelue|Pulau Ontoloe,Pulau Ontoloe,-8.3824,121.0046,POINT (121.0046 -8.3824),-,-
GLOB_BN_63,Olifants River|Olifants Rivier|Olifants-river|Olifantsrivier,Olifants River,-31.69965,18.1881,POINT (18.1881 -31.69965),-,-
GLOB_BN_64,Padstow,Padstow,50.53885,-4.93664,POINT (-4.93664 50.53885),-,-
GLOB_BN_65,Paracelles,-,-,-,POINT EMPTY,-,-
GLOB_BN_67,Pernambuco,Pernambuco,-8.33333,-37.75,POINT (-37.75 -8.33333),-,-
GLOB_BN_68,Plettenberg Bay|Plettenbergbaai,Plettenbergbaai,-34.07869,23.39053,POINT (23.39053 -34.07869),-,-
GLOB_BN_70,Port Desire|Puerto Deseado,Puerto Deseado,-47.75131,-65.89674,POINT (-65.89674 -47.75131),-,-
GLOB_BN_71,Porto Santo,Porto Santo,33.07054,-16.34508,POINT (-16.34508 33.07054),-,-
GLOB_BN_72,Portsal|Ploudalmézeau,Ploudalmézeau,48.54042,-4.65792,POINT (-4.65792 48.54042),-,-
GLOB_BN_73,Portsmouth,Portsmouth,50.79899,-1.09125,POINT (-1.09125 50.79899),-,-
GLOB_BN_74,Rammekens|Fort Rammekens,Fort Rammekens,51.45259,3.65381,POINT (3.65381 51.45259),-,-
GLOB_BN_75,Manigare River,Manigare River,-,-,POINT EMPTY,-,-
GLOB_BN_76,Patrapan River,Patrapan River,-,-,POINT EMPTY,-,-
GLOB_BN_77,Runde|Rondoe,Runde,62.39946,5.62165,POINT (5.62165 62.39946),-,-
GLOB_BN_78,Ilha de São Tomé,Ilha de São Tomé,0.25814,6.61334,POINT (6.61334 0.25814),-,-
GLOB_BN_80,Sorlings|Isles of Scilly,Isles of Scilly,49.92515,-6.29894,POINT (-6.29894 49.92515),-,-
GLOB_BN_81,Simons Bay,Simons Bay,-34.18465,18.43214,POINT (18.43214 -34.18465),-,-
GLOB_BN_82,Smalle Baei,-,-,-,POINT EMPTY,-,-
GLOB_BN_86,South Atlantic Ocean,South Atlantic Ocean,-45.0,-15.0,POINT (-15 -45),-,-
GLOB_BN_87,South China Sea,South China Sea,15.0,115.0,POINT (115 15),-,-
GLOB_BN_89,Santo Antão,Santo Antão,17.06876,-25.18255,POINT (-25.18255 17.06876),-,-
GLOB_BN_90,Papa Stour Island,Papa Stour Island,60.33333,-1.7,POINT (-1.7 60.33333),-,-
GLOB_BN_91,Straat Drioens|Selat Durian,Selat Durian,0.70806,103.62056,POINT (103.62056 0.70806),-,-
GLOB_BN_92,Le Maire Strait|Estrecho de le Maire,Estrecho de le Maire,-54.83333,-65.0,POINT (-65 -54.83333),-,-
GLOB_BN_93,Struys Bay,-,-,-,POINT EMPTY,-,-
GLOB_BN_94,Sylt,Sylt,54.90439,8.33819,POINT (8.33819 54.90439),-,-
GLOB_BN_95,Terra de Natal,Terra de Natal,-30.0,30.5,POINT (30.5 -30),-,-
GLOB_BN_96,Terschelling,Terschelling,53.40807,5.36489,POINT (5.36489 53.40807),-,-
GLOB_BN_97,Kepulauan Bonerate|Tiger Islands|Tijger-eilanden,Kepulauan Bonerate,-7.0,121.0,POINT (121 -7),-,-
GLOB_BN_98,Toulon,Toulon,43.12442,5.92836,POINT (5.92836 43.12442),-,-
GLOB_BN_99,Verkens Eylant|Varkenseiland,-,-,-,POINT EMPTY,-,-
GLOB_E_1,Pulau Dai|Babar-Dai|Babberjay,Pulau Dai,-7.5616,129.6877,POINT (129.6877 -7.5616),http://digitaalerfgoed.poolparty.biz/globalise/d8b4d9c6-11b3-430a-ba08-48eb1f3a8f56,island
GLOB_E_10,Mantotte|Mentotte|Mantai|Manthai|Mantota,Mantota,9.003055556,80.01861111,POINT (80.018611 9.003056),http://digitaalerfgoed.poolparty.biz/globalise/0e3137ad-bc4d-4da6-8ba3-f4fc5fe7058f,province
GLOB_E_11,Marawila Town|Marawila|Maravile|Marabel,Marawila Town,7.4106,79.828,POINT (79.828 7.4106),http://digitaalerfgoed.poolparty.biz/globalise/8e41887e-0111-4667-b209-9d0da933b7d8,town
GLOB_E_12,Moesjeltieve|Musal Tīvu|Musal Tivu ,Musal Tīvu,9.19968,79.07324,POINT (79.07324 9.19968),http://digitaalerfgoed.poolparty.biz/globalise/d8b4d9c6-11b3-430a-ba08-48eb1f3a8f56,island
GLOB_E_13,Nainativu|Haarlem Island|Naynativo,Nainativu,9.6043,79.7667,POINT (79.7667 9.6043),http://digitaalerfgoed.poolparty.biz/globalise/d8b4d9c6-11b3-430a-ba08-48eb1f3a8f56,island
GLOB_E_14,Vers Water Eyland|Nallatanni Tivu|Soetwaters Eyland|Nalla Tanni Tīvu,Nalla Tanni Tīvu,9.10692,78.5788,POINT (78.5788 9.10692),http://digitaalerfgoed.poolparty.biz/globalise/d8b4d9c6-11b3-430a-ba08-48eb1f3a8f56,island
GLOB_E_15,Nallur|Naloer|Nalour|Nalloer,Nallur,9.66666667,80.03333333,POINT (80.033333 9.666667),http://digitaalerfgoed.poolparty.biz/globalise/9ff96df6-316f-4f2d-9a68-84fcd87893f2,garden
GLOB_E_16,Nanaddan|Nanatan,Nanaddan,8.83635,79.97171,POINT (79.97171 8.83635),http://digitaalerfgoed.poolparty.biz/globalise/0e3137ad-bc4d-4da6-8ba3-f4fc5fe7058f,province
GLOB_E_18,Nilwala Ganga|Nilwala River,Nilwala Ganga,5.93333,80.53333,POINT (80.53333 5.93333),http://digitaalerfgoed.poolparty.biz/globalise/cf7cc49f-738b-48b0-80a7-476244ba4919,river
GLOB_E_21,Panadura|Paneture,Panadura,6.713369,79.906468,POINT (79.906468 6.713369),http://digitaalerfgoed.poolparty.biz/globalise/40217104-de46-42ed-80c8-480fac1f8706,district
GLOB_E_22,Panama|Panoua|Pamene|Panneme,Panama,6.759397,81.807961,POINT (81.807961 6.759397),http://digitaalerfgoed.poolparty.biz/globalise/46a91433-5f11-49f5-a37b-bd52aec90197,dessavony
GLOB_E_23,Point Calimere,Point Calimere,10.29656,79.87559,POINT (79.87559 10.29656),http://digitaalerfgoed.poolparty.biz/globalise/ea0cf4b3-3d82-4ff6-ad10-12e77f581218,cape
GLOB_E_242,Endeh|Ende,Ende,-8.8432,121.6623,POINT (121.6623 -8.8432),https://digitaalerfgoed.poolparty.biz/globalise/06278cc4-0ec4-4376-b869-8c21bf507894,region
GLOB_E_25,Pudukkottai,Pudukkottai,10.38128,78.82141,POINT (78.82141 10.38128),-,-
GLOB_E_25_HUM_1,Pudukkottai,Pudukkottai,10.38128,78.82141,POINT (78.82141 10.38128),http://digitaalerfgoed.poolparty.biz/globalise/6f1f178a-fa6f-4553-a723-99f9d909a771,kingdom
GLOB_E_25_HUM_2,Pudukkottai,Pudukkottai,10.38128,78.82141,POINT (78.82141 10.38128),http://digitaalerfgoed.poolparty.biz/globalise/2b007e6a-a299-413b-bc7f-51e69a9e1fab|http://digitaalerfgoed.poolparty.biz/globalise/8e41887e-0111-4667-b209-9d0da933b7d8,town|capital
GLOB_E_26,Punkudutivu |Pungudutivu|Poengertivol|Middelburg Island,Pungudutivu,9.5862,79.8273,POINT (79.8273 9.5862),http://digitaalerfgoed.poolparty.biz/globalise/d8b4d9c6-11b3-430a-ba08-48eb1f3a8f56,island
GLOB_E_31,Ramnad|Ramanathapuram,Ramanathapuram,9.37158,78.83077,POINT (78.83077 9.37158),-,-
GLOB_E_31_HUM_1,Ramnad|Ramanathapuram,Ramanathapuram,9.37158,78.83077,POINT (78.83077 9.37158),http://digitaalerfgoed.poolparty.biz/globalise/6f1f178a-fa6f-4553-a723-99f9d909a771,kingdom
GLOB_E_31_HUM_2,Ramnad|Ramanathapuram,Ramanathapuram,9.37158,78.83077,POINT (78.83077 9.37158),http://digitaalerfgoed.poolparty.biz/globalise/2b007e6a-a299-413b-bc7f-51e69a9e1fab|http://digitaalerfgoed.poolparty.biz/globalise/8e41887e-0111-4667-b209-9d0da933b7d8,town|capital
GLOB_E_32,Jaggernaijperam|Jagernaykpoeram|Jagannadhapuram|Jaggernaykpoeram|Jagannathapuram|Jaggernampoeram|Jaggernaikpoeram|Jagernaikpoeram|Jaggernaijkpoeram,Jagannadhapuram,16.93333,82.23333,POINT (82.23333 16.93333),http://digitaalerfgoed.poolparty.biz/globalise/954cae70-c7e6-4ee9-8273-73beabc3fc0b,coastal settlement
GLOB_E_33,Rovanelle|Ruanelle|Ruwanwella,Ruwanwella,7.0689,80.2186,POINT (80.2186 7.0689),-,-
GLOB_E_33_HUM_1,Rovanelle|Ruanelle|Ruwanwella,Ruwanwella,7.0689,80.2186,POINT (80.2186 7.0689),http://digitaalerfgoed.poolparty.biz/globalise/851d29fa-da48-4c05-a99a-ecdd5902b0ee,korale
GLOB_E_33_HUM_2,Rovanelle|Ruanelle|Ruwanwella,Ruwanwella,7.0689,80.2186,POINT (80.2186 7.0689),http://digitaalerfgoed.poolparty.biz/globalise/2b007e6a-a299-413b-bc7f-51e69a9e1fab|http://digitaalerfgoed.poolparty.biz/globalise/8e41887e-0111-4667-b209-9d0da933b7d8,town|capital
GLOB_E_33_HUM_3,Ruwanwella Fort|Rovanelle|Ruanelle|Ruwanwella,Ruwanwella Fort,7.041944,80.250556,POINT (80.250556 7.041944),http://digitaalerfgoed.poolparty.biz/globalise/84767cdb-cabe-4384-9e51-faca2ae3b864,fort
GLOB_E_34,Salpettij Corle|Salpittij corle|Salpiti Korale|Salpiti|Salpitte,Salpiti,6.833333,-,POINT EMPTY,http://digitaalerfgoed.poolparty.biz/globalise/851d29fa-da48-4c05-a99a-ecdd5902b0ee,korale
GLOB_E_35,Sitavaque|Sitavake|Situaque|Sitavacca|Sitawaka|Sitwaka,Sitawaka,6.951796,80.212616,POINT (80.212616 6.951796),-,-
GLOB_E_35_HUM_1,Sitavaque|Sitavake|Situaque|Sitavacca|Sitawaka|Sitwaka,Sitawaka,6.951796,80.212616,POINT (80.212616 6.951796),http://digitaalerfgoed.poolparty.biz/globalise/6f1f178a-fa6f-4553-a723-99f9d909a771,kingdom
GLOB_E_35_HUM_2,Sitavaque|Sitavake|Situaque|Sitavacca|Sitawaka|Sitwaka,Sitawaka,6.951796,80.212616,POINT (80.212616 6.951796),http://digitaalerfgoed.poolparty.biz/globalise/20d7cfe7-b3b1-4223-b2b4-d9f6ddb2e683|http://digitaalerfgoed.poolparty.biz/globalise/2b007e6a-a299-413b-bc7f-51e69a9e1fab|http://digitaalerfgoed.poolparty.biz/globalise/8e41887e-0111-4667-b209-9d0da933b7d8,town|city|capital
GLOB_E_36,Sewaginga|Sivagangai|Sivaganga,Sivaganga,9.84701,78.48358,POINT (78.48358 9.84701),-,-
GLOB_E_36_HUM_1,Sewaginga|Sivagangai|Sivaganga,Sivaganga,9.84701,78.48358,POINT (78.48358 9.84701),http://digitaalerfgoed.poolparty.biz/globalise/6f1f178a-fa6f-4553-a723-99f9d909a771,kingdom
GLOB_E_36_HUM_2,Sewaginga|Sivagangai|Sivaganga,Sivaganga,9.84701,78.48358,POINT (78.48358 9.84701),http://digitaalerfgoed.poolparty.biz/globalise/8e41887e-0111-4667-b209-9d0da933b7d8,town
GLOB_E_37,Dengka|Pulau Dengka,Pulau Dengka,-10.73012,122.95269,POINT (122.95269 -10.73012),http://digitaalerfgoed.poolparty.biz/globalise/d8b4d9c6-11b3-430a-ba08-48eb1f3a8f56,island
GLOB_E_41,Vieux Grand Port,Vieux Grand Port,-20.37444,57.71899,POINT (57.71899 -20.37444),http://digitaalerfgoed.poolparty.biz/globalise/93a0b2c9-ad9a-4bab-8620-11b5c1e01f37,port
GLOB_E_42,Tondi |Tondi|Tondy,Tondi,9.74173,79.01774,POINT (79.01774 9.74173),http://digitaalerfgoed.poolparty.biz/globalise/8e41887e-0111-4667-b209-9d0da933b7d8|http://digitaalerfgoed.poolparty.biz/globalise/93a0b2c9-ad9a-4bab-8620-11b5c1e01f37,port|town
GLOB_E_46,Bempaer|Bempaar|Wembaer|Vembar |Benbarra|Bempiaer|Vembār,Vembār,9.08148,78.36326,POINT (78.36326 9.08148),http://digitaalerfgoed.poolparty.biz/globalise/d4dafba3-2344-4f5a-a94d-ed988069d0e5|http://digitaalerfgoed.poolparty.biz/globalise/93a0b2c9-ad9a-4bab-8620-11b5c1e01f37,port|village
GLOB_E_49,Thetta|Tatta|Thatta|Tata,Thatta,24.744493,67.924147,POINT (67.924147 24.744493),https://digitaalerfgoed.poolparty.biz/globalise/8e41887e-0111-4667-b209-9d0da933b7d8|https://digitaalerfgoed.poolparty.biz/globalise/93a0b2c9-ad9a-4bab-8620-11b5c1e01f37,port|town
GLOB_E_50,Surakarta Hadiningrat|Keraton Surakarta Hadiningrat|Keraton Kasunanan,Keraton Surakarta Hadiningrat,-7.57861,110.82611,POINT (110.82611 -7.57861),https://digitaalerfgoed.poolparty.biz/globalise/90c73af5-d79c-482b-ab9e-dc176a02db69,palace
GLOB_E_51,Bossina|Zeringe,Bossina,-17.91361,36.81306,POINT (36.81306 -17.91361),http://digitaalerfgoed.poolparty.biz/globalise/cf7cc49f-738b-48b0-80a7-476244ba4919,river
GLOB_E_52,Riau|Rouw|Riauw|Riouw|Riou|Rheo|Riau Archipelago,Riau Archipelago,0.917148,104.447508,POINT (104.447508 0.917148),https://digitaalerfgoed.poolparty.biz/globalise/25b09c82-eab3-41d4-9c36-831cfc2b496c,archipelago
GLOB_E_53,Pinang|Painan,Painan,-1.35085,100.574757,POINT (100.574757 -1.35085),https://digitaalerfgoed.poolparty.biz/globalise/40217104-de46-42ed-80c8-480fac1f8706,district
GLOB_E_54,Quemoy|Kinmen|Kinmen Island|Jinmen,Kinmen Island,24.44583,118.37611,POINT (118.37611 24.44583),https://digitaalerfgoed.poolparty.biz/globalise/d8b4d9c6-11b3-430a-ba08-48eb1f3a8f56,island
GLOB_E_55,Zuydooster-islands|Zuidoostereilanden|Southeastern Islands|Zuidooster-Eilanden,Southeastern Islands,-6.1921,134.55059,POINT (134.55059 -6.1921),https://digitaalerfgoed.poolparty.biz/globalise/25b09c82-eab3-41d4-9c36-831cfc2b496c,islands
GLOB_E_56,Southwestern Islands|Zuidwestereilanden,Southwestern Islands,-6.1921,134.55059,POINT (134.55059 -6.1921),https://digitaalerfgoed.poolparty.biz/globalise/25b09c82-eab3-41d4-9c36-831cfc2b496c,islands
GLOB_E_57,"fort Banjermassin|fort Tatas|Tatas|Fort Tatas|Tatas, fort|Benteng Tatas|fort Banjarmasin",Benteng Tatas,-3.31911,114.59003,POINT (114.59003 -3.31911),https://digitaalerfgoed.poolparty.biz/globalise/84767cdb-cabe-4384-9e51-faca2ae3b864,fort
GLOB_E_6,Condaatche|Kondaichi|Condaitje|Condaatje|Condatje|Kondachchi|Condaetje,Kondachchi,8.7175,79.9636,POINT (79.9636 8.7175),http://digitaalerfgoed.poolparty.biz/globalise/6798ed1b-27a6-4113-9cd8-a78f68b94e7c,bay
GLOB_E_7,Kotta|Kotte,Kotte,6.88297,79.90708,POINT (79.90708 6.88297),-,-
GLOB_E_7_HUM_1,Kotta|Kotte|Kotte kingdom,Kotte kingdom,6.88297,79.90708,POINT (79.90708 6.88297),http://digitaalerfgoed.poolparty.biz/globalise/6f1f178a-fa6f-4553-a723-99f9d909a771,kingdom
GLOB_E_7_HUM_2,Kotta|Kotte|Sri Jayewardenepura Kotte,Sri Jayewardenepura Kotte,6.88297,79.90708,POINT (79.90708 6.88297),http://digitaalerfgoed.poolparty.biz/globalise/20d7cfe7-b3b1-4223-b2b4-d9f6ddb2e683,city
GLOB_E_9,Mandegelle|Mandagetto,Mandegelle,6.5065,81.7041,POINT (81.7041 6.5065),http://digitaalerfgoed.poolparty.biz/globalise/d4dafba3-2344-4f5a-a94d-ed988069d0e5,village
GLOB_NB_10,Cassegam|Kasegaon,Kasegaon,17.12667,74.1864,POINT (74.1864 17.12667),https://digitaalerfgoed.poolparty.biz/globalise/d4dafba3-2344-4f5a-a94d-ed988069d0e5,village
GLOB_NB_100,Amalapoeram|Amalapuram,Amalapuram,16.57868,82.00609,POINT (82.00609 16.57868),https://digitaalerfgoed.poolparty.biz/globalise/79dd26ba-f8df-4c5e-8783-27417a48fa99,inhabited place
GLOB_NB_101,Carnapouram|Karunapuram,Karunapuram,9.7607,77.21994,POINT (77.21994 9.7607),https://digitaalerfgoed.poolparty.biz/globalise/82649d92-e539-41a6-b62b-c5e501f3e3de,fief
GLOB_NB_102,Koeroewalapen koil|Kuruvalapparkoil,Kuruvalapparkoil,-,-,POINT EMPTY,https://digitaalerfgoed.poolparty.biz/globalise/79dd26ba-f8df-4c5e-8783-27417a48fa99,inhabited place
GLOB_NB_103,Pandanellaoer|Pandanallur,Pandanallur,11.13316,79.51307,POINT (79.51307 11.13316),https://digitaalerfgoed.poolparty.biz/globalise/79dd26ba-f8df-4c5e-8783-27417a48fa99,inhabited place
GLOB_NB_104,Guenge Condepoerem|Gangaikondacholapuram,Gangaikondacholapuram,11.0,78.0,POINT (78 11),https://digitaalerfgoed.poolparty.biz/globalise/79dd26ba-f8df-4c5e-8783-27417a48fa99,inhabited place
GLOB_NB_105,Carpoer|Karuppur,Karuppur,11.71705,78.09241,POINT (78.09241 11.71705),https://digitaalerfgoed.poolparty.biz/globalise/79dd26ba-f8df-4c5e-8783-27417a48fa99,inhabited place
GLOB_NB_106,Valathoor|Walletore,Valathoor,12.88675,78.84647,POINT (78.84647 12.88675),https://digitaalerfgoed.poolparty.biz/globalise/79dd26ba-f8df-4c5e-8783-27417a48fa99,inhabited place
GLOB_NB_107,Tirumaijladij|Tirumayiladi,Tirumayiladi,11.29904,79.7293,POINT (79.7293 11.29904),https://digitaalerfgoed.poolparty.biz/globalise/79dd26ba-f8df-4c5e-8783-27417a48fa99,inhabited place
GLOB_NB_108,Colderon|Colleron|Kollidam River,Kollidam River,11.35983,79.83065,POINT (79.83065 11.35983),https://digitaalerfgoed.poolparty.biz/globalise/cf7cc49f-738b-48b0-80a7-476244ba4919,river
GLOB_NB_109,Tombaarsiuwe|Combarjuan|Cumbarjua,Cumbarjua,15.51598,73.94678,POINT (73.94678 15.51598),https://digitaalerfgoed.poolparty.biz/globalise/d8b4d9c6-11b3-430a-ba08-48eb1f3a8f56,island
GLOB_NB_11,Wing|Winge,Wing,-,-,POINT EMPTY,https://digitaalerfgoed.poolparty.biz/globalise/d4dafba3-2344-4f5a-a94d-ed988069d0e5,village
GLOB_NB_110,Mormugao|Marmagon,Mormugao,15.38914,73.81491,POINT (73.81491 15.38914),https://digitaalerfgoed.poolparty.biz/globalise/84767cdb-cabe-4384-9e51-faca2ae3b864,fortification
GLOB_NB_111,Mattanchery|Mattancherry|Mattancherij|Mattancherrij|Martinjerij|Mattanchery ,Mattanchery|Mattancherry,9.9625,76.254167,POINT (76.254167 9.9625),https://digitaalerfgoed.poolparty.biz/globalise/d988ee0d-6b1c-4ba3-96f5-a95a5fd672da,church
GLOB_NB_111_HUM_1,Paleys des Koning op Cochim de Sima|Mattancherry (Palace),Mattancherry (Palace),9.95833,76.25931,POINT (76.25931 9.95833),https://digitaalerfgoed.poolparty.biz/globalise/90c73af5-d79c-482b-ab9e-dc176a02db69,palace
GLOB_NB_111_HUM_2,Mattancherry (Village)|Mattancherij,Mattancherry (Village),9.9625,76.254167,POINT (76.254167 9.9625),https://digitaalerfgoed.poolparty.biz/globalise/d4dafba3-2344-4f5a-a94d-ed988069d0e5,village
GLOB_NB_112,Canacona|Kankon,Kankon,15.02698,74.04617,POINT (74.04617 15.02698),https://digitaalerfgoed.poolparty.biz/globalise/cf7cc49f-738b-48b0-80a7-476244ba4919,river
GLOB_NB_113,Sangamesuer|Sangameshwar,Sangameshwar,17.18672,73.55264,POINT (73.55264 17.18672),https://digitaalerfgoed.poolparty.biz/globalise/93a0b2c9-ad9a-4bab-8620-11b5c1e01f37,port
GLOB_NB_114,Chidambarapuram|Sidemberepoeram,Chidambarapuram,8.50058,77.54733,POINT (77.54733 8.50058),https://digitaalerfgoed.poolparty.biz/globalise/84767cdb-cabe-4384-9e51-faca2ae3b864,fortification
GLOB_NB_115,Kallekadoe|Kalakkad,Kalakkad,8.5138,77.54944,POINT (77.54944 8.5138),-,-
GLOB_NB_116,Thirukkurungudi|Kirkenkoedie|Tiroekenekoedie,Thirukkurungudi,8.446111,77.567222,POINT (77.567222 8.446111),-,-
GLOB_NB_117,Panekoedie|Panaikkudi,Panaikkudi,8.316,77.6,POINT (77.6 8.316),-,-
GLOB_NB_118,Waldaoer|Valathur,Valathur,-,-,POINT EMPTY,-,-
GLOB_NB_119,Welepoeram|Viluppuram,Viluppuram,11.93975,79.49244,POINT (79.49244 11.93975),-,-
GLOB_NB_12,Isselampour|Islampur,Islampur,17.05,74.26667,POINT (74.26667 17.05),https://digitaalerfgoed.poolparty.biz/globalise/20d7cfe7-b3b1-4223-b2b4-d9f6ddb2e683,city
GLOB_NB_120,Dewiekepoeram|Devikapuram,Devikapuram,12.49807,79.25308,POINT (79.25308 12.49807),https://digitaalerfgoed.poolparty.biz/globalise/d4dafba3-2344-4f5a-a94d-ed988069d0e5,village
GLOB_NB_121,Palaer|Palar River,Palar River,12.46613,80.15242,POINT (80.15242 12.46613),https://digitaalerfgoed.poolparty.biz/globalise/cf7cc49f-738b-48b0-80a7-476244ba4919,river
GLOB_NB_122,Pannicoessij|Puthenkurish,Puthenkurish,9.97734,76.41047,POINT (76.41047 9.97734),https://digitaalerfgoed.poolparty.biz/globalise/84767cdb-cabe-4384-9e51-faca2ae3b864,fort
GLOB_NB_123,Arranattoecarre|Aranattukara,Aranattukara,10.51214,76.19555,POINT (76.19555 10.51214),https://digitaalerfgoed.poolparty.biz/globalise/3b3d6413-3b1a-404a-8420-508cb215f917,agricultural centre
GLOB_NB_124,Manjapra|Manjapoeram,Manjapra,10.208333,76.452778,POINT (76.452778 10.208333),https://digitaalerfgoed.poolparty.biz/globalise/79dd26ba-f8df-4c5e-8783-27417a48fa99,inhabited place
GLOB_NB_125,Poolakutty|Poelengattij,Poolakutty,11.851225,75.772494,POINT (75.772494 11.851225),https://digitaalerfgoed.poolparty.biz/globalise/79dd26ba-f8df-4c5e-8783-27417a48fa99,inhabited place
GLOB_NB_126,Rampour Balia|Rampur (Ballia),Rampur (Ballia),25.75353,84.18529,POINT (84.18529 25.75353),https://digitaalerfgoed.poolparty.biz/globalise/79dd26ba-f8df-4c5e-8783-27417a48fa99,inhabited place
GLOB_NB_127,Janom|Yanam,Yanam,16.73308,82.21364,POINT (82.21364 16.73308),https://digitaalerfgoed.poolparty.biz/globalise/46724d25-aa94-4848-a8ca-17fe02b0db2b,settlement
GLOB_NB_128,Paltan|Palitana,Palitana,21.52519,71.82309,POINT (71.82309 21.52519),-,-
GLOB_NB_129,Pattoekotte|Pattukkottai,Pattukkottai,10.42358,79.31949,POINT (79.31949 10.42358),-,-
GLOB_NB_13,Kapuskhed|Tufset,Kapuskhed,-,-,POINT EMPTY,https://digitaalerfgoed.poolparty.biz/globalise/d4dafba3-2344-4f5a-a94d-ed988069d0e5,village
GLOB_NB_130,Wedarmium|Vedaraniyam,Vedaraniyam,10.37208,79.85095,POINT (79.85095 10.37208),-,-
GLOB_NB_131,Allandale|Alanthalai,Alanthalai,8.468889,78.097222,POINT (78.097222 8.468889),https://digitaalerfgoed.poolparty.biz/globalise/7f946cd2-9901-408a-ac12-355466c473c2,residentie
GLOB_NB_132,Virapandianpatnam|Wirandepatnam,Virapandianpatnam,8.533333,78.116667,POINT (78.116667 8.533333),https://digitaalerfgoed.poolparty.biz/globalise/d4dafba3-2344-4f5a-a94d-ed988069d0e5|https://digitaalerfgoed.poolparty.biz/globalise/954cae70-c7e6-4ee9-8273-73beabc3fc0b,coastal settlement|village
GLOB_NB_133,Poedoepaddie|Puduppadi,Puduppadi,12.86599,79.37431,POINT (79.37431 12.86599),-,-
GLOB_NB_134,Periapatnam|Periyapattinam,Periyapattinam,9.27263,78.90232,POINT (78.90232 9.27263),https://digitaalerfgoed.poolparty.biz/globalise/d4dafba3-2344-4f5a-a94d-ed988069d0e5|https://digitaalerfgoed.poolparty.biz/globalise/954cae70-c7e6-4ee9-8273-73beabc3fc0b,coastal settlement|village
GLOB_NB_135,Vedalai|Wedalij,Vedalai,9.26915,79.10726,POINT (79.10726 9.26915),https://digitaalerfgoed.poolparty.biz/globalise/954cae70-c7e6-4ee9-8273-73beabc3fc0b,coastal settlement
GLOB_NB_136,Thiruppalaikkudi|Tripalekoedij,Thiruppalaikkudi,9.54606,78.91721,POINT (78.91721 9.54606),https://digitaalerfgoed.poolparty.biz/globalise/954cae70-c7e6-4ee9-8273-73beabc3fc0b,coastal settlement
GLOB_NB_137,Pattanamarroedoer|Pattanamaradur,Pattanamaradur,-,-,POINT EMPTY,https://digitaalerfgoed.poolparty.biz/globalise/d4dafba3-2344-4f5a-a94d-ed988069d0e5|https://digitaalerfgoed.poolparty.biz/globalise/954cae70-c7e6-4ee9-8273-73beabc3fc0b|https://digitaalerfgoed.poolparty.biz/globalise/93a0b2c9-ad9a-4bab-8620-11b5c1e01f37,port|coastal settlement|village
GLOB_NB_138,Ammapatnam|Ammapattinam,Ammapattinam,10.01534,79.23137,POINT (79.23137 10.01534),https://digitaalerfgoed.poolparty.biz/globalise/954cae70-c7e6-4ee9-8273-73beabc3fc0b,coastal settlement
GLOB_NB_139,Arambolij|Aralvaimozhi,Aralvaimozhi,8.24962,77.52161,POINT (77.52161 8.24962),https://digitaalerfgoed.poolparty.biz/globalise/d4dafba3-2344-4f5a-a94d-ed988069d0e5,village
GLOB_NB_14,Veron|Urun,Urun,17.05,74.26667,POINT (74.26667 17.05),https://digitaalerfgoed.poolparty.biz/globalise/20d7cfe7-b3b1-4223-b2b4-d9f6ddb2e683,city
GLOB_NB_140,Wiervenaloer|Veeravanallur,Veeravanallur,8.69786,77.51916,POINT (77.51916 8.69786),https://digitaalerfgoed.poolparty.biz/globalise/29fa2331-f7d6-4c09-9490-3ccca1f51b53,textile centre
GLOB_NB_141,Kothamangalam|Coettamangalam,Kothamangalam,10.06435,76.62843,POINT (76.62843 10.06435),-,-
GLOB_NB_142,Cheranalloor|Cheranaloer,Cheranalloor,10.17282,76.47588,POINT (76.47588 10.17282),-,-
GLOB_NB_143,Kottanaloer|Kottanellur,Kottanellur,10.295833,76.243056,POINT (76.243056 10.295833),https://digitaalerfgoed.poolparty.biz/globalise/40217104-de46-42ed-80c8-480fac1f8706,district
GLOB_NB_144,Bellangaloer|Vellangallur,Vellangallur,10.316667,76.233333,POINT (76.233333 10.316667),https://digitaalerfgoed.poolparty.biz/globalise/1f1ed734-9e52-4cf7-a72a-34fd3ec58ab8,wasteland
GLOB_NB_145,Ambasamudram|Ambachamoetram,Ambasamudram,8.71068,77.4519,POINT (77.4519 8.71068),https://digitaalerfgoed.poolparty.biz/globalise/29fa2331-f7d6-4c09-9490-3ccca1f51b53,textile centre
GLOB_NB_146,Wagecoelam|Vagaikulam,Vagaikulam,8.72582,77.43963,POINT (77.43963 8.72582),https://digitaalerfgoed.poolparty.biz/globalise/29fa2331-f7d6-4c09-9490-3ccca1f51b53,textile centre
GLOB_NB_147,Tenkasi|Tengasie,Tenkasi,8.96003,77.31525,POINT (77.31525 8.96003),https://digitaalerfgoed.poolparty.biz/globalise/29fa2331-f7d6-4c09-9490-3ccca1f51b53,textile centre
GLOB_NB_148,Kistnapoeram|Krishnapuram,Krishnapuram,9.09219,77.34774,POINT (77.34774 9.09219),https://digitaalerfgoed.poolparty.biz/globalise/29fa2331-f7d6-4c09-9490-3ccca1f51b53,textile centre
GLOB_NB_149,Pudur|Poedoeoer,Pudur,9.00009,77.20756,POINT (77.20756 9.00009),https://digitaalerfgoed.poolparty.biz/globalise/29fa2331-f7d6-4c09-9490-3ccca1f51b53,textile centre
GLOB_NB_15,Walwa|Ballouwa,Walwa,17.02049,74.28073,POINT (74.28073 17.02049),https://digitaalerfgoed.poolparty.biz/globalise/20d7cfe7-b3b1-4223-b2b4-d9f6ddb2e683,city
GLOB_NB_150,Moecoerel|Mukkudal,Mukkudal,8.74312,77.5225,POINT (77.5225 8.74312),https://digitaalerfgoed.poolparty.biz/globalise/29fa2331-f7d6-4c09-9490-3ccca1f51b53,textile centre
GLOB_NB_151,Papacoerij|Pappakudi,Pappakudi,8.75203,77.50256,POINT (77.50256 8.75203),https://digitaalerfgoed.poolparty.biz/globalise/29fa2331-f7d6-4c09-9490-3ccca1f51b53,textile centre
GLOB_NB_152,Irrijkaal|Idaikal,Idaikal,9.03611,77.33686,POINT (77.33686 9.03611),https://digitaalerfgoed.poolparty.biz/globalise/29fa2331-f7d6-4c09-9490-3ccca1f51b53,textile centre
GLOB_NB_153,Kallerecoeritje|Kallidaikurichi,Kallidaikurichi,8.68591,77.46592,POINT (77.46592 8.68591),https://digitaalerfgoed.poolparty.biz/globalise/29fa2331-f7d6-4c09-9490-3ccca1f51b53,textile centre
GLOB_NB_154,Kalewe|Kalavai,Kalavai,12.77029,79.41999,POINT (79.41999 12.77029),https://digitaalerfgoed.poolparty.biz/globalise/06278cc4-0ec4-4376-b869-8c21bf507894,region
GLOB_NB_155,Trimangelan|Tirumangalam,Tirumangalam,11.97687,79.64626,POINT (79.64626 11.97687),https://digitaalerfgoed.poolparty.biz/globalise/d4dafba3-2344-4f5a-a94d-ed988069d0e5,village
GLOB_NB_156,Singampettai|Singepatte,Singampettai,11.59478,77.73416,POINT (77.73416 11.59478),https://digitaalerfgoed.poolparty.biz/globalise/8e41887e-0111-4667-b209-9d0da933b7d8,town
GLOB_NB_157,Desur|Desoer,Desur,12.43727,79.48145,POINT (79.48145 12.43727),https://digitaalerfgoed.poolparty.biz/globalise/84767cdb-cabe-4384-9e51-faca2ae3b864,fort
GLOB_NB_158,Thiruvilwamala|Tirrewilla malle,Thiruvilwamala,10.7,76.433333,POINT (76.433333 10.7),-,-
GLOB_NB_159,Coimbatour|Coimbetore|Coimbatore,Coimbatore,11.00555,76.96612,POINT (76.96612 11.00555),https://digitaalerfgoed.poolparty.biz/globalise/06278cc4-0ec4-4376-b869-8c21bf507894,region
GLOB_NB_16,Asta|Ashta,Ashta,16.94943,74.40936,POINT (74.40936 16.94943),https://digitaalerfgoed.poolparty.biz/globalise/20d7cfe7-b3b1-4223-b2b4-d9f6ddb2e683,city
GLOB_NB_160,Chittoer|Chittur (Kerala),Chittur (Kerala),10.69967,76.7471,POINT (76.7471 10.69967),https://digitaalerfgoed.poolparty.biz/globalise/ebf26f69-b692-437a-b6fa-2bb4ae0ae95b,polity
GLOB_NB_161,Otepararam|Ottapidaram,Ottapidaram,8.90754,78.02173,POINT (78.02173 8.90754),-,-
GLOB_NB_162,Hittearam|Ettaiyapuram,Ettaiyapuram,9.14405,77.99066,POINT (77.99066 9.14405),-,-
GLOB_NB_163,Paalvenatam|Palavanatham,Palavanatham,9.55303,78.00963,POINT (78.00963 9.55303),https://digitaalerfgoed.poolparty.biz/globalise/d4dafba3-2344-4f5a-a94d-ed988069d0e5,village
GLOB_NB_164,Manthoppu|Mantoop,Manthoppu,9.64785,78.03442,POINT (78.03442 9.64785),https://digitaalerfgoed.poolparty.biz/globalise/d4dafba3-2344-4f5a-a94d-ed988069d0e5,village
GLOB_NB_165,Sinkote|Shenkottai,Shenkottai,8.97741,77.24633,POINT (77.24633 8.97741),https://digitaalerfgoed.poolparty.biz/globalise/385fe473-cafc-4f17-9f72-cbecd4088e6b,gate
GLOB_NB_166,Radapuram|Radhapuram,Radhapuram,8.27044,77.68613,POINT (77.68613 8.27044),-,-
GLOB_NB_167,Eerwaddie|Eruvadi,Eruvadi,8.44393,77.60441,POINT (77.60441 8.44393),-,-
GLOB_NB_168,Kannenaloer|Kannanallur,Kannanallur,8.42333,77.68806,POINT (77.68806 8.42333),-,-
GLOB_NB_169,Sithoor |Sittoer Wisejapadie,Sithoor ,8.42333,77.68806,POINT (77.68806 8.42333),-,-
GLOB_NB_17,Mirisgie|Miraj|Mirrisgij|Merisgie,Miraj,16.82417,74.64663,POINT (74.64663 16.82417),https://digitaalerfgoed.poolparty.biz/globalise/20d7cfe7-b3b1-4223-b2b4-d9f6ddb2e683,city
GLOB_NB_170,Wisejanarajenam|Vijayanarayanam,Vijayanarayanam,8.4333,77.8,POINT (77.8 8.4333),-,-
GLOB_NB_171,Nanguneri|Naanganaserie,Nanguneri,8.49326,77.65806,POINT (77.65806 8.49326),-,-
GLOB_NB_172,Rajakkalmangalam|Rasagelmangalam,Rajakkalmangalam,8.44074,77.65352,POINT (77.65352 8.44074),-,-
GLOB_NB_173,Thiruvalathur|Tiroewallatoer,Thiruvalathur,10.743186,76.684592,POINT (76.684592 10.743186),https://digitaalerfgoed.poolparty.biz/globalise/02db354d-bbd0-4122-aa18-00d6fe8cba28,temple
GLOB_NB_174,Tarur|Taroernaddoe,Tarur,10.66987,76.46893,POINT (76.46893 10.66987),https://digitaalerfgoed.poolparty.biz/globalise/06278cc4-0ec4-4376-b869-8c21bf507894,region
GLOB_NB_175,Thirunavaya|Tiroewaaij,Thirunavaya,10.87459,75.98546,POINT (75.98546 10.87459),https://digitaalerfgoed.poolparty.biz/globalise/79dd26ba-f8df-4c5e-8783-27417a48fa99,inhabited place
GLOB_NB_176,Entjantoore|Entjajoe|Engandiyur|Engadoer,Engandiyur,10.50563,76.06555,POINT (76.06555 10.50563),https://digitaalerfgoed.poolparty.biz/globalise/d4dafba3-2344-4f5a-a94d-ed988069d0e5,village
GLOB_NB_176_GEO_1,Engandiyur (Island)|'t Eyland Entjantoore|Eyland Entjajoe,Engandiyur (Island),10.50563,76.06555,POINT (76.06555 10.50563),https://digitaalerfgoed.poolparty.biz/globalise/d8b4d9c6-11b3-430a-ba08-48eb1f3a8f56,island
GLOB_NB_177,Tiroewalloer|Thiruvallur (Kerala),Thiruvallur (Kerala),11.59885,75.667039,POINT (75.667039 11.59885),-,-
GLOB_NB_178,Tirroewaddhijse|Tiruvadi,Tiruvadi,11.76844,79.5718,POINT (79.5718 11.76844),https://digitaalerfgoed.poolparty.biz/globalise/c3217498-b2a6-4ef8-8ab9-086375145e08,mint
GLOB_NB_179,Manalurpettai|Mannelourpette,Manalurpettai,12.00788,79.09184,POINT (79.09184 12.00788),-,-
GLOB_NB_18,Arag|Areeq,Arag,16.82272,74.78996,POINT (74.78996 16.82272),https://digitaalerfgoed.poolparty.biz/globalise/20d7cfe7-b3b1-4223-b2b4-d9f6ddb2e683,city
GLOB_NB_180,Damalcherry pass|Damalcherij,Damalcherry pass,-,-,POINT EMPTY,https://digitaalerfgoed.poolparty.biz/globalise/cdf07528-613c-42be-8ba2-b1be048e919b,pass
GLOB_NB_181,Jagadevipalaiyam|Jaghadeeuw-doerkam,Jagadevipalaiyam,12.48691,78.31902,POINT (78.31902 12.48691),https://digitaalerfgoed.poolparty.biz/globalise/168b4dfb-083c-4c4b-9bc8-4a824da53f0b,mountain
GLOB_NB_182,Batacala|Bhatkal,Bhatkal,13.98534,74.55531,POINT (74.55531 13.98534),https://digitaalerfgoed.poolparty.biz/globalise/46724d25-aa94-4848-a8ca-17fe02b0db2b,settlement
GLOB_NB_183,Tattamangalam|Tattamangelon,Tattamangalam,10.68117,76.70516,POINT (76.70516 10.68117),https://digitaalerfgoed.poolparty.biz/globalise/79dd26ba-f8df-4c5e-8783-27417a48fa99,inhabited place
GLOB_NB_184,Kunissery|Connicheri,Kunissery,10.638889,76.593056,POINT (76.593056 10.638889),-,-
GLOB_NB_185,Paara Colongere|Parakkulangara,Parakkulangara,-,-,POINT EMPTY,-,-
GLOB_NB_186,Kalladikode|Kalladikotte,Kalladikode,10.89267,76.53803,POINT (76.53803 10.89267),https://digitaalerfgoed.poolparty.biz/globalise/168b4dfb-083c-4c4b-9bc8-4a824da53f0b,mountain
GLOB_NB_187,Hajipur|Hazepoor,Hajipur,22.82764,87.63611,POINT (87.63611 22.82764),https://digitaalerfgoed.poolparty.biz/globalise/40217104-de46-42ed-80c8-480fac1f8706,district
GLOB_NB_188,Ramgevenpoor|Ramjibanpur,Ramjibanpur,22.82815,87.60888,POINT (87.60888 22.82815),https://digitaalerfgoed.poolparty.biz/globalise/40217104-de46-42ed-80c8-480fac1f8706,district
GLOB_NB_189,Kurpoy|Khirpai,Khirpai,22.70996,87.61768,POINT (87.61768 22.70996),https://digitaalerfgoed.poolparty.biz/globalise/40217104-de46-42ed-80c8-480fac1f8706,district
GLOB_NB_19,Bedag|Berec,Bedag,16.82351,74.75672,POINT (74.75672 16.82351),https://digitaalerfgoed.poolparty.biz/globalise/20d7cfe7-b3b1-4223-b2b4-d9f6ddb2e683,city
GLOB_NB_190,Dewanganj|Dewan gunge,Dewanganj,24.06102,87.58808,POINT (87.58808 24.06102),https://digitaalerfgoed.poolparty.biz/globalise/40217104-de46-42ed-80c8-480fac1f8706,district
GLOB_NB_191,Tarputry|Tadipatri,Tadipatri,14.90832,78.01031,POINT (78.01031 14.90832),https://digitaalerfgoed.poolparty.biz/globalise/21562adf-ee89-4c49-a413-a7e939f9d3f0,taluk
GLOB_NB_192,Kanick girry|Kanakagiri,Kanakagiri,15.57006,76.41764,POINT (76.41764 15.57006),https://digitaalerfgoed.poolparty.biz/globalise/21562adf-ee89-4c49-a413-a7e939f9d3f0,taluk
GLOB_NB_193,Gajendragarh|Gujanderghur,Gajendragarh,15.73628,75.96976,POINT (75.96976 15.73628),https://digitaalerfgoed.poolparty.biz/globalise/21562adf-ee89-4c49-a413-a7e939f9d3f0,taluk
GLOB_NB_194,Shirhatti|Sirhitty,Shirhatti,15.23352,75.57996,POINT (75.57996 15.23352),https://digitaalerfgoed.poolparty.biz/globalise/21562adf-ee89-4c49-a413-a7e939f9d3f0,taluk
GLOB_NB_195,Gudduck|Gadag,Gadag,15.42977,75.62971,POINT (75.62971 15.42977),https://digitaalerfgoed.poolparty.biz/globalise/21562adf-ee89-4c49-a413-a7e939f9d3f0,taluk
GLOB_NB_196,Kitore|Kittur,Kittur,15.59589,74.79187,POINT (74.79187 15.59589),https://digitaalerfgoed.poolparty.biz/globalise/21562adf-ee89-4c49-a413-a7e939f9d3f0,taluk
GLOB_NB_197,Anegundi|Anogoondij,Anegundi,15.35104,76.49172,POINT (76.49172 15.35104),https://digitaalerfgoed.poolparty.biz/globalise/21562adf-ee89-4c49-a413-a7e939f9d3f0,taluk
GLOB_NB_198,Dammoor|Dammur,Dammur,15.93046,75.96245,POINT (75.96245 15.93046),https://digitaalerfgoed.poolparty.biz/globalise/21562adf-ee89-4c49-a413-a7e939f9d3f0,taluk
GLOB_NB_199,Havanur|Havanoor,Havanur,14.8645,75.69208,POINT (75.69208 14.8645),https://digitaalerfgoed.poolparty.biz/globalise/21562adf-ee89-4c49-a413-a7e939f9d3f0,taluk
GLOB_NB_2,Chiplun|Chipelon|Chipilon,Chiplun,17.53339,73.50935,POINT (73.50935 17.53339),https://digitaalerfgoed.poolparty.biz/globalise/d4dafba3-2344-4f5a-a94d-ed988069d0e5,village
GLOB_NB_20,Athani|Attenij|Atteni,Athani,16.72613,75.06421,POINT (75.06421 16.72613),https://digitaalerfgoed.poolparty.biz/globalise/20d7cfe7-b3b1-4223-b2b4-d9f6ddb2e683,city
GLOB_NB_200,Alipore|Alijpoer,Alipore,22.53195,88.32318,POINT (88.32318 22.53195),https://digitaalerfgoed.poolparty.biz/globalise/156e18b0-dee8-406e-8f32-7259a573d368,estate
GLOB_NB_201,Sulthanpoer|Sultanpur,Sultanpur,21.19594,72.83023,POINT (72.83023 21.19594),https://digitaalerfgoed.poolparty.biz/globalise/14321f35-fa9f-40a4-a4b5-5d9c0ea8b43a,quarter
GLOB_NB_202,Gendivie|Gandevi,Gandevi,20.81214,72.99811,POINT (72.99811 20.81214),https://digitaalerfgoed.poolparty.biz/globalise/954cae70-c7e6-4ee9-8273-73beabc3fc0b,coastal settlement
GLOB_NB_203,Jamboeser|Jambusar,Jambusar,22.05236,72.80074,POINT (72.80074 22.05236),https://digitaalerfgoed.poolparty.biz/globalise/29fa2331-f7d6-4c09-9490-3ccca1f51b53,textile centre
GLOB_NB_204,Bimpoer|Bhimpore,Bhimpore,21.0833,72.7333,POINT (72.7333 21.0833),https://digitaalerfgoed.poolparty.biz/globalise/954cae70-c7e6-4ee9-8273-73beabc3fc0b,coastal settlement
GLOB_NB_205,Balsar|Valsad,Valsad,20.61013,72.93428,POINT (72.93428 20.61013),https://digitaalerfgoed.poolparty.biz/globalise/954cae70-c7e6-4ee9-8273-73beabc3fc0b,coastal settlement
GLOB_NB_206,Bhagwanpur|Bagwanpoor,Bhagwanpur,25.85196,85.28899,POINT (85.28899 25.85196),-,-
GLOB_NB_207,Mohunpoer|Mohanpur,Mohanpur,21.83888,87.42565,POINT (87.42565 21.83888),https://digitaalerfgoed.poolparty.biz/globalise/29fa2331-f7d6-4c09-9490-3ccca1f51b53,textile centre
GLOB_NB_208,Jeggernaatpoer,-,-,-,POINT EMPTY,https://digitaalerfgoed.poolparty.biz/globalise/db80a209-840f-4014-a9b4-6d580b1c682a,aurung
GLOB_NB_209,Dadpur|Daadpoer,Dadpur,22.8931,88.5133,POINT (88.5133 22.8931),https://digitaalerfgoed.poolparty.biz/globalise/29fa2331-f7d6-4c09-9490-3ccca1f51b53,textile centre
GLOB_NB_21,Kumta|Comath,Kumta,14.42853,74.4189,POINT (74.4189 14.42853),-,-
GLOB_NB_210,Olmara,Olmara,-,-,POINT EMPTY,https://digitaalerfgoed.poolparty.biz/globalise/db80a209-840f-4014-a9b4-6d580b1c682a,aurung
GLOB_NB_211,Boerong|Burunda,Burunda,22.13204,87.84906,POINT (87.84906 22.13204),https://digitaalerfgoed.poolparty.biz/globalise/db80a209-840f-4014-a9b4-6d580b1c682a,aurung
GLOB_NB_212,Azimabaad|Azimabad,Azimabad,25.59408,85.13563,POINT (85.13563 25.59408),https://digitaalerfgoed.poolparty.biz/globalise/68bda668-ee17-4042-b35c-8a116d8720ba,pargana
GLOB_NB_213,Ichtiaarpoer|Akhtiyarpur,Akhtiyarpur,-,-,POINT EMPTY,https://digitaalerfgoed.poolparty.biz/globalise/68bda668-ee17-4042-b35c-8a116d8720ba,pargana
GLOB_NB_214,Amirabad|Amierabaad,Amirabad,-,-,POINT EMPTY,https://digitaalerfgoed.poolparty.biz/globalise/68bda668-ee17-4042-b35c-8a116d8720ba,pargana
GLOB_NB_215,Paikar|Peyken,Paikar,24.438889,87.911111,POINT (87.911111 24.438889),https://digitaalerfgoed.poolparty.biz/globalise/68bda668-ee17-4042-b35c-8a116d8720ba,pargana
GLOB_NB_216,Akbarpur|Akberpoer,Akbarpur,24.78463,85.54351,POINT (85.54351 24.78463),https://digitaalerfgoed.poolparty.biz/globalise/68bda668-ee17-4042-b35c-8a116d8720ba,pargana
GLOB_NB_217,Panchkula|Potsja kolla,Panchkula,23.357483,87.811297,POINT (87.811297 23.357483),https://digitaalerfgoed.poolparty.biz/globalise/68bda668-ee17-4042-b35c-8a116d8720ba,pargana
GLOB_NB_218,Shahpur Tewari|Sjahpoed,Shahpur Tewari,25.8897,85.19297,POINT (85.19297 25.8897),https://digitaalerfgoed.poolparty.biz/globalise/68bda668-ee17-4042-b35c-8a116d8720ba,pargana
GLOB_NB_219,Dhansagar|Decan Sagier,Dhansagar,22.35725,89.80147,POINT (89.80147 22.35725),https://digitaalerfgoed.poolparty.biz/globalise/68bda668-ee17-4042-b35c-8a116d8720ba,pargana
GLOB_NB_22,Tickota|Tikota,Tikota,16.84299,75.52126,POINT (75.52126 16.84299),https://digitaalerfgoed.poolparty.biz/globalise/20d7cfe7-b3b1-4223-b2b4-d9f6ddb2e683,city
GLOB_NB_220,Sjahnegger|Shahnagar,Shahnagar,26.1097,87.78072,POINT (87.78072 26.1097),https://digitaalerfgoed.poolparty.biz/globalise/68bda668-ee17-4042-b35c-8a116d8720ba,pargana
GLOB_NB_23,Neurenpour|Nauraspur (Karnataka),Nauraspur (Karnataka),-,-,POINT EMPTY,https://digitaalerfgoed.poolparty.biz/globalise/b5c00516-6e14-4b47-b6e3-35286ad7af3f,suburb
GLOB_NB_25,Diteaulij|Dicholi,Dicholi,15.6,73.5,POINT (73.5 15.6),https://digitaalerfgoed.poolparty.biz/globalise/6b2244e4-726a-46b6-bc6c-f1b86b42b6ba,political division
GLOB_NB_26,Aarne|Arani,Arani,12.66771,79.28529,POINT (79.28529 12.66771),https://digitaalerfgoed.poolparty.biz/globalise/84767cdb-cabe-4384-9e51-faca2ae3b864,fort
GLOB_NB_27,Olendoerpeet|Ulundurpet,Ulundurpet,11.69099,79.2873,POINT (79.2873 11.69099),https://digitaalerfgoed.poolparty.biz/globalise/d4dafba3-2344-4f5a-a94d-ed988069d0e5,village
GLOB_NB_278,Gwalior|Gualeer,Gwalior,26.22983,78.17337,POINT (78.17337 26.22983),https://digitaalerfgoed.poolparty.biz/globalise/84767cdb-cabe-4384-9e51-faca2ae3b864,fort
GLOB_NB_28,Zeijpakom|Seppakkam,Seppakkam,11.56073,79.13826,POINT (79.13826 11.56073),https://digitaalerfgoed.poolparty.biz/globalise/d4dafba3-2344-4f5a-a94d-ed988069d0e5,village
GLOB_NB_29,Waligond|Valikandapuram,Valikandapuram,11.31808,78.92103,POINT (78.92103 11.31808),https://digitaalerfgoed.poolparty.biz/globalise/6b2244e4-726a-46b6-bc6c-f1b86b42b6ba,political division
GLOB_NB_3,Kumbharli|Combaerle,Kumbharli,-,-,POINT EMPTY,https://digitaalerfgoed.poolparty.biz/globalise/d4dafba3-2344-4f5a-a94d-ed988069d0e5,village
GLOB_NB_30,Kaveripakkam|Kabrepaak,Kaveripakkam,12.49475,79.67453,POINT (79.67453 12.49475),https://digitaalerfgoed.poolparty.biz/globalise/20d7cfe7-b3b1-4223-b2b4-d9f6ddb2e683,city
GLOB_NB_31,Kudal|Caudael,Kudal,16.01148,73.68867,POINT (73.68867 16.01148),https://digitaalerfgoed.poolparty.biz/globalise/0e3137ad-bc4d-4da6-8ba3-f4fc5fe7058f,province
GLOB_NB_317,Honnowaere|Honwad,Honwad,16.80515,75.42067,POINT (75.42067 16.80515),https://digitaalerfgoed.poolparty.biz/globalise/d4dafba3-2344-4f5a-a94d-ed988069d0e5,village
GLOB_NB_318,Teelsenghe|Telsang,Telsang,16.79434,75.33932,POINT (75.33932 16.79434),https://digitaalerfgoed.poolparty.biz/globalise/20d7cfe7-b3b1-4223-b2b4-d9f6ddb2e683,city
GLOB_NB_319,Agger|Aigali,Aigali,16.77746,75.25326,POINT (75.25326 16.77746),https://digitaalerfgoed.poolparty.biz/globalise/d4dafba3-2344-4f5a-a94d-ed988069d0e5,village
GLOB_NB_32,Mirjan|Mirzee,Mirjan,14.49251,74.42554,POINT (74.42554 14.49251),https://digitaalerfgoed.poolparty.biz/globalise/84767cdb-cabe-4384-9e51-faca2ae3b864,fort
GLOB_NB_320,Bargie|Bardigie|Badachi,Badachi,16.73625,75.14943,POINT (75.14943 16.73625),https://digitaalerfgoed.poolparty.biz/globalise/d4dafba3-2344-4f5a-a94d-ed988069d0e5,village
GLOB_NB_321,Tanglij|Tangadi,Tangadi,-,-,POINT EMPTY,https://digitaalerfgoed.poolparty.biz/globalise/d4dafba3-2344-4f5a-a94d-ed988069d0e5,village
GLOB_NB_322,Agrani|Aggerij,Agrani,16.66149,74.96387,POINT (74.96387 16.66149),https://digitaalerfgoed.poolparty.biz/globalise/cf7cc49f-738b-48b0-80a7-476244ba4919,river
GLOB_NB_323,Erarij|Shinal,Shinal,-,-,POINT EMPTY,https://digitaalerfgoed.poolparty.biz/globalise/d4dafba3-2344-4f5a-a94d-ed988069d0e5,village
GLOB_NB_324,Samalkot,Samalkot,17.05675,82.17639,POINT (82.17639 17.05675),-,-
GLOB_NB_325,Bessewaar|Vijayawada,Vijayawada,16.50745,80.6466,POINT (80.6466 16.50745),-,-
GLOB_NB_326,Kokelmoer,-,-,-,POINT EMPTY,-,-
GLOB_NB_327,Edaiyur|Iddeoer,Edaiyur,12.56517,80.1777,POINT (80.1777 12.56517),https://digitaalerfgoed.poolparty.biz/globalise/d4dafba3-2344-4f5a-a94d-ed988069d0e5,village
GLOB_NB_328,Petlad|Pitlaet,Petlad,22.47681,72.79995,POINT (72.79995 22.47681),https://digitaalerfgoed.poolparty.biz/globalise/d4dafba3-2344-4f5a-a94d-ed988069d0e5,village
GLOB_NB_329,Sihor|Sioor,Sihor,21.71134,71.96179,POINT (71.96179 21.71134),https://digitaalerfgoed.poolparty.biz/globalise/d4dafba3-2344-4f5a-a94d-ed988069d0e5,village
GLOB_NB_330,Noerabaad|Nurabad,Nurabad,26.40409,78.06547,POINT (78.06547 26.40409),https://digitaalerfgoed.poolparty.biz/globalise/d4dafba3-2344-4f5a-a94d-ed988069d0e5,village
GLOB_NB_331,Kote ki Sarai|Kootekiserra,Kote ki Sarai,26.22983,78.17337,POINT (78.17337 26.22983),-,-
GLOB_NB_332,Casmeer,-,-,-,POINT EMPTY,https://digitaalerfgoed.poolparty.biz/globalise/06278cc4-0ec4-4376-b869-8c21bf507894,region
GLOB_NB_333,Moorai|Morar Nadi,Morar Nadi,26.39912,78.36297,POINT (78.36297 26.39912),https://digitaalerfgoed.poolparty.biz/globalise/cf7cc49f-738b-48b0-80a7-476244ba4919,river
GLOB_NB_334,Antrij|Antri,Antri,26.05804,78.21027,POINT (78.21027 26.05804),https://digitaalerfgoed.poolparty.biz/globalise/20d7cfe7-b3b1-4223-b2b4-d9f6ddb2e683,city
GLOB_NB_335,Mewat|Meewat,Mewat,27.62637,76.61759,POINT (76.61759 27.62637),https://digitaalerfgoed.poolparty.biz/globalise/6b2244e4-726a-46b6-bc6c-f1b86b42b6ba,political division
GLOB_NB_336,Loense Serra|Nonki Saray,Nonki Saray,25.89698,78.1292,POINT (78.1292 25.89698),-,-
GLOB_NB_337,Mogronie|Magroni,Magroni,25.70047,77.93492,POINT (77.93492 25.70047),-,-
GLOB_NB_338,Sjommel|Chambal,Chambal,26.49172,79.25059,POINT (79.25059 26.49172),https://digitaalerfgoed.poolparty.biz/globalise/cf7cc49f-738b-48b0-80a7-476244ba4919,river
GLOB_NB_339,Kalissient|Kali Sindh river,Kali Sindh river,24.02414,75.52215,POINT (75.52215 24.02414),https://digitaalerfgoed.poolparty.biz/globalise/cf7cc49f-738b-48b0-80a7-476244ba4919,river
GLOB_NB_34,Kundapura|Cundapoer,Kundapura,13.63126,74.6902,POINT (74.6902 13.63126),https://digitaalerfgoed.poolparty.biz/globalise/79dd26ba-f8df-4c5e-8783-27417a48fa99,inhabited place
GLOB_NB_340,Shahdaura|Sjadhoora,Shahdaura,24.62422,77.59341,POINT (77.59341 24.62422),https://digitaalerfgoed.poolparty.biz/globalise/d4dafba3-2344-4f5a-a94d-ed988069d0e5,village
GLOB_NB_341,Kaijtel|Kethan nadi,Kethan nadi,24.35708,78.14532,POINT (78.14532 24.35708),https://digitaalerfgoed.poolparty.biz/globalise/cf7cc49f-738b-48b0-80a7-476244ba4919,river
GLOB_NB_342,Pieplood,-,-,-,POINT EMPTY,https://digitaalerfgoed.poolparty.biz/globalise/d4dafba3-2344-4f5a-a94d-ed988069d0e5,village
GLOB_NB_343,Sarengpoer|Sarangpur,Sarangpur,23.56651,76.47306,POINT (76.47306 23.56651),https://digitaalerfgoed.poolparty.biz/globalise/20d7cfe7-b3b1-4223-b2b4-d9f6ddb2e683,city
GLOB_NB_344,Hattiaschera|Hatiyakhera,Hatiyakhera,23.63061,77.90785,POINT (77.90785 23.63061),https://digitaalerfgoed.poolparty.biz/globalise/d4dafba3-2344-4f5a-a94d-ed988069d0e5,village
GLOB_NB_345,Betwa|Paarwa,Betwa,25.91814,80.21417,POINT (80.21417 25.91814),https://digitaalerfgoed.poolparty.biz/globalise/cf7cc49f-738b-48b0-80a7-476244ba4919,river
GLOB_NB_346,Ujjain|Oedsjeen,Ujjain,23.18239,75.77643,POINT (75.77643 23.18239),https://digitaalerfgoed.poolparty.biz/globalise/20d7cfe7-b3b1-4223-b2b4-d9f6ddb2e683,city
GLOB_NB_347,Shajapur|Sjajeanpour,Shajapur,23.42637,76.27775,POINT (76.27775 23.42637),https://digitaalerfgoed.poolparty.biz/globalise/20d7cfe7-b3b1-4223-b2b4-d9f6ddb2e683,city
GLOB_NB_348,Kaytha|Kaijta,Kaytha,23.237,76.0189,POINT (76.0189 23.237),https://digitaalerfgoed.poolparty.biz/globalise/d4dafba3-2344-4f5a-a94d-ed988069d0e5,village
GLOB_NB_349,Channie|Chilar,Chilar,23.52819,76.25366,POINT (76.25366 23.52819),https://digitaalerfgoed.poolparty.biz/globalise/cf7cc49f-738b-48b0-80a7-476244ba4919,river
GLOB_NB_350,Seppra|Kshipra,Kshipra,23.91667,87.46667,POINT (87.46667 23.91667),https://digitaalerfgoed.poolparty.biz/globalise/cf7cc49f-738b-48b0-80a7-476244ba4919,river
GLOB_NB_36,Rairij|Raigad Fort,Raigad Fort,18.23408,73.44023,POINT (73.44023 18.23408),https://digitaalerfgoed.poolparty.biz/globalise/84767cdb-cabe-4384-9e51-faca2ae3b864,fort
GLOB_NB_37,Kolhapur|Colapoer|Colapour,Kolhapur,16.69563,74.23167,POINT (74.23167 16.69563),https://digitaalerfgoed.poolparty.biz/globalise/20d7cfe7-b3b1-4223-b2b4-d9f6ddb2e683,city
GLOB_NB_38,Solapoer|Solapour|Solapur,Solapur,17.67152,75.91044,POINT (75.91044 17.67152),https://digitaalerfgoed.poolparty.biz/globalise/20d7cfe7-b3b1-4223-b2b4-d9f6ddb2e683,city
GLOB_NB_39,Calberga|Kalaburagi,Kalaburagi,17.33583,76.83757,POINT (76.83757 17.33583),https://digitaalerfgoed.poolparty.biz/globalise/ebf26f69-b692-437a-b6fa-2bb4ae0ae95b,polity
GLOB_NB_4,Helevaecko|Helewarck|Helwak,Helwak,17.37553,73.73049,POINT (73.73049 17.37553),https://digitaalerfgoed.poolparty.biz/globalise/d4dafba3-2344-4f5a-a94d-ed988069d0e5,village
GLOB_NB_40,Soendoedoerga|Sindhudurg Fort,Sindhudurg Fort,16.041997,73.459859,POINT (73.459859 16.041997),https://digitaalerfgoed.poolparty.biz/globalise/84767cdb-cabe-4384-9e51-faca2ae3b864,fort
GLOB_NB_41,Ceitaper|Jaitapur,Jaitapur,16.62753,73.36597,POINT (73.36597 16.62753),https://digitaalerfgoed.poolparty.biz/globalise/93a0b2c9-ad9a-4bab-8620-11b5c1e01f37,port
GLOB_NB_42,Rasgar|Rajgad Fort,Rajgad Fort,18.245986,73.682193,POINT (73.682193 18.245986),https://digitaalerfgoed.poolparty.biz/globalise/84767cdb-cabe-4384-9e51-faca2ae3b864,fort
GLOB_NB_43,Rangana Fort|Rengena,Rangana Fort,-,-,POINT EMPTY,https://digitaalerfgoed.poolparty.biz/globalise/84767cdb-cabe-4384-9e51-faca2ae3b864,fort
GLOB_NB_44,Vishalgad|Kelna,Vishalgad,16.90823,73.74367,POINT (73.74367 16.90823),https://digitaalerfgoed.poolparty.biz/globalise/84767cdb-cabe-4384-9e51-faca2ae3b864,fort
GLOB_NB_45,Panhala|Pannela,Panhala,16.8121,74.11007,POINT (74.11007 16.8121),https://digitaalerfgoed.poolparty.biz/globalise/84767cdb-cabe-4384-9e51-faca2ae3b864,fort
GLOB_NB_46,Pratapagarij|Pratapgad,Pratapgad,17.95,73.5667,POINT (73.5667 17.95),https://digitaalerfgoed.poolparty.biz/globalise/84767cdb-cabe-4384-9e51-faca2ae3b864,fort
GLOB_NB_47,Angediva|Anjidiv Island|Angedivo,Anjidiv Island,14.75755,74.11167,POINT (74.11167 14.75755),https://digitaalerfgoed.poolparty.biz/globalise/d8b4d9c6-11b3-430a-ba08-48eb1f3a8f56,island
GLOB_NB_48,Ariyalur|Arrialoer,Ariyalur,11.13849,79.07556,POINT (79.07556 11.13849),https://digitaalerfgoed.poolparty.biz/globalise/20d7cfe7-b3b1-4223-b2b4-d9f6ddb2e683,city
GLOB_NB_49,Jhabua|Sjaboua,Jhabua,22.76772,74.59087,POINT (74.59087 22.76772),https://digitaalerfgoed.poolparty.biz/globalise/ebf26f69-b692-437a-b6fa-2bb4ae0ae95b,polity
GLOB_NB_5,Gattamatte|Ghatmatha,Ghatmatha,-,-,POINT EMPTY,https://digitaalerfgoed.poolparty.biz/globalise/d4dafba3-2344-4f5a-a94d-ed988069d0e5,village
GLOB_NB_50,Satara,Satara,17.68589,73.99333,POINT (73.99333 17.68589),https://digitaalerfgoed.poolparty.biz/globalise/2b007e6a-a299-413b-bc7f-51e69a9e1fab,capital
GLOB_NB_51,Kharepatan|Carepatam,Kharepatan,16.55843,73.61856,POINT (73.61856 16.55843),https://digitaalerfgoed.poolparty.biz/globalise/93a0b2c9-ad9a-4bab-8620-11b5c1e01f37,port
GLOB_NB_52,Nagpur|Neggepour,Nagpur,21.14631,79.08491,POINT (79.08491 21.14631),https://digitaalerfgoed.poolparty.biz/globalise/79dd26ba-f8df-4c5e-8783-27417a48fa99,inhabited place
GLOB_NB_53,Oetatoer|Ootathur|Oetaloer,Ootathur,11.07216,78.85593,POINT (78.85593 11.07216),-,-
GLOB_NB_54,Ponda,Ponda,15.40341,74.01519,POINT (74.01519 15.40341),https://digitaalerfgoed.poolparty.biz/globalise/84767cdb-cabe-4384-9e51-faca2ae3b864,fort
GLOB_NB_55,Bidder|Bidar,Bidar,17.90802,77.51524,POINT (77.51524 17.90802),https://digitaalerfgoed.poolparty.biz/globalise/20d7cfe7-b3b1-4223-b2b4-d9f6ddb2e683,city
GLOB_NB_56,Hubballi|Oublij,Hubballi,15.34776,75.13378,POINT (75.13378 15.34776),https://digitaalerfgoed.poolparty.biz/globalise/20d7cfe7-b3b1-4223-b2b4-d9f6ddb2e683,city
GLOB_NB_57,Bankapur|Bomcapoe|Banckpour,Bankapur,14.92295,75.26221,POINT (75.26221 14.92295),https://digitaalerfgoed.poolparty.biz/globalise/81582de8-b667-4ac8-a6b1-c4d21e1f0917,bazaar
GLOB_NB_58,Dindigul|Dindigal,Dindigul,10.36896,77.98036,POINT (77.98036 10.36896),-,-
GLOB_NB_59,Parenda|Paranda,Paranda,18.26321,75.46316,POINT (75.46316 18.26321),https://digitaalerfgoed.poolparty.biz/globalise/20d7cfe7-b3b1-4223-b2b4-d9f6ddb2e683,city
GLOB_NB_6,Weraed|Yerad,Yerad,17.363611,73.856,POINT (73.856 17.363611),https://digitaalerfgoed.poolparty.biz/globalise/d4dafba3-2344-4f5a-a94d-ed988069d0e5,village
GLOB_NB_60,Sanganer,Sanganer,26.8122,75.78309,POINT (75.78309 26.8122),https://digitaalerfgoed.poolparty.biz/globalise/20d7cfe7-b3b1-4223-b2b4-d9f6ddb2e683,city
GLOB_NB_61,Songer|Songadh,Songadh,21.14851,73.55662,POINT (73.55662 21.14851),https://digitaalerfgoed.poolparty.biz/globalise/84767cdb-cabe-4384-9e51-faca2ae3b864,fort
GLOB_NB_62,Ghogha|Goga,Ghogha,21.68813,72.2763,POINT (72.2763 21.68813),https://digitaalerfgoed.poolparty.biz/globalise/93a0b2c9-ad9a-4bab-8620-11b5c1e01f37,port
GLOB_NB_63,Mayiladuthurai|Majoeram,Mayiladuthurai,11.10354,79.655,POINT (79.655 11.10354),https://digitaalerfgoed.poolparty.biz/globalise/c3217498-b2a6-4ef8-8ab9-086375145e08,mint
GLOB_NB_64,Coembaconatoe|Kumbakonam|Coembeconan,Kumbakonam,10.96209,79.39124,POINT (79.39124 10.96209),-,-
GLOB_NB_65,Darasoerpette|Darasuram,Darasuram,10.9499,79.35607,POINT (79.35607 10.9499),https://digitaalerfgoed.poolparty.biz/globalise/81582de8-b667-4ac8-a6b1-c4d21e1f0917,bazaar
GLOB_NB_66,Sinhgad|Condana,Sinhgad,18.36505,73.75526,POINT (73.75526 18.36505),https://digitaalerfgoed.poolparty.biz/globalise/84767cdb-cabe-4384-9e51-faca2ae3b864,fort
GLOB_NB_67,Purandar Fort|Purandarij,Purandar Fort,18.283333,73.983333,POINT (73.983333 18.283333),https://digitaalerfgoed.poolparty.biz/globalise/84767cdb-cabe-4384-9e51-faca2ae3b864,fort
GLOB_NB_68,Thane|Tanna,Thane,19.19704,72.96355,POINT (72.96355 19.19704),https://digitaalerfgoed.poolparty.biz/globalise/84767cdb-cabe-4384-9e51-faca2ae3b864,fort
GLOB_NB_69,Ankola|Ancola,Ankola,14.66049,74.3047,POINT (74.3047 14.66049),https://digitaalerfgoed.poolparty.biz/globalise/84767cdb-cabe-4384-9e51-faca2ae3b864,fort
GLOB_NB_7,Koyna River|Coijna,Koyna River,17.29549,74.17548,POINT (74.17548 17.29549),https://digitaalerfgoed.poolparty.biz/globalise/cf7cc49f-738b-48b0-80a7-476244ba4919,river
GLOB_NB_70,Gangolli|Gangolij,Gangolli,13.65024,74.67072,POINT (74.67072 13.65024),https://digitaalerfgoed.poolparty.biz/globalise/20d7cfe7-b3b1-4223-b2b4-d9f6ddb2e683,city
GLOB_NB_71,Gooty|Goettij,Gooty,15.11836,77.63776,POINT (77.63776 15.11836),https://digitaalerfgoed.poolparty.biz/globalise/84767cdb-cabe-4384-9e51-faca2ae3b864,fort
GLOB_NB_72,Darwar|Dharwad,Dharwad,15.46005,75.00778,POINT (75.00778 15.46005),https://digitaalerfgoed.poolparty.biz/globalise/84767cdb-cabe-4384-9e51-faca2ae3b864,fort
GLOB_NB_73,Torgal|Torgola,Torgal,15.94458,75.22248,POINT (75.22248 15.94458),https://digitaalerfgoed.poolparty.biz/globalise/84767cdb-cabe-4384-9e51-faca2ae3b864,fort
GLOB_NB_74,Belagavi|Bellegam,Belagavi,15.85212,74.50447,POINT (74.50447 15.85212),https://digitaalerfgoed.poolparty.biz/globalise/84767cdb-cabe-4384-9e51-faca2ae3b864,fort
GLOB_NB_75,Mahipalgad|Maja Palegaer,Mahipalgad,-,-,POINT EMPTY,https://digitaalerfgoed.poolparty.biz/globalise/84767cdb-cabe-4384-9e51-faca2ae3b864,fort
GLOB_NB_76,Shrimantgad|Simanta,Shrimantgad,-,-,POINT EMPTY,https://digitaalerfgoed.poolparty.biz/globalise/84767cdb-cabe-4384-9e51-faca2ae3b864,fort
GLOB_NB_77,Walabo|Vallabhgad Fort,Vallabhgad Fort,-,-,POINT EMPTY,https://digitaalerfgoed.poolparty.biz/globalise/84767cdb-cabe-4384-9e51-faca2ae3b864,fort
GLOB_NB_78,Rasasa|Rajhansgad,Rajhansgad,-,-,POINT EMPTY,https://digitaalerfgoed.poolparty.biz/globalise/84767cdb-cabe-4384-9e51-faca2ae3b864,fort
GLOB_NB_79,Benares|Varanasi,Varanasi,25.31668,83.01041,POINT (83.01041 25.31668),https://digitaalerfgoed.poolparty.biz/globalise/20d7cfe7-b3b1-4223-b2b4-d9f6ddb2e683,city
GLOB_NB_8,Patan,Patan,17.37513,73.90143,POINT (73.90143 17.37513),-,-
GLOB_NB_80,Brindaban|Vrindavan,Vrindavan,27.58105,77.69662,POINT (77.69662 27.58105),-,-
GLOB_NB_81,Lecnouw|Lucknow,Lucknow,26.83928,80.92313,POINT (80.92313 26.83928),https://digitaalerfgoed.poolparty.biz/globalise/0e3137ad-bc4d-4da6-8ba3-f4fc5fe7058f,province
GLOB_NB_82,Medinipur|Medinapour,Medinipur,22.42114,87.32257,POINT (87.32257 22.42114),https://digitaalerfgoed.poolparty.biz/globalise/84767cdb-cabe-4384-9e51-faca2ae3b864,fortification
GLOB_NB_83,Camendroe|Kamandurg,Kamandurg,19.3825,72.95804,POINT (72.95804 19.3825),https://digitaalerfgoed.poolparty.biz/globalise/168b4dfb-083c-4c4b-9bc8-4a824da53f0b|https://digitaalerfgoed.poolparty.biz/globalise/84767cdb-cabe-4384-9e51-faca2ae3b864,mountain|fort
GLOB_NB_84,Adoni|Adawinne,Adoni,15.62788,77.27495,POINT (77.27495 15.62788),-,-
GLOB_NB_85,Ballapoer|Balapur,Balapur,17.31018,78.49969,POINT (78.49969 17.31018),-,-
GLOB_NB_86,Tiruvannamalai|Tieroenamale,Tiruvannamalai,12.22662,79.07461,POINT (79.07461 12.22662),-,-
GLOB_NB_87,Tripapoelij|Thirupathiripuliyur,Thirupathiripuliyur,11.75,79.733333,POINT (79.733333 11.75),-,-
GLOB_NB_88,Kitsna|Krishna River|Kistna,Krishna River,15.97981,80.89783,POINT (80.89783 15.97981),https://digitaalerfgoed.poolparty.biz/globalise/cf7cc49f-738b-48b0-80a7-476244ba4919,river
GLOB_NB_9,Karade|Karad,Karad,17.28937,74.18183,POINT (74.18183 17.28937),https://digitaalerfgoed.poolparty.biz/globalise/20d7cfe7-b3b1-4223-b2b4-d9f6ddb2e683,city
GLOB_NB_90,Faridabad|Ferieda abaad,Faridabad,28.41124,77.31316,POINT (77.31316 28.41124),-,-
GLOB_NB_91,Mattura|Mathura,Mathura,27.5035,77.67215,POINT (77.67215 27.5035),https://digitaalerfgoed.poolparty.biz/globalise/8e41887e-0111-4667-b209-9d0da933b7d8,town
GLOB_NB_92,Thiruvananthapuram|Tirawanandapoeram,Thiruvananthapuram,8.4855,76.94924,POINT (76.94924 8.4855),-,-
GLOB_NB_93,Moecoendapoeram|Mukundapuram,Mukundapuram,10.34238,76.21124,POINT (76.21124 10.34238),-,-
GLOB_NB_94,Kristnacotta|Krishnankotta,Krishnankotta,10.21135,76.226611,POINT (76.226611 10.21135),https://digitaalerfgoed.poolparty.biz/globalise/84767cdb-cabe-4384-9e51-faca2ae3b864,fort
GLOB_NB_95,Koeriapallie d: K: v: Trevancoer|Madaplathuruth |Coeriapoellij|Coeriapalij|Madaplathuruth|Koeriapalli,Madaplathuruth|Madaplathuruth ,10.18263|10.15,76.2|76.20273,POINT (76.20273 10.18263)|POINT (76.2 10.15),https://digitaalerfgoed.poolparty.biz/globalise/84767cdb-cabe-4384-9e51-faca2ae3b864,fort
GLOB_NB_95_HUM_1,Battery v. d. K. v. Trevancoer gent Coeriapoellij|Batterij van Coeriapalij|Madaplathuruth (Fortification),Madaplathuruth (Fortification),10.18263,76.20273,POINT (76.20273 10.18263),-,-
GLOB_NB_96,Ramachindrapoeram|Ramachandrapuram,Ramachandrapuram,16.83636,82.02871,POINT (82.02871 16.83636),https://digitaalerfgoed.poolparty.biz/globalise/0e3137ad-bc4d-4da6-8ba3-f4fc5fe7058f,province
GLOB_NB_97,Tindivanam|Tindiwannam,Tindivanam,12.234,79.65551,POINT (79.65551 12.234),https://digitaalerfgoed.poolparty.biz/globalise/06278cc4-0ec4-4376-b869-8c21bf507894,region
GLOB_NB_98,Kalapettai|Calapetta,Kalapettai,12.03133,79.86505,POINT (79.86505 12.03133),https://digitaalerfgoed.poolparty.biz/globalise/79dd26ba-f8df-4c5e-8783-27417a48fa99,inhabited place
GLOB_NB_99,Ichchapuram|Ietsapouram,Ichchapuram,19.11393,84.68721,POINT (84.68721 19.11393),-,-
GLOB_PY_1,fort Noordholland,fort Noordholland,25.1545,121.761,POINT (121.761 25.1545),https://digitaalerfgoed.poolparty.biz/globalise/84767cdb-cabe-4384-9e51-faca2ae3b864,fort
GLOB_PY_10,Sandiao Jiao|S. Jago|St. Jago,Sandiao Jiao,25.00926,122.00222,POINT (122.00222 25.00926),https://digitaalerfgoed.poolparty.biz/globalise/ea0cf4b3-3d82-4ff6-ad10-12e77f581218,cape
GLOB_PY_11,Pangsoya|Pangsoija|Pangsoja,Pangsoya,22.43547,120.51607,POINT (120.51607 22.43547),https://digitaalerfgoed.poolparty.biz/globalise/d4dafba3-2344-4f5a-a94d-ed988069d0e5,village
GLOB_PY_12,Dajia Xikou,Dajia Xikou,24.33139,120.54806,POINT (120.54806 24.33139),https://digitaalerfgoed.poolparty.biz/globalise/cf7cc49f-738b-48b0-80a7-476244ba4919,river
GLOB_PY_13,"Tayouan (bay, region)|Tajovan|tayowan|Teijouvan|taijowan|Tijowan|Tajowan","Tayouan (bay, region)",22.9898,120.16422,POINT (120.16422 22.9898),https://digitaalerfgoed.poolparty.biz/globalise/06278cc4-0ec4-4376-b869-8c21bf507894,region
GLOB_PY_14,Stad cong hay|港海,Stad cong hay,-,-,POINT EMPTY,-,-
GLOB_PY_15,Tansvij|Tumsuie|Gaoping Xi,Gaoping Xi,22.4798,120.4146,POINT (120.4146 22.4798),https://digitaalerfgoed.poolparty.biz/globalise/cf7cc49f-738b-48b0-80a7-476244ba4919,river
GLOB_PY_16,Tolloutoek|Tollentok|Dolatock|Dollatock,Dolatock,22.58758,120.57159,POINT (120.57159 22.58758),https://digitaalerfgoed.poolparty.biz/globalise/d4dafba3-2344-4f5a-a94d-ed988069d0e5,village
GLOB_PY_17,Beigang Xi|Rivier van Pondack,Beigang Xi,23.5701,120.30162,POINT (120.30162 23.5701),https://digitaalerfgoed.poolparty.biz/globalise/cf7cc49f-738b-48b0-80a7-476244ba4919,river
GLOB_PY_18,Kalowan,Kalowan,-,-,POINT EMPTY,https://digitaalerfgoed.poolparty.biz/globalise/bd0dfde6-0fb2-476b-ad5e-2f63ed7787ff,bay
GLOB_PY_19,Fort Provintia,Fort Provintia,22.9975,120.20281111,POINT (120.202811 22.9975),https://digitaalerfgoed.poolparty.biz/globalise/84767cdb-cabe-4384-9e51-faca2ae3b864,fort
GLOB_PY_2,Quemory|Dorp kemora,Quemory,25.12,121.74333,POINT (121.74333 25.12),https://digitaalerfgoed.poolparty.biz/globalise/d4dafba3-2344-4f5a-a94d-ed988069d0e5,village
GLOB_PY_20,Brouwershaven (Taiwan),Brouwershaven (Taiwan),-,-,POINT EMPTY,https://digitaalerfgoed.poolparty.biz/globalise/42bea596-3b26-4598-a894-5922ff137c7c,coast
GLOB_PY_21,Lan Yu|Bottol,Lan Yu,22.05111,121.54083,POINT (121.54083 22.05111),https://digitaalerfgoed.poolparty.biz/globalise/d8b4d9c6-11b3-430a-ba08-48eb1f3a8f56,island
GLOB_PY_22,I. Maurijsij|Sansana|Lyu Dao|Sanna Sanna,Lyu Dao,22.66208,121.49041,POINT (121.49041 22.66208),https://digitaalerfgoed.poolparty.biz/globalise/d8b4d9c6-11b3-430a-ba08-48eb1f3a8f56,island
GLOB_PY_23,Liwu Xi,Liwu Xi,24.13993,121.66435,POINT (121.66435 24.13993),https://digitaalerfgoed.poolparty.biz/globalise/cf7cc49f-738b-48b0-80a7-476244ba4919,river
GLOB_PY_24,Su'ao|Bay St. Laurens|Baai St. Laurens,Su'ao,24.59559,121.85219,POINT (121.85219 24.59559),https://digitaalerfgoed.poolparty.biz/globalise/bd0dfde6-0fb2-476b-ad5e-2f63ed7787ff,bay
GLOB_PY_25,Gout Rivier|Goude Riv.|Hualien Xi,Hualien Xi,23.94361,121.60778,POINT (121.60778 23.94361),https://digitaalerfgoed.poolparty.biz/globalise/cf7cc49f-738b-48b0-80a7-476244ba4919,river
GLOB_PY_26,Sanzhan Xi,Sanzhan Xi,24.17833,121.47556,POINT (121.47556 24.17833),https://digitaalerfgoed.poolparty.biz/globalise/cf7cc49f-738b-48b0-80a7-476244ba4919,river
GLOB_PY_27,Siwkolan Xi,Siwkolan Xi,23.46208,121.50146,POINT (121.50146 23.46208),https://digitaalerfgoed.poolparty.biz/globalise/cf7cc49f-738b-48b0-80a7-476244ba4919,river
GLOB_PY_28,Tavalij|Tamebaly|Tamijbalij|Taimali,Taimali,22.6125,121.00444,POINT (121.00444 22.6125),https://digitaalerfgoed.poolparty.biz/globalise/d4dafba3-2344-4f5a-a94d-ed988069d0e5,village
GLOB_PY_29,Sanxiantai|Meuwen eijlande,Sanxiantai,23.12234,121.40689,POINT (121.40689 23.12234),-,-
GLOB_PY_3,Duyvels hock|Yehliu|Duijvels hock|Caap Diable,Yehliu,25.20413,121.68831,POINT (121.68831 25.20413),https://digitaalerfgoed.poolparty.biz/globalise/ea0cf4b3-3d82-4ff6-ad10-12e77f581218,cape
GLOB_PY_30,Baij van Houtausouw|Futou Wan,Futou Wan,23.88528,117.69722,POINT (117.69722 23.88528),https://digitaalerfgoed.poolparty.biz/globalise/bd0dfde6-0fb2-476b-ad5e-2f63ed7787ff,bay
GLOB_PY_31,Pinghai Wan (Guangdong)|Haarlems baij,Pinghai Wan (Guangdong),22.57081,114.83844,POINT (114.83844 22.57081),https://digitaalerfgoed.poolparty.biz/globalise/bd0dfde6-0fb2-476b-ad5e-2f63ed7787ff,bay
GLOB_PY_32,de vissers baeij|de Haens baeij|Jockan|de vissers caep,Jockan,22.78472,120.2475,POINT (120.2475 22.78472),https://digitaalerfgoed.poolparty.biz/globalise/1db49a35-5b65-406c-bd1e-6c56d5b649b9|https://digitaalerfgoed.poolparty.biz/globalise/93a0b2c9-ad9a-4bab-8620-11b5c1e01f37,port|channel
GLOB_PY_33,Luermen|Lacjemoie|Lacjemue,Lacjemue,23.04649,120.09232,POINT (120.09232 23.04649),https://digitaalerfgoed.poolparty.biz/globalise/1db49a35-5b65-406c-bd1e-6c56d5b649b9,channel
GLOB_PY_34,"Victoria, redoubt (Taiwan)","Victoria, redoubt (Taiwan)",25.15818,121.76583,POINT (121.76583 25.15818),https://digitaalerfgoed.poolparty.biz/globalise/84767cdb-cabe-4384-9e51-faca2ae3b864,fort
GLOB_PY_35,Zeeburg (Taiwan),Zeeburg (Taiwan),23.020395,120.135285,POINT (120.135285 23.020395),https://digitaalerfgoed.poolparty.biz/globalise/84767cdb-cabe-4384-9e51-faca2ae3b864,fort
GLOB_PY_36,Sanye Gong Xi|Soute Riever,Sanye Gong Xi,22.92139,120.1925,POINT (120.1925 22.92139),https://digitaalerfgoed.poolparty.biz/globalise/cf7cc49f-738b-48b0-80a7-476244ba4919,river
GLOB_PY_37,Erren Xi|Varse Riv.|Verse Riever,Erren Xi,22.9125,120.17611,POINT (120.17611 22.9125),https://digitaalerfgoed.poolparty.biz/globalise/cf7cc49f-738b-48b0-80a7-476244ba4919,river
GLOB_PY_38,Banser|Bangsoor,Bangsoor,22.05,120.83333,POINT (120.83333 22.05),https://digitaalerfgoed.poolparty.biz/globalise/d4dafba3-2344-4f5a-a94d-ed988069d0e5,village
GLOB_PY_39,Metsaer|Matsar|Matsaer,Matsar,22.15,120.8,POINT (120.8 22.15),https://digitaalerfgoed.poolparty.biz/globalise/d4dafba3-2344-4f5a-a94d-ed988069d0e5,village
GLOB_PY_4,Zeelandia (city)|stad Zelandia,Zeelandia (city),23.001944,120.1625,POINT (120.1625 23.001944),https://digitaalerfgoed.poolparty.biz/globalise/20d7cfe7-b3b1-4223-b2b4-d9f6ddb2e683,city
GLOB_PY_5,Tamsui He,Tamsui He,25.17252,121.42072,POINT (121.42072 25.17252),https://digitaalerfgoed.poolparty.biz/globalise/cf7cc49f-738b-48b0-80a7-476244ba4919,river
GLOB_PY_50,Eluanbi|Suijt Caep,Eluanbi,21.90389,120.85222,POINT (120.85222 21.90389),https://digitaalerfgoed.poolparty.biz/globalise/ea0cf4b3-3d82-4ff6-ad10-12e77f581218,cape
GLOB_PY_51,Caep de Hoope|Bitou Jiao,Bitou Jiao,25.13167,121.92389,POINT (121.92389 25.13167),https://digitaalerfgoed.poolparty.biz/globalise/50310cac-a6c2-4e9d-9162-ebaa073a9835,point
GLOB_PY_52,Noort Caep|Fugui Jiao,Fugui Jiao,25.29967,121.53691,POINT (121.53691 25.29967),https://digitaalerfgoed.poolparty.biz/globalise/ea0cf4b3-3d82-4ff6-ad10-12e77f581218,cape
GLOB_PY_53,Vissers eijlt.|Xiyu,Xiyu,23.60583,119.5125,POINT (119.5125 23.60583),https://digitaalerfgoed.poolparty.biz/globalise/d8b4d9c6-11b3-430a-ba08-48eb1f3a8f56,island
GLOB_PY_54,Girim|Zant Hoek|Erlin,Erlin,23.90054,120.3689,POINT (120.3689 23.90054),https://digitaalerfgoed.poolparty.biz/globalise/d4dafba3-2344-4f5a-a94d-ed988069d0e5,village
GLOB_PY_55,Apen bergh|Shou Shan,Shou Shan,22.64806,120.2625,POINT (120.2625 22.64806),https://digitaalerfgoed.poolparty.biz/globalise/168b4dfb-083c-4c4b-9bc8-4a824da53f0b,mountain
GLOB_PY_56,Verraders of Moordenaars R.|Moordadige Riever|Jiangjun Xi,Jiangjun Xi,23.2275,120.09778,POINT (120.09778 23.2275),-,-
GLOB_PY_6,Pinbae|Pinamba|Pimaba,Pimaba,22.88361,121.04833,POINT (121.04833 22.88361),https://digitaalerfgoed.poolparty.biz/globalise/d4dafba3-2344-4f5a-a94d-ed988069d0e5,village
GLOB_PY_7,Keelung|quelang|Kelang (region)|Quelangh|Jilong|Kelangh|基隆|Chilung,Kelang (region),25.13089,121.74094,POINT (121.74094 25.13089),https://digitaalerfgoed.poolparty.biz/globalise/06278cc4-0ec4-4376-b869-8c21bf507894,region
GLOB_PY_8,Yanshuei Xi|Sincans Riv.|R. Singkan,Yanshuei Xi,23.36151,120.14667,POINT (120.14667 23.36151),https://digitaalerfgoed.poolparty.biz/globalise/cf7cc49f-738b-48b0-80a7-476244ba4919,river
GLOB_RT_1,Losarang|Lassarang,Losarang,-6.39583,108.16806,POINT (108.16806 -6.39583),https://digitaalerfgoed.poolparty.biz/globalise/d4dafba3-2344-4f5a-a94d-ed988069d0e5,village
GLOB_RT_10,R. Lossary|Ci Sanggarung,Ci Sanggarung,-6.8027,108.8255,POINT (108.8255 -6.8027),https://digitaalerfgoed.poolparty.biz/globalise/cf7cc49f-738b-48b0-80a7-476244ba4919,river
GLOB_RT_100,R. Gnoek|Kali Genuk,Kali Genuk,-7.0787,110.3099,POINT (110.3099 -7.0787),https://digitaalerfgoed.poolparty.biz/globalise/cf7cc49f-738b-48b0-80a7-476244ba4919,river
GLOB_RT_101,R. Wodang|Kali Wedung,Kali Wedung,-6.7966,110.6108,POINT (110.6108 -6.7966),https://digitaalerfgoed.poolparty.biz/globalise/cf7cc49f-738b-48b0-80a7-476244ba4919,river
GLOB_RT_103,Songi Damac|Kali Tuntang,Kali Tuntang,-6.8493,110.5825,POINT (110.5825 -6.8493),https://digitaalerfgoed.poolparty.biz/globalise/cf7cc49f-738b-48b0-80a7-476244ba4919,river
GLOB_RT_104,Kali Sayung|R. Sajong,Kali Sayung,-6.9219,110.476,POINT (110.476 -6.9219),https://digitaalerfgoed.poolparty.biz/globalise/cf7cc49f-738b-48b0-80a7-476244ba4919,river
GLOB_RT_105,R. Gomoeloc|Kali Gemulak,Kali Gemulak,-6.91972,110.535,POINT (110.535 -6.91972),https://digitaalerfgoed.poolparty.biz/globalise/cf7cc49f-738b-48b0-80a7-476244ba4919,river
GLOB_RT_106,R. Toedoenang|Kali Serang,Kali Serang,-6.7055,110.6159,POINT (110.6159 -6.7055),https://digitaalerfgoed.poolparty.biz/globalise/cf7cc49f-738b-48b0-80a7-476244ba4919,river
GLOB_RT_107,Kali Brajan|R. Brajan,Kali Brajan,-,-,POINT EMPTY,https://digitaalerfgoed.poolparty.biz/globalise/cf7cc49f-738b-48b0-80a7-476244ba4919,river
GLOB_RT_108,Ujung Bugel|Oedj. Ponoc,Ujung Bugel,-6.5326,110.6652,POINT (110.6652 -6.5326),https://digitaalerfgoed.poolparty.biz/globalise/50310cac-a6c2-4e9d-9162-ebaa073a9835,point
GLOB_RT_109,R. Jawana|Kali Juwana,Kali Juwana,-6.6691,111.1849,POINT (111.1849 -6.6691),https://digitaalerfgoed.poolparty.biz/globalise/cf7cc49f-738b-48b0-80a7-476244ba4919,river
GLOB_RT_11,H. Indramaja|Tanjung Indramayu,Tanjung Indramayu,-6.245,108.29472,POINT (108.29472 -6.245),https://digitaalerfgoed.poolparty.biz/globalise/50310cac-a6c2-4e9d-9162-ebaa073a9835,point
GLOB_RT_110,Kali Karanggeneng|R. Rembang,Kali Karanggeneng,-6.7023,111.3327,POINT (111.3327 -6.7023),https://digitaalerfgoed.poolparty.biz/globalise/cf7cc49f-738b-48b0-80a7-476244ba4919,river
GLOB_RT_111,Kabongan Kidul|Caboenan,Kabongan Kidul,-6.7081,111.358,POINT (111.358 -6.7081),https://digitaalerfgoed.poolparty.biz/globalise/46724d25-aa94-4848-a8ca-17fe02b0db2b,settlement
GLOB_RT_112,Nyamplung|Samplon,Nyamplung,-6.6312,111.5022,POINT (111.5022 -6.6312),https://digitaalerfgoed.poolparty.biz/globalise/46724d25-aa94-4848-a8ca-17fe02b0db2b,settlement
GLOB_RT_113,Palidanan|Pandangan Kulon,Pandangan Kulon,-6.6669,111.589,POINT (111.589 -6.6669),https://digitaalerfgoed.poolparty.biz/globalise/46724d25-aa94-4848-a8ca-17fe02b0db2b,settlement
GLOB_RT_114,Tanjoenan|Tanjungan (Rembang),Tanjungan (Rembang),-6.7082,111.6356,POINT (111.6356 -6.7082),https://digitaalerfgoed.poolparty.biz/globalise/cf7cc49f-738b-48b0-80a7-476244ba4919,river
GLOB_RT_115,Cabloeran|Kebloran,Kebloran,-6.7065,111.6346,POINT (111.6346 -6.7065),https://digitaalerfgoed.poolparty.biz/globalise/d4dafba3-2344-4f5a-a94d-ed988069d0e5,village
GLOB_RT_116,Palawanan|Plawangan,Plawangan,-6.6741,111.5942,POINT (111.5942 -6.6741),https://digitaalerfgoed.poolparty.biz/globalise/46724d25-aa94-4848-a8ca-17fe02b0db2b,settlement
GLOB_RT_117,Kragan|Marragan,Kragan,-6.6897,111.6125,POINT (111.6125 -6.6897),https://digitaalerfgoed.poolparty.biz/globalise/d4dafba3-2344-4f5a-a94d-ed988069d0e5,village
GLOB_RT_118,Sarang|Saram,Sarang,-6.77194,111.62833,POINT (111.62833 -6.77194),https://digitaalerfgoed.poolparty.biz/globalise/46724d25-aa94-4848-a8ca-17fe02b0db2b,settlement
GLOB_RT_119,Bancar|Bantjar,Bancar,-6.7827,111.7808,POINT (111.7808 -6.7827),https://digitaalerfgoed.poolparty.biz/globalise/46724d25-aa94-4848-a8ca-17fe02b0db2b,settlement
GLOB_RT_12,Padjalang|Pekalangan,Pekalangan,-6.7172,108.5636,POINT (108.5636 -6.7172),https://digitaalerfgoed.poolparty.biz/globalise/d4dafba3-2344-4f5a-a94d-ed988069d0e5,village
GLOB_RT_120,Parnabeu|Perbon,Perbon,-6.88611,112.03333,POINT (112.03333 -6.88611),https://digitaalerfgoed.poolparty.biz/globalise/d4dafba3-2344-4f5a-a94d-ed988069d0e5,village
GLOB_RT_121,Jenoe Jeroedje|Jenu,Jenu,-6.83333,111.98333,POINT (111.98333 -6.83333),https://digitaalerfgoed.poolparty.biz/globalise/46724d25-aa94-4848-a8ca-17fe02b0db2b,settlement
GLOB_RT_122,Kenanti|Kinanty,Kenanti,-6.8023,111.8492,POINT (111.8492 -6.8023),https://digitaalerfgoed.poolparty.biz/globalise/d4dafba3-2344-4f5a-a94d-ed988069d0e5,village
GLOB_RT_123,Vagadon|Gadon,Gadon,-6.80278,111.82889,POINT (111.82889 -6.80278),https://digitaalerfgoed.poolparty.biz/globalise/d4dafba3-2344-4f5a-a94d-ed988069d0e5,village
GLOB_RT_124,Klutuk|Loetoe,Klutuk,-6.8184,111.8387,POINT (111.8387 -6.8184),https://digitaalerfgoed.poolparty.biz/globalise/d4dafba3-2344-4f5a-a94d-ed988069d0e5,village
GLOB_RT_125,Jagers Boomen,Jagers Boomen,-,-,POINT EMPTY,https://digitaalerfgoed.poolparty.biz/globalise/bd9b557c-ba1e-46c7-b3cf-06a24065062a,forest
GLOB_RT_126,Lydajoe|Sedayulawas,Sedayulawas,-6.88,112.2726,POINT (112.2726 -6.88),https://digitaalerfgoed.poolparty.biz/globalise/46724d25-aa94-4848-a8ca-17fe02b0db2b,settlement
GLOB_RT_127,Brondong|Brendan,Brondong,-6.877,112.2915,POINT (112.2915 -6.877),https://digitaalerfgoed.poolparty.biz/globalise/d4dafba3-2344-4f5a-a94d-ed988069d0e5,village
GLOB_RT_128,Arosbaya|Arisbaja,Arosbaya,-6.9442,112.839,POINT (112.839 -6.9442),https://digitaalerfgoed.poolparty.biz/globalise/20d7cfe7-b3b1-4223-b2b4-d9f6ddb2e683,city
GLOB_RT_129,Zootia|Socah,Socah,-7.0913,112.7079,POINT (112.7079 -7.0913),https://digitaalerfgoed.poolparty.biz/globalise/d4dafba3-2344-4f5a-a94d-ed988069d0e5,village
GLOB_RT_13,Fort de Beschermingh|Oude Fort,Fort de Beschermingh,-6.746968,108.594249,POINT (108.594249 -6.746968),https://digitaalerfgoed.poolparty.biz/globalise/84767cdb-cabe-4384-9e51-faca2ae3b864,fort
GLOB_RT_130,Kamal|Camaal,Kamal,-7.16778,112.71917,POINT (112.71917 -7.16778),https://digitaalerfgoed.poolparty.biz/globalise/d4dafba3-2344-4f5a-a94d-ed988069d0e5,village
GLOB_RT_131,Quanjer|Kwanyar,Kwanyar,-7.16111,112.85583,POINT (112.85583 -7.16111),https://digitaalerfgoed.poolparty.biz/globalise/d1f592cd-dec1-4f42-bb73-930ce816dfaf,landschap
GLOB_RT_132,Sukolilo |Soucalela,Sukolilo ,-7.1572,112.80189,POINT (112.80189 -7.1572),https://digitaalerfgoed.poolparty.biz/globalise/d4dafba3-2344-4f5a-a94d-ed988069d0e5,village
GLOB_RT_133,Carang Leyer|Batu Layar,Batu Layar,-7.03222,112.70722,POINT (112.70722 -7.03222),https://digitaalerfgoed.poolparty.biz/globalise/d4dafba3-2344-4f5a-a94d-ed988069d0e5,village
GLOB_RT_134,Karang Jamuang|Po. Panjannuca,Karang Jamuang,-6.9276,112.72984,POINT (112.72984 -6.9276),https://digitaalerfgoed.poolparty.biz/globalise/d8b4d9c6-11b3-430a-ba08-48eb1f3a8f56,island
GLOB_RT_135,Zedikarry|Sidokare,Sidokare,-7.4589,112.711,POINT (112.711 -7.4589),https://digitaalerfgoed.poolparty.biz/globalise/46724d25-aa94-4848-a8ca-17fe02b0db2b,settlement
GLOB_RT_136,Kemantren|Camantrin,Kemantren,-6.8753,112.403,POINT (112.403 -6.8753),https://digitaalerfgoed.poolparty.biz/globalise/46724d25-aa94-4848-a8ca-17fe02b0db2b,settlement
GLOB_RT_137,Waroe|Weru,Weru,-6.8801,112.4509,POINT (112.4509 -6.8801),https://digitaalerfgoed.poolparty.biz/globalise/d4dafba3-2344-4f5a-a94d-ed988069d0e5,village
GLOB_RT_138,D' Negery Panka|Pangka,Pangka,-6.9125,112.55361,POINT (112.55361 -6.9125),https://digitaalerfgoed.poolparty.biz/globalise/46724d25-aa94-4848-a8ca-17fe02b0db2b,settlement
GLOB_RT_139,Tanjungan (Bangkalan)|D' Buffels,Tanjungan (Bangkalan),-7.15556,112.69361,POINT (112.69361 -7.15556),https://digitaalerfgoed.poolparty.biz/globalise/ea0cf4b3-3d82-4ff6-ad10-12e77f581218,cape
GLOB_RT_14,Songi Jappoerae|Sungai Japura (Cimanis),Sungai Japura (Cimanis),-6.8027,108.6365,POINT (108.6365 -6.8027),https://digitaalerfgoed.poolparty.biz/globalise/cf7cc49f-738b-48b0-80a7-476244ba4919,river
GLOB_RT_140,R. Brebos|Kali Pemali,Kali Pemali,-6.7673,109.0632,POINT (109.0632 -6.7673),-,-
GLOB_RT_141,Kali Lewean|R. Awin,Kali Lewean,-6.86617,112.53189,POINT (112.53189 -6.86617),https://digitaalerfgoed.poolparty.biz/globalise/cf7cc49f-738b-48b0-80a7-476244ba4919,river
GLOB_RT_142,R. Badantin|Sungai Bedanten,Sungai Bedanten,-7.0549,112.5861,POINT (112.5861 -7.0549),https://digitaalerfgoed.poolparty.biz/globalise/cf7cc49f-738b-48b0-80a7-476244ba4919,river
GLOB_RT_143,Gambong|Gembong,Gembong,-7.6275,112.9197,POINT (112.9197 -7.6275),https://digitaalerfgoed.poolparty.biz/globalise/20d7cfe7-b3b1-4223-b2b4-d9f6ddb2e683,city
GLOB_RT_144,Gerongan|Garonda,Gerongan,-7.6065,112.8494,POINT (112.8494 -7.6065),https://digitaalerfgoed.poolparty.biz/globalise/46724d25-aa94-4848-a8ca-17fe02b0db2b,settlement
GLOB_RT_145,Kalialo|Calialoo,Kalialo,-7.5105,112.8241,POINT (112.8241 -7.5105),https://digitaalerfgoed.poolparty.biz/globalise/cf7cc49f-738b-48b0-80a7-476244ba4919,river
GLOB_RT_146,Kapetingan|Pakatingan,Kapetingan,-7.47944,112.81278,POINT (112.81278 -7.47944),https://digitaalerfgoed.poolparty.biz/globalise/46724d25-aa94-4848-a8ca-17fe02b0db2b,settlement
GLOB_RT_147,Penanggungan|Pannangoenang,Penanggungan,-7.6552,113.0062,POINT (113.0062 -7.6552),https://digitaalerfgoed.poolparty.biz/globalise/168b4dfb-083c-4c4b-9bc8-4a824da53f0b,mountain
GLOB_RT_148,Zydapurnae|Sidopurno,Sidopurno,-7.4207,112.706,POINT (112.706 -7.4207),https://digitaalerfgoed.poolparty.biz/globalise/46724d25-aa94-4848-a8ca-17fe02b0db2b,settlement
GLOB_RT_149,Bokore|Kali Bokor,Kali Bokor,-7.2727,112.8181,POINT (112.8181 -7.2727),https://digitaalerfgoed.poolparty.biz/globalise/cf7cc49f-738b-48b0-80a7-476244ba4919,river
GLOB_RT_15,Karanganyar (Tegal)|Carananjer,Karanganyar (Tegal),-7.12833,108.9675,POINT (108.9675 -7.12833),https://digitaalerfgoed.poolparty.biz/globalise/46724d25-aa94-4848-a8ca-17fe02b0db2b,settlement
GLOB_RT_150,Kali Anak|R. Annac,Kali Anak,-7.22167,112.705,POINT (112.705 -7.22167),https://digitaalerfgoed.poolparty.biz/globalise/cf7cc49f-738b-48b0-80a7-476244ba4919,river
GLOB_RT_151,Lammonje|Lamong,Lamong,-7.1932,112.6625,POINT (112.6625 -7.1932),https://digitaalerfgoed.poolparty.biz/globalise/cf7cc49f-738b-48b0-80a7-476244ba4919,river
GLOB_RT_152,Keputih|Pourte,Keputih,-7.2821,112.8025,POINT (112.8025 -7.2821),https://digitaalerfgoed.poolparty.biz/globalise/d4dafba3-2344-4f5a-a94d-ed988069d0e5,village
GLOB_RT_153,Gourientrin|Dukuh Setro,Dukuh Setro,-7.23778,112.77833,POINT (112.77833 -7.23778),https://digitaalerfgoed.poolparty.biz/globalise/cf7cc49f-738b-48b0-80a7-476244ba4919,river
GLOB_RT_154,Majaya|Madjaja,Majaya,-,-,POINT EMPTY,https://digitaalerfgoed.poolparty.biz/globalise/d4dafba3-2344-4f5a-a94d-ed988069d0e5,village
GLOB_RT_155,Calywaton|Kaliwatu,Kaliwatu,-,-,POINT EMPTY,https://digitaalerfgoed.poolparty.biz/globalise/cf7cc49f-738b-48b0-80a7-476244ba4919,river
GLOB_RT_156,Plo. Mandelique|Pulau Mandalika,Pulau Mandalika,-6.36667,110.91667,POINT (110.91667 -6.36667),https://digitaalerfgoed.poolparty.biz/globalise/d8b4d9c6-11b3-430a-ba08-48eb1f3a8f56,island
GLOB_RT_157,R. Bringin Vers Watr.|Muara Bringin,Muara Bringin,-6.419,110.8242,POINT (110.8242 -6.419),https://digitaalerfgoed.poolparty.biz/globalise/cf7cc49f-738b-48b0-80a7-476244ba4919,river
GLOB_RT_158,Oedjong Bringin|Ujung Bringin,Ujung Bringin,-6.419,110.8242,POINT (110.8242 -6.419),https://digitaalerfgoed.poolparty.biz/globalise/ea0cf4b3-3d82-4ff6-ad10-12e77f581218,cape
GLOB_RT_159,Tayu|Tajouw,Tayu,-6.5397,111.0518,POINT (111.0518 -6.5397),https://digitaalerfgoed.poolparty.biz/globalise/d4dafba3-2344-4f5a-a94d-ed988069d0e5,village
GLOB_RT_16,Gunung Slamet|Berg Teggal,Gunung Slamet,-7.24139,109.21444,POINT (109.21444 -7.24139),https://digitaalerfgoed.poolparty.biz/globalise/0c8912b1-6814-4b31-8160-61e51ea1d011,volcano
GLOB_RT_160,Packaran|Pangkalan,Pangkalan,-6.6183,111.0783,POINT (111.0783 -6.6183),https://digitaalerfgoed.poolparty.biz/globalise/d4dafba3-2344-4f5a-a94d-ed988069d0e5,village
GLOB_RT_161,Ingoewang|Luwang,Luwang,-6.5213,111.0448,POINT (111.0448 -6.5213),https://digitaalerfgoed.poolparty.biz/globalise/d4dafba3-2344-4f5a-a94d-ed988069d0e5,village
GLOB_RT_162,Tanjung Api-api Anom|Oedj. Alanalang,Tanjung Api-api Anom,-6.41667,111.05,POINT (111.05 -6.41667),https://digitaalerfgoed.poolparty.biz/globalise/ea0cf4b3-3d82-4ff6-ad10-12e77f581218,cape
GLOB_RT_163,Ujung Bantungan|Oedj. Pantoenan,Ujung Bantungan,-6.4,110.85,POINT (110.85 -6.4),https://digitaalerfgoed.poolparty.biz/globalise/50310cac-a6c2-4e9d-9162-ebaa073a9835,point
GLOB_RT_164,Oedj. Blindering|Tanjung Blenderan,Tanjung Blenderan,-6.4,110.91667,POINT (110.91667 -6.4),https://digitaalerfgoed.poolparty.biz/globalise/50310cac-a6c2-4e9d-9162-ebaa073a9835,point
GLOB_RT_165,Dasun|Dasson,Dasun,-6.6782,111.4454,POINT (111.4454 -6.6782),https://digitaalerfgoed.poolparty.biz/globalise/46724d25-aa94-4848-a8ca-17fe02b0db2b,settlement
GLOB_RT_166,Bonang (Rembang)|Boenan,Bonang (Rembang),-6.6619,111.4666,POINT (111.4666 -6.6619),https://digitaalerfgoed.poolparty.biz/globalise/46724d25-aa94-4848-a8ca-17fe02b0db2b,settlement
GLOB_RT_167,Leran|Leeran,Leran,-6.7593,111.2439,POINT (111.2439 -6.7593),https://digitaalerfgoed.poolparty.biz/globalise/ea0cf4b3-3d82-4ff6-ad10-12e77f581218,cape
GLOB_RT_168,Tarran|Trahan,Trahan,-6.63917,111.48667,POINT (111.48667 -6.63917),https://digitaalerfgoed.poolparty.biz/globalise/ea0cf4b3-3d82-4ff6-ad10-12e77f581218,cape
GLOB_RT_169,Jatisary|Jatisari,Jatisari,-6.6333,111.5085,POINT (111.5085 -6.6333),https://digitaalerfgoed.poolparty.biz/globalise/46724d25-aa94-4848-a8ca-17fe02b0db2b,settlement
GLOB_RT_17,Kaligangsa|Caligaroe,Kaligangsa,-6.8793,109.0798,POINT (109.0798 -6.8793),https://digitaalerfgoed.poolparty.biz/globalise/cf7cc49f-738b-48b0-80a7-476244ba4919,river
GLOB_RT_170,Oedjong Pankalan|Ujung Pangkalan,Ujung Pangkalan,-6.6276,111.4904,POINT (111.4904 -6.6276),https://digitaalerfgoed.poolparty.biz/globalise/46724d25-aa94-4848-a8ca-17fe02b0db2b,settlement
GLOB_RT_171,Baenoe|Bendo,Bendo,-6.6588,111.5335,POINT (111.5335 -6.6588),https://digitaalerfgoed.poolparty.biz/globalise/46724d25-aa94-4848-a8ca-17fe02b0db2b,settlement
GLOB_RT_172,Ujung Pendok|Oedj. Pondock een hooge h.,Ujung Pendok,-6.6313,111.528,POINT (111.528 -6.6313),https://digitaalerfgoed.poolparty.biz/globalise/46724d25-aa94-4848-a8ca-17fe02b0db2b,settlement
GLOB_RT_173,Labuhan Kidul|Labuam,Labuhan Kidul,-6.65167,111.55056,POINT (111.55056 -6.65167),https://digitaalerfgoed.poolparty.biz/globalise/ea0cf4b3-3d82-4ff6-ad10-12e77f581218,cape
GLOB_RT_174,Makanagon|Maccamangon,Makanagon,-,-,POINT EMPTY,https://digitaalerfgoed.poolparty.biz/globalise/d4dafba3-2344-4f5a-a94d-ed988069d0e5,village
GLOB_RT_175,Tanjung Batu Sawang|Roode Steenberg,Tanjung Batu Sawang,-6.86667,112.28333,POINT (112.28333 -6.86667),-,-
GLOB_RT_176,Ziloma|Karang Kleta,Karang Kleta,-7.32361,112.86889,POINT (112.86889 -7.32361),-,-
GLOB_RT_177,Amsterdam|Pulau Untung Jawa,Pulau Untung Jawa,-5.97722,106.70667,POINT (106.70667 -5.97722),https://digitaalerfgoed.poolparty.biz/globalise/d8b4d9c6-11b3-430a-ba08-48eb1f3a8f56,island
GLOB_RT_178,Schiedam|Pulau Ubi Kecil,Pulau Ubi Kecil,-6.00008,106.72985,POINT (106.72985 -6.00008),https://digitaalerfgoed.poolparty.biz/globalise/d8b4d9c6-11b3-430a-ba08-48eb1f3a8f56,island
GLOB_RT_179,Rotterdam|Pulau Ubi Besar,Pulau Ubi Besar,-5.99956,106.74151,POINT (106.74151 -5.99956),https://digitaalerfgoed.poolparty.biz/globalise/d8b4d9c6-11b3-430a-ba08-48eb1f3a8f56,island
GLOB_RT_18,Songi Babadang|Kali Babadan (Tegal),Kali Babadan (Tegal),-6.8686,109.323,POINT (109.323 -6.8686),https://digitaalerfgoed.poolparty.biz/globalise/cf7cc49f-738b-48b0-80a7-476244ba4919,river
GLOB_RT_180,Pulau Rambut|Middelburg|Middelb.,Pulau Rambut,-5.97412,106.6924,POINT (106.6924 -5.97412),https://digitaalerfgoed.poolparty.biz/globalise/d8b4d9c6-11b3-430a-ba08-48eb1f3a8f56,island
GLOB_RT_181,Pulau Nyamuk Besar|Leyden,Pulau Nyamuk Besar,-6.03136,106.85025,POINT (106.85025 -6.03136),https://digitaalerfgoed.poolparty.biz/globalise/d8b4d9c6-11b3-430a-ba08-48eb1f3a8f56,island
GLOB_RT_182,Duyven Eyl|Pulau Burung,Pulau Burung,-5.86444,106.59861,POINT (106.59861 -5.86444),https://digitaalerfgoed.poolparty.biz/globalise/d8b4d9c6-11b3-430a-ba08-48eb1f3a8f56,island
GLOB_RT_183,Pulau Damar Kecil|Eiland Alkmaar|Little Damar|Alckmaar|Alkmaar Island,Pulau Damar Kecil,-5.98438,106.84735,POINT (106.84735 -5.98438),https://digitaalerfgoed.poolparty.biz/globalise/d8b4d9c6-11b3-430a-ba08-48eb1f3a8f56,island
GLOB_RT_184,Hoorn|Pulau Ayer Besar,Pulau Ayer Besar,-6.00409,106.78139,POINT (106.78139 -6.00409),https://digitaalerfgoed.poolparty.biz/globalise/d8b4d9c6-11b3-430a-ba08-48eb1f3a8f56,island
GLOB_RT_185,Haarlem|Karang Ayer Kecil,Karang Ayer Kecil,-5.98139,106.76111,POINT (106.76111 -5.98139),https://digitaalerfgoed.poolparty.biz/globalise/517cd775-4b32-4dcd-aceb-c9db9d103e24,reef
GLOB_RT_186,Pulau Nyamuk Kecil|Enckhuysen,Pulau Nyamuk Kecil,-6.00655,106.83178,POINT (106.83178 -6.00655),https://digitaalerfgoed.poolparty.biz/globalise/d8b4d9c6-11b3-430a-ba08-48eb1f3a8f56,island
GLOB_RT_187,Karang Puluputri|Vader Smit,Karang Puluputri,-6.06794,106.85473,POINT (106.85473 -6.06794),https://digitaalerfgoed.poolparty.biz/globalise/517cd775-4b32-4dcd-aceb-c9db9d103e24,reef
GLOB_RT_188,Enkhuysen Eylt|Gosong Dapur,Gosong Dapur,-5.92416,106.7246,POINT (106.7246 -5.92416),https://digitaalerfgoed.poolparty.biz/globalise/517cd775-4b32-4dcd-aceb-c9db9d103e24,reef
GLOB_RT_189,Pulau Panjang|Po. Dowa,Pulau Panjang,-6.5755,110.6283,POINT (110.6283 -6.5755),https://digitaalerfgoed.poolparty.biz/globalise/d8b4d9c6-11b3-430a-ba08-48eb1f3a8f56,island
GLOB_RT_19,Kali Comal|R. Pamalang,Kali Comal,-6.78229,109.52401,POINT (109.52401 -6.78229),https://digitaalerfgoed.poolparty.biz/globalise/cf7cc49f-738b-48b0-80a7-476244ba4919,river
GLOB_RT_190,Po. Keloors|Pulau Kelor (Jepara),Pulau Kelor (Jepara),-6.58333,110.63333,POINT (110.63333 -6.58333),https://digitaalerfgoed.poolparty.biz/globalise/d8b4d9c6-11b3-430a-ba08-48eb1f3a8f56,island
GLOB_RT_191,Pulau Penganten|Vissers Eyl. |Po. Siwalan,Pulau Penganten,-6.63333,110.6,POINT (110.6 -6.63333),https://digitaalerfgoed.poolparty.biz/globalise/d8b4d9c6-11b3-430a-ba08-48eb1f3a8f56,island
GLOB_RT_192,Pulau Karang|Po. Sawalan,Pulau Karang,-6.6829,111.3848,POINT (111.3848 -6.6829),https://digitaalerfgoed.poolparty.biz/globalise/d8b4d9c6-11b3-430a-ba08-48eb1f3a8f56,island
GLOB_RT_193,Gosong Reef|Carangossa,Gosong Reef,-6.65,111.43333,POINT (111.43333 -6.65),https://digitaalerfgoed.poolparty.biz/globalise/517cd775-4b32-4dcd-aceb-c9db9d103e24,reef
GLOB_RT_194,Jetah|Carandawa,Jetah,-6.68333,111.41667,POINT (111.41667 -6.68333),https://digitaalerfgoed.poolparty.biz/globalise/d8b4d9c6-11b3-430a-ba08-48eb1f3a8f56,island
GLOB_RT_195,Caranwessy|Karangwesi,Karangwesi,-,-,POINT EMPTY,https://digitaalerfgoed.poolparty.biz/globalise/517cd775-4b32-4dcd-aceb-c9db9d103e24,reef
GLOB_RT_196,Karangungkal|Caranoukal,Karangungkal,-,-,POINT EMPTY,https://digitaalerfgoed.poolparty.biz/globalise/517cd775-4b32-4dcd-aceb-c9db9d103e24,reef
GLOB_RT_197,Zeewouw|Sewoharjo,Sewoharjo,-6.30389,107.92056,POINT (107.92056 -6.30389),https://digitaalerfgoed.poolparty.biz/globalise/ea0cf4b3-3d82-4ff6-ad10-12e77f581218,cape
GLOB_RT_198,Vuyle Bocht|Vuyle bocht,Vuyle bocht,-,-,POINT EMPTY,https://digitaalerfgoed.poolparty.biz/globalise/bd0dfde6-0fb2-476b-ad5e-2f63ed7787ff,bay
GLOB_RT_199,H. van Bongi|Tanjung Bungin,Tanjung Bungin,-5.96083,107.09722,POINT (107.09722 -5.96083),https://digitaalerfgoed.poolparty.biz/globalise/ea0cf4b3-3d82-4ff6-ad10-12e77f581218,cape
GLOB_RT_2,Tanjongh Priock|Tanjung Priok,Tanjung Priok,-6.11361,106.89083,POINT (106.89083 -6.11361),https://digitaalerfgoed.poolparty.biz/globalise/93a0b2c9-ad9a-4bab-8620-11b5c1e01f37,port
GLOB_RT_20,Kali Kendal|R. Candael,Kali Kendal,-6.9,110.2,POINT (110.2 -6.9),https://digitaalerfgoed.poolparty.biz/globalise/cf7cc49f-738b-48b0-80a7-476244ba4919,river
GLOB_RT_200,Blatsians Spruyt|Sungai Balubuk,Sungai Balubuk,-5.95333,107.0325,POINT (107.0325 -5.95333),https://digitaalerfgoed.poolparty.biz/globalise/cf7cc49f-738b-48b0-80a7-476244ba4919,river
GLOB_RT_201,Rode H.|Tanjung Merah,Tanjung Merah,-,-,POINT EMPTY,https://digitaalerfgoed.poolparty.biz/globalise/ea0cf4b3-3d82-4ff6-ad10-12e77f581218,cape
GLOB_RT_202,Ronde Goutinge|Randukuning,Randukuning,-6.7414,111.0389,POINT (111.0389 -6.7414),https://digitaalerfgoed.poolparty.biz/globalise/d4dafba3-2344-4f5a-a94d-ed988069d0e5,village
GLOB_RT_203,Palombo|Paloh,Paloh,-6.6936,111.276,POINT (111.276 -6.6936),https://digitaalerfgoed.poolparty.biz/globalise/d4dafba3-2344-4f5a-a94d-ed988069d0e5,village
GLOB_RT_204,Tanjung Karangparudan|Paduranan,Tanjung Karangparudan,-,-,POINT EMPTY,https://digitaalerfgoed.poolparty.biz/globalise/ea0cf4b3-3d82-4ff6-ad10-12e77f581218,cape
GLOB_RT_205,Zarbangi|Pasarbanggi,Pasarbanggi,-6.6987,111.394,POINT (111.394 -6.6987),https://digitaalerfgoed.poolparty.biz/globalise/46724d25-aa94-4848-a8ca-17fe02b0db2b,settlement
GLOB_RT_206,Kaliuntu|Caliwontoe,Kaliuntu,-6.7022,111.3855,POINT (111.3855 -6.7022),https://digitaalerfgoed.poolparty.biz/globalise/46724d25-aa94-4848-a8ca-17fe02b0db2b,settlement
GLOB_RT_207,Goddon|Gedongmulyo,Gedongmulyo,-6.692,111.4391,POINT (111.4391 -6.692),https://digitaalerfgoed.poolparty.biz/globalise/d4dafba3-2344-4f5a-a94d-ed988069d0e5,village
GLOB_RT_208,Jetak|Jitta,Jetak,-6.6904,111.4169,POINT (111.4169 -6.6904),https://digitaalerfgoed.poolparty.biz/globalise/46724d25-aa94-4848-a8ca-17fe02b0db2b,settlement
GLOB_RT_209,Tanjung Kapal|Oedj. Agon,Tanjung Kapal,-,-,POINT EMPTY,https://digitaalerfgoed.poolparty.biz/globalise/ea0cf4b3-3d82-4ff6-ad10-12e77f581218,cape
GLOB_RT_21,R. Batang|Kali Sambong,Kali Sambong,-6.8797,109.7502,POINT (109.7502 -6.8797),https://digitaalerfgoed.poolparty.biz/globalise/cf7cc49f-738b-48b0-80a7-476244ba4919,river
GLOB_RT_210,Doodo|Dodokan,Dodokan,-,-,POINT EMPTY,https://digitaalerfgoed.poolparty.biz/globalise/cf7cc49f-738b-48b0-80a7-476244ba4919,river
GLOB_RT_211,Benco|Bogorejo,Bogorejo,-6.7283,111.5601,POINT (111.5601 -6.7283),https://digitaalerfgoed.poolparty.biz/globalise/46724d25-aa94-4848-a8ca-17fe02b0db2b,settlement
GLOB_RT_212,Sedan|Zitta,Sedan,-6.7668,111.5744,POINT (111.5744 -6.7668),https://digitaalerfgoed.poolparty.biz/globalise/d4dafba3-2344-4f5a-a94d-ed988069d0e5,village
GLOB_RT_213,Calapan|Kalipang,Kalipang,-6.738,111.2691,POINT (111.2691 -6.738),https://digitaalerfgoed.poolparty.biz/globalise/d4dafba3-2344-4f5a-a94d-ed988069d0e5,village
GLOB_RT_214,Baliton|Belitung,Belitung,-6.7176,111.6448,POINT (111.6448 -6.7176),https://digitaalerfgoed.poolparty.biz/globalise/d4dafba3-2344-4f5a-a94d-ed988069d0e5,village
GLOB_RT_215,Gondangkrojo|Pagoendom,Gondangkrojo,-6.7281,111.6571,POINT (111.6571 -6.7281),https://digitaalerfgoed.poolparty.biz/globalise/46724d25-aa94-4848-a8ca-17fe02b0db2b,settlement
GLOB_RT_216,R. Paggat|Sungai Pegat,Sungai Pegat,-6.7942,111.6146,POINT (111.6146 -6.7942),https://digitaalerfgoed.poolparty.biz/globalise/cf7cc49f-738b-48b0-80a7-476244ba4919,river
GLOB_RT_217,Een Hooge H. Boeloe|Tanjung Bulu,Tanjung Bulu,-6.7706,111.719,POINT (111.719 -6.7706),https://digitaalerfgoed.poolparty.biz/globalise/46724d25-aa94-4848-a8ca-17fe02b0db2b,settlement
GLOB_RT_218,Temperak|Tampiera,Temperak,-6.7452,111.6794,POINT (111.6794 -6.7452),https://digitaalerfgoed.poolparty.biz/globalise/d4dafba3-2344-4f5a-a94d-ed988069d0e5,village
GLOB_RT_219,Bajingjowo|Badsienan,Bajingjowo,-6.7411,111.6709,POINT (111.6709 -6.7411),https://digitaalerfgoed.poolparty.biz/globalise/46724d25-aa94-4848-a8ca-17fe02b0db2b,settlement
GLOB_RT_22,Caranganjer|Karanganyar (Semarang),Karanganyar (Semarang),-7.083,110.3611,POINT (110.3611 -7.083),https://digitaalerfgoed.poolparty.biz/globalise/46724d25-aa94-4848-a8ca-17fe02b0db2b,settlement
GLOB_RT_220,Serbon|Serbung,Serbung,-,-,POINT EMPTY,https://digitaalerfgoed.poolparty.biz/globalise/d4dafba3-2344-4f5a-a94d-ed988069d0e5,village
GLOB_RT_221,Bulu|Amboeloe,Bulu,-6.7706,111.719,POINT (111.719 -6.7706),https://digitaalerfgoed.poolparty.biz/globalise/d4dafba3-2344-4f5a-a94d-ed988069d0e5,village
GLOB_RT_222,Tiasson|Trasan,Trasan,-,-,POINT EMPTY,https://digitaalerfgoed.poolparty.biz/globalise/d4dafba3-2344-4f5a-a94d-ed988069d0e5,village
GLOB_RT_223,Paradenae|Paradina,Paradina,-,-,POINT EMPTY,https://digitaalerfgoed.poolparty.biz/globalise/d4dafba3-2344-4f5a-a94d-ed988069d0e5,village
GLOB_RT_224,Zout Water R. Bamar|Sungai Bamar,Sungai Bamar,-,-,POINT EMPTY,https://digitaalerfgoed.poolparty.biz/globalise/cf7cc49f-738b-48b0-80a7-476244ba4919,river
GLOB_RT_225,Sendang|Sendanae,Sendang,-6.8128,111.7731,POINT (111.7731 -6.8128),https://digitaalerfgoed.poolparty.biz/globalise/d4dafba3-2344-4f5a-a94d-ed988069d0e5,village
GLOB_RT_226,Een Hooge h. Oedjong Tockel|Tanjung Petakol,Tanjung Petakol,-6.76667,111.76667,POINT (111.76667 -6.76667),https://digitaalerfgoed.poolparty.biz/globalise/50310cac-a6c2-4e9d-9162-ebaa073a9835,point
GLOB_RT_227,Mallawas|Malawas,Malawas,-,-,POINT EMPTY,https://digitaalerfgoed.poolparty.biz/globalise/d4dafba3-2344-4f5a-a94d-ed988069d0e5,village
GLOB_RT_228,Candang|Kandang,Kandang,-6.799,111.7991,POINT (111.7991 -6.799),https://digitaalerfgoed.poolparty.biz/globalise/d4dafba3-2344-4f5a-a94d-ed988069d0e5,village
GLOB_RT_229,Maneer|Mamer,Mamer,-6.7978,111.8172,POINT (111.8172 -6.7978),https://digitaalerfgoed.poolparty.biz/globalise/46724d25-aa94-4848-a8ca-17fe02b0db2b,settlement
GLOB_RT_23,Ujungbatu|Oedjong gattel,Ujungbatu,-6.585,110.6627,POINT (110.6627 -6.585),https://digitaalerfgoed.poolparty.biz/globalise/ea0cf4b3-3d82-4ff6-ad10-12e77f581218,cape
GLOB_RT_230,Oedj. Gannangheen|Ujung Gannangheen,Ujung Gannangheen,-6.7784,111.7603,POINT (111.7603 -6.7784),https://digitaalerfgoed.poolparty.biz/globalise/ea0cf4b3-3d82-4ff6-ad10-12e77f581218,cape
GLOB_RT_231,Zout Wat R. Troupou|Sungai Tropen,Sungai Tropen,-,-,POINT EMPTY,https://digitaalerfgoed.poolparty.biz/globalise/cf7cc49f-738b-48b0-80a7-476244ba4919,river
GLOB_RT_232,Dermo|Germae,Dermo,-6.7806,111.9297,POINT (111.9297 -6.7806),https://digitaalerfgoed.poolparty.biz/globalise/d4dafba3-2344-4f5a-a94d-ed988069d0e5,village
GLOB_RT_233,Boro|Blarae,Boro,-6.7733,111.9494,POINT (111.9494 -6.7733),https://digitaalerfgoed.poolparty.biz/globalise/d4dafba3-2344-4f5a-a94d-ed988069d0e5,village
GLOB_RT_234,Oedjong Balauwe|Tanjung Karangjahe,Tanjung Karangjahe,-,-,POINT EMPTY,https://digitaalerfgoed.poolparty.biz/globalise/ea0cf4b3-3d82-4ff6-ad10-12e77f581218,cape
GLOB_RT_235,Karangpilang|Caranpilan,Karangpilang,-,-,POINT EMPTY,https://digitaalerfgoed.poolparty.biz/globalise/46724d25-aa94-4848-a8ca-17fe02b0db2b,settlement
GLOB_RT_236,Dunung|Doenoen,Dunung,-,-,POINT EMPTY,https://digitaalerfgoed.poolparty.biz/globalise/46724d25-aa94-4848-a8ca-17fe02b0db2b,settlement
GLOB_RT_237,Vers wat R. Jennoe Cappoe|Kali Jenu,Kali Jenu,-6.866,111.997,POINT (111.997 -6.866),https://digitaalerfgoed.poolparty.biz/globalise/cf7cc49f-738b-48b0-80a7-476244ba4919,river
GLOB_RT_238,R. Touban|Kali Tuban,Kali Tuban,-6.8976,112.0649,POINT (112.0649 -6.8976),https://digitaalerfgoed.poolparty.biz/globalise/cf7cc49f-738b-48b0-80a7-476244ba4919,river
GLOB_RT_239,Siombel,Siombel,-,-,POINT EMPTY,https://digitaalerfgoed.poolparty.biz/globalise/d4dafba3-2344-4f5a-a94d-ed988069d0e5,village
GLOB_RT_24,Ujung Piring|Oedj. Piering,Ujung Piring,-6.5025,110.6643,POINT (110.6643 -6.5025),https://digitaalerfgoed.poolparty.biz/globalise/ea0cf4b3-3d82-4ff6-ad10-12e77f581218,cape
GLOB_RT_240,Dassin|Dasin,Dasin,-,-,POINT EMPTY,https://digitaalerfgoed.poolparty.biz/globalise/46724d25-aa94-4848-a8ca-17fe02b0db2b,settlement
GLOB_RT_241,Panyuran|Pamanjoeran,Panyuran,-6.898,112.0875,POINT (112.0875 -6.898),https://digitaalerfgoed.poolparty.biz/globalise/46724d25-aa94-4848-a8ca-17fe02b0db2b,settlement
GLOB_RT_242,H. Legan|Tanjung Logung,Tanjung Logung,-6.8988,112.1718,POINT (112.1718 -6.8988),https://digitaalerfgoed.poolparty.biz/globalise/ea0cf4b3-3d82-4ff6-ad10-12e77f581218,cape
GLOB_RT_243,Oedj. Alanang|Ujung Alang,Ujung Alang,-,-,POINT EMPTY,https://digitaalerfgoed.poolparty.biz/globalise/ea0cf4b3-3d82-4ff6-ad10-12e77f581218,cape
GLOB_RT_244,Oedjong Watoe|Ujung Watu,Ujung Watu,-,-,POINT EMPTY,https://digitaalerfgoed.poolparty.biz/globalise/ea0cf4b3-3d82-4ff6-ad10-12e77f581218,cape
GLOB_RT_245,Gunung Menjuluk|t' bergie Panguado,Gunung Menjuluk,-6.8943,112.2751,POINT (112.2751 -6.8943),https://digitaalerfgoed.poolparty.biz/globalise/168b4dfb-083c-4c4b-9bc8-4a824da53f0b,mountain
GLOB_RT_246,Banjeranjer|Banjaranyar,Banjaranyar,-6.8775,112.3902,POINT (112.3902 -6.8775),https://digitaalerfgoed.poolparty.biz/globalise/d4dafba3-2344-4f5a-a94d-ed988069d0e5,village
GLOB_RT_247,Kranji|Carangsin,Kranji,-6.8775,112.383,POINT (112.383 -6.8775),https://digitaalerfgoed.poolparty.biz/globalise/d4dafba3-2344-4f5a-a94d-ed988069d0e5,village
GLOB_RT_248,Wates|Watis,Wates,-,-,POINT EMPTY,https://digitaalerfgoed.poolparty.biz/globalise/d4dafba3-2344-4f5a-a94d-ed988069d0e5,village
GLOB_RT_249,Een Lage H. Tambamallon|Tanjung Paciran,Tanjung Paciran,-6.87666,112.37606,POINT (112.37606 -6.87666),https://digitaalerfgoed.poolparty.biz/globalise/ea0cf4b3-3d82-4ff6-ad10-12e77f581218,cape
GLOB_RT_25,Ujung Kuniran|Oedj. Kalieran,Ujung Kuniran,-6.5554,110.6449,POINT (110.6449 -6.5554),https://digitaalerfgoed.poolparty.biz/globalise/ea0cf4b3-3d82-4ff6-ad10-12e77f581218,cape
GLOB_RT_250,H. Kodde|Tanjung Kodok,Tanjung Kodok,-,-,POINT EMPTY,https://digitaalerfgoed.poolparty.biz/globalise/ea0cf4b3-3d82-4ff6-ad10-12e77f581218,cape
GLOB_RT_251,Tanjung Pakis|Oedjong Pakis,Tanjung Pakis,-6.86478,112.41426,POINT (112.41426 -6.86478),https://digitaalerfgoed.poolparty.biz/globalise/50310cac-a6c2-4e9d-9162-ebaa073a9835,point
GLOB_RT_252,Pakis (Lamongan)|Pakis,Pakis (Lamongan),-6.86478,112.41426,POINT (112.41426 -6.86478),https://digitaalerfgoed.poolparty.biz/globalise/168b4dfb-083c-4c4b-9bc8-4a824da53f0b,mountain
GLOB_RT_253,Caleyer|Klayar,Klayar,-6.8751,112.4367,POINT (112.4367 -6.8751),https://digitaalerfgoed.poolparty.biz/globalise/d4dafba3-2344-4f5a-a94d-ed988069d0e5,village
GLOB_RT_254,Janpoolan|Japolan,Japolan,-,-,POINT EMPTY,https://digitaalerfgoed.poolparty.biz/globalise/d4dafba3-2344-4f5a-a94d-ed988069d0e5,village
GLOB_RT_255,R. Roma|Kali Roomo,Kali Roomo,-7.14139,112.62806,POINT (112.62806 -7.14139),https://digitaalerfgoed.poolparty.biz/globalise/cf7cc49f-738b-48b0-80a7-476244ba4919,river
GLOB_RT_256,Bengawan Solo|R. Samangi,Bengawan Solo,-7.0373,112.6153,POINT (112.6153 -7.0373),https://digitaalerfgoed.poolparty.biz/globalise/cf7cc49f-738b-48b0-80a7-476244ba4919,river
GLOB_RT_257,Madalyn|Madalin,Madalin,-,-,POINT EMPTY,https://digitaalerfgoed.poolparty.biz/globalise/46724d25-aa94-4848-a8ca-17fe02b0db2b,settlement
GLOB_RT_258,met laeg water boven|Penowo Reef,Penowo Reef,-6.63333,111.26667,POINT (111.26667 -6.63333),-,-
GLOB_RT_259,Tanjung Lodya|H. Lodja,Tanjung Lodya,-,-,POINT EMPTY,https://digitaalerfgoed.poolparty.biz/globalise/ea0cf4b3-3d82-4ff6-ad10-12e77f581218,cape
GLOB_RT_26,Oedj. Passalarang|Ujung Salaran,Ujung Salaran,-6.43421,110.77171,POINT (110.77171 -6.43421),https://digitaalerfgoed.poolparty.biz/globalise/ea0cf4b3-3d82-4ff6-ad10-12e77f581218,cape
GLOB_RT_260,Kali Sekarwoyo|R. Seckerwoja,Kali Sekarwoyo,-7.1387,112.6143,POINT (112.6143 -7.1387),https://digitaalerfgoed.poolparty.biz/globalise/cf7cc49f-738b-48b0-80a7-476244ba4919,river
GLOB_RT_261,Pulau Cilik|Boomties riff,Pulau Cilik,-6.6527,111.2905,POINT (111.2905 -6.6527),-,-
GLOB_RT_262,Zeetera|Setera,Setera,-,-,POINT EMPTY,https://digitaalerfgoed.poolparty.biz/globalise/d4dafba3-2344-4f5a-a94d-ed988069d0e5,village
GLOB_RT_263,Diana|Dianae,Diana,-,-,POINT EMPTY,https://digitaalerfgoed.poolparty.biz/globalise/46724d25-aa94-4848-a8ca-17fe02b0db2b,settlement
GLOB_RT_264,Igir Gajah|Bergie Gadja,Igir Gajah,-7.001,109.2984,POINT (109.2984 -7.001),https://digitaalerfgoed.poolparty.biz/globalise/168b4dfb-083c-4c4b-9bc8-4a824da53f0b,mountain
GLOB_RT_265,H. Pemalang|Tanjung Pemalang,Tanjung Pemalang,-6.77517,109.52356,POINT (109.52356 -6.77517),-,-
GLOB_RT_266,Pulau Kelor (Jakarta)|Engels Onrust,Pulau Kelor (Jakarta),-6.02569,106.74546,POINT (106.74546 -6.02569),https://digitaalerfgoed.poolparty.biz/globalise/d8b4d9c6-11b3-430a-ba08-48eb1f3a8f56,island
GLOB_RT_27,Berg Radjoenae|Gunung Arjuna|Berg Japan,Gunung Arjuna,-7.7655,112.5902,POINT (112.5902 -7.7655),https://digitaalerfgoed.poolparty.biz/globalise/168b4dfb-083c-4c4b-9bc8-4a824da53f0b,mountain
GLOB_RT_28,Giery|Giri,Giri,-7.16917,112.63278,POINT (112.63278 -7.16917),https://digitaalerfgoed.poolparty.biz/globalise/20d7cfe7-b3b1-4223-b2b4-d9f6ddb2e683,city
GLOB_RT_29,Oedjong awar awar|Tanjung Awarawar,Tanjung Awarawar,-6.7637,111.9587,POINT (111.9587 -6.7637),https://digitaalerfgoed.poolparty.biz/globalise/ea0cf4b3-3d82-4ff6-ad10-12e77f581218,cape
GLOB_RT_3,Gunung Cereme|Berg Ceribon,Gunung Cereme,-6.89306,108.40694,POINT (108.40694 -6.89306),https://digitaalerfgoed.poolparty.biz/globalise/168b4dfb-083c-4c4b-9bc8-4a824da53f0b,mountain
GLOB_RT_30,Labuhan|Laboean,Labuhan,-6.8844,112.2051,POINT (112.2051 -6.8844),https://digitaalerfgoed.poolparty.biz/globalise/46724d25-aa94-4848-a8ca-17fe02b0db2b,settlement
GLOB_RT_31,Paciran|Patsierang,Paciran,-6.87666,112.37606,POINT (112.37606 -6.87666),https://digitaalerfgoed.poolparty.biz/globalise/46724d25-aa94-4848-a8ca-17fe02b0db2b,settlement
GLOB_RT_32,Tanjung Piring|Tanjong Piering,Tanjung Piring,-7.1,112.68333,POINT (112.68333 -7.1),https://digitaalerfgoed.poolparty.biz/globalise/50310cac-a6c2-4e9d-9162-ebaa073a9835,point
GLOB_RT_33,Calianje|Kalianyar,Kalianyar,-7.5754,112.7999,POINT (112.7999 -7.5754),https://digitaalerfgoed.poolparty.biz/globalise/55f41aea-cc65-4cfb-88c4-766a2841452a,regency
GLOB_RT_34,Blimbingh|Blimbing,Blimbing,-6.8762,112.2962,POINT (112.2962 -6.8762),https://digitaalerfgoed.poolparty.biz/globalise/46724d25-aa94-4848-a8ca-17fe02b0db2b,settlement
GLOB_RT_35,Paboenan|Pambon,Pambon,-6.8973,112.2384,POINT (112.2384 -6.8973),https://digitaalerfgoed.poolparty.biz/globalise/d4dafba3-2344-4f5a-a94d-ed988069d0e5,village
GLOB_RT_36,H. Brebos|Ujung Brebes,Ujung Brebes,-6.78333,109.01667,POINT (109.01667 -6.78333),https://digitaalerfgoed.poolparty.biz/globalise/ea0cf4b3-3d82-4ff6-ad10-12e77f581218,cape
GLOB_RT_37,Kali Bongkok|Songi Bonco,Kali Bongkok,-6.8617,109.1939,POINT (109.1939 -6.8617),https://digitaalerfgoed.poolparty.biz/globalise/cf7cc49f-738b-48b0-80a7-476244ba4919,river
GLOB_RT_38,Sungai Widuri|Songi Wadoery,Sungai Widuri,-6.86892,109.37738,POINT (109.37738 -6.86892),https://digitaalerfgoed.poolparty.biz/globalise/cf7cc49f-738b-48b0-80a7-476244ba4919,river
GLOB_RT_39,Sungai Larisan|Songi Larissan,Sungai Larisan,-,-,POINT EMPTY,https://digitaalerfgoed.poolparty.biz/globalise/cf7cc49f-738b-48b0-80a7-476244ba4919,river
GLOB_RT_4,Losari|Negery Lossary,Losari,-6.8424,108.8106,POINT (108.8106 -6.8424),https://digitaalerfgoed.poolparty.biz/globalise/55f41aea-cc65-4cfb-88c4-766a2841452a,regency
GLOB_RT_40,Tanjung Larisan|Tanjong Larissan,Tanjung Larisan,-,-,POINT EMPTY,https://digitaalerfgoed.poolparty.biz/globalise/ea0cf4b3-3d82-4ff6-ad10-12e77f581218,cape
GLOB_RT_41,Songi Caliporoe|Sungai Kaliporong,Sungai Kaliporong,-,-,POINT EMPTY,https://digitaalerfgoed.poolparty.biz/globalise/cf7cc49f-738b-48b0-80a7-476244ba4919,river
GLOB_RT_42,Songi Calipa|Kali Pah,Kali Pah,-6.8559,109.1787,POINT (109.1787 -6.8559),https://digitaalerfgoed.poolparty.biz/globalise/cf7cc49f-738b-48b0-80a7-476244ba4919,river
GLOB_RT_43,Kali Pakijingan|Songi Packijingin,Kali Pakijingan,-6.8733,109.2889,POINT (109.2889 -6.8733),https://digitaalerfgoed.poolparty.biz/globalise/cf7cc49f-738b-48b0-80a7-476244ba4919,river
GLOB_RT_44,Songi Sawadadi|Sungai Suradadi,Sungai Suradadi,-6.8756,109.2755,POINT (109.2755 -6.8756),https://digitaalerfgoed.poolparty.biz/globalise/cf7cc49f-738b-48b0-80a7-476244ba4919,river
GLOB_RT_45,Songi Padoc|Sungai Padokan,Sungai Padokan,-,-,POINT EMPTY,https://digitaalerfgoed.poolparty.biz/globalise/cf7cc49f-738b-48b0-80a7-476244ba4919,river
GLOB_RT_46,Sungai Sumber|Songi - Soumber,Sungai Sumber,-6.9248,109.34,POINT (109.34 -6.9248),https://digitaalerfgoed.poolparty.biz/globalise/cf7cc49f-738b-48b0-80a7-476244ba4919,river
GLOB_RT_47,Songi Madjabon|Sungai Mejabung,Sungai Mejabung,-6.8592,109.1482,POINT (109.1482 -6.8592),https://digitaalerfgoed.poolparty.biz/globalise/cf7cc49f-738b-48b0-80a7-476244ba4919,river
GLOB_RT_48,Songi Soumorde|Kali Sumur,Kali Sumur,-6.9014,109.789,POINT (109.789 -6.9014),https://digitaalerfgoed.poolparty.biz/globalise/cf7cc49f-738b-48b0-80a7-476244ba4919,river
GLOB_RT_49,Songi Padack|Sungai Padek,Sungai Padek,-6.855,109.53806,POINT (109.53806 -6.855),https://digitaalerfgoed.poolparty.biz/globalise/cf7cc49f-738b-48b0-80a7-476244ba4919,river
GLOB_RT_5,Mondoe|Mundu,Mundu,-6.7558,108.5943,POINT (108.5943 -6.7558),https://digitaalerfgoed.poolparty.biz/globalise/d4dafba3-2344-4f5a-a94d-ed988069d0e5,village
GLOB_RT_50,R. Tolecbarang|Sungai Telukbarang,Sungai Telukbarang,-,-,POINT EMPTY,https://digitaalerfgoed.poolparty.biz/globalise/cf7cc49f-738b-48b0-80a7-476244ba4919,river
GLOB_RT_51,H. Soumor|Tanjung Sumur,Tanjung Sumur,-,-,POINT EMPTY,https://digitaalerfgoed.poolparty.biz/globalise/46724d25-aa94-4848-a8ca-17fe02b0db2b,settlement
GLOB_RT_52,Wiradesa|Negery Vradesa,Wiradesa,-6.8922,109.619,POINT (109.619 -6.8922),https://digitaalerfgoed.poolparty.biz/globalise/55f41aea-cc65-4cfb-88c4-766a2841452a,regency
GLOB_RT_53,Kali Bremi|R. Bremmy,Kali Bremi,-6.8615,109.6548,POINT (109.6548 -6.8615),https://digitaalerfgoed.poolparty.biz/globalise/cf7cc49f-738b-48b0-80a7-476244ba4919,river
GLOB_RT_54,Songi Moetsiang|Sungai Muncang,Sungai Muncang,-6.9297,109.5058,POINT (109.5058 -6.9297),https://digitaalerfgoed.poolparty.biz/globalise/cf7cc49f-738b-48b0-80a7-476244ba4919,river
GLOB_RT_55,R. Kinteng|Kali Kinting,Kali Kinting,-,-,POINT EMPTY,https://digitaalerfgoed.poolparty.biz/globalise/cf7cc49f-738b-48b0-80a7-476244ba4919,river
GLOB_RT_56,Ujung Negoro|H. Galloerang,Ujung Negoro,-6.8915,109.7993,POINT (109.7993 -6.8915),https://digitaalerfgoed.poolparty.biz/globalise/50310cac-a6c2-4e9d-9162-ebaa073a9835,point
GLOB_RT_57,Kalijero|Calijeroe,Kalijero,-,-,POINT EMPTY,https://digitaalerfgoed.poolparty.biz/globalise/d4dafba3-2344-4f5a-a94d-ed988069d0e5,village
GLOB_RT_58,Kali Amba|R. Amba,Kali Amba,-,-,POINT EMPTY,https://digitaalerfgoed.poolparty.biz/globalise/cf7cc49f-738b-48b0-80a7-476244ba4919,river
GLOB_RT_59,Kali Babadan (Kendal)|R. Babadang,Kali Babadan (Kendal),-6.9312,110.1596,POINT (110.1596 -6.9312),https://digitaalerfgoed.poolparty.biz/globalise/cf7cc49f-738b-48b0-80a7-476244ba4919,river
GLOB_RT_6,Kalijaga|Calyjaga,Kalijaga,-6.7507,108.5864,POINT (108.5864 -6.7507),https://digitaalerfgoed.poolparty.biz/globalise/d4dafba3-2344-4f5a-a94d-ed988069d0e5,village
GLOB_RT_60,Kali Roban|R. Roebang,Kali Roban,-6.9093,109.841,POINT (109.841 -6.9093),https://digitaalerfgoed.poolparty.biz/globalise/cf7cc49f-738b-48b0-80a7-476244ba4919,river
GLOB_RT_61,R. Calioerang|Kali Urang,Kali Urang,-6.9097,109.8507,POINT (109.8507 -6.9097),https://digitaalerfgoed.poolparty.biz/globalise/cf7cc49f-738b-48b0-80a7-476244ba4919,river
GLOB_RT_62,Kali Lokawali|R. Rockawaly,Kali Lokawali,-,-,POINT EMPTY,https://digitaalerfgoed.poolparty.biz/globalise/cf7cc49f-738b-48b0-80a7-476244ba4919,river
GLOB_RT_63,R. Baboengan|Kali Babungan,Kali Babungan,-,-,POINT EMPTY,https://digitaalerfgoed.poolparty.biz/globalise/cf7cc49f-738b-48b0-80a7-476244ba4919,river
GLOB_RT_64,Kali Turunsih|R. Toeroensy,Kali Turunsih,-6.9319,110.231,POINT (110.231 -6.9319),https://digitaalerfgoed.poolparty.biz/globalise/cf7cc49f-738b-48b0-80a7-476244ba4919,river
GLOB_RT_65,Paboelamian|Paburanam,Paburanam,-,-,POINT EMPTY,https://digitaalerfgoed.poolparty.biz/globalise/d4dafba3-2344-4f5a-a94d-ed988069d0e5,village
GLOB_RT_66,Marratoea|Maratua,Maratua,-,-,POINT EMPTY,https://digitaalerfgoed.poolparty.biz/globalise/d4dafba3-2344-4f5a-a94d-ed988069d0e5,village
GLOB_RT_67,Negery Souwan|Sowan,Sowan,-,-,POINT EMPTY,https://digitaalerfgoed.poolparty.biz/globalise/d4dafba3-2344-4f5a-a94d-ed988069d0e5,village
GLOB_RT_68,R. Mancan|Kali Mangkang,Kali Mangkang,-6.96667,110.3,POINT (110.3 -6.96667),https://digitaalerfgoed.poolparty.biz/globalise/cf7cc49f-738b-48b0-80a7-476244ba4919,river
GLOB_RT_69,Tanjung Turunsi|H. Toeroensy,Tanjung Turunsi,-,-,POINT EMPTY,https://digitaalerfgoed.poolparty.biz/globalise/ea0cf4b3-3d82-4ff6-ad10-12e77f581218,cape
GLOB_RT_7,Chillamaja|Cilamaya,Cilamaya,-6.25333,107.57833,POINT (107.57833 -6.25333),https://digitaalerfgoed.poolparty.biz/globalise/d4dafba3-2344-4f5a-a94d-ed988069d0e5,village
GLOB_RT_70,Ujung Paburanam|Oedjong Paboelamian,Ujung Paburanam,-,-,POINT EMPTY,https://digitaalerfgoed.poolparty.biz/globalise/ea0cf4b3-3d82-4ff6-ad10-12e77f581218,cape
GLOB_RT_71,Ci Manuklama|R. Indramaja,Ci Manuklama,-6.24333,108.24028,POINT (108.24028 -6.24333),https://digitaalerfgoed.poolparty.biz/globalise/cf7cc49f-738b-48b0-80a7-476244ba4919,river
GLOB_RT_72,Sungai Raja|Songi Radya,Sungai Raja,-,-,POINT EMPTY,https://digitaalerfgoed.poolparty.biz/globalise/cf7cc49f-738b-48b0-80a7-476244ba4919,river
GLOB_RT_73,Oedjong Jonty|Ujung Juntikebon,Ujung Juntikebon,-6.44056,108.43,POINT (108.43 -6.44056),https://digitaalerfgoed.poolparty.biz/globalise/46724d25-aa94-4848-a8ca-17fe02b0db2b,settlement
GLOB_RT_74,Songi Cabben|Kali Gabus,Kali Gabus,-6.40083,108.41972,POINT (108.41972 -6.40083),https://digitaalerfgoed.poolparty.biz/globalise/cf7cc49f-738b-48b0-80a7-476244ba4919,river
GLOB_RT_75,Songi Jonty|Sungai Junti,Sungai Junti,-6.44306,108.43472,POINT (108.43472 -6.44306),https://digitaalerfgoed.poolparty.biz/globalise/cf7cc49f-738b-48b0-80a7-476244ba4919,river
GLOB_RT_76,Teggal Glap|Tegalagungbaru,Tegalagungbaru,-6.46333,108.48,POINT (108.48 -6.46333),https://digitaalerfgoed.poolparty.biz/globalise/d4dafba3-2344-4f5a-a94d-ed988069d0e5,village
GLOB_RT_77,Oedjong Toea|Tanjung Ujungtua,Tanjung Ujungtua,-6.4853,108.54346,POINT (108.54346 -6.4853),https://digitaalerfgoed.poolparty.biz/globalise/50310cac-a6c2-4e9d-9162-ebaa073a9835,point
GLOB_RT_78,Tanjung Tanah|Oedjong Tanae,Tanjung Tanah,-6.483889,108.5375,POINT (108.5375 -6.483889),https://digitaalerfgoed.poolparty.biz/globalise/50310cac-a6c2-4e9d-9162-ebaa073a9835,point
GLOB_RT_79,Songi Pondoc|Sungai Pondok,Sungai Pondok,-6.51917,108.47139,POINT (108.47139 -6.51917),https://digitaalerfgoed.poolparty.biz/globalise/cf7cc49f-738b-48b0-80a7-476244ba4919,river
GLOB_RT_8,Songi Sagara Oerip|Sungai Segara Urip,Sungai Segara Urip,-,-,POINT EMPTY,https://digitaalerfgoed.poolparty.biz/globalise/cf7cc49f-738b-48b0-80a7-476244ba4919,river
GLOB_RT_80,Sungai Bungko|Songi Boncko,Sungai Bungko,-6.55414,108.52137,POINT (108.52137 -6.55414),https://digitaalerfgoed.poolparty.biz/globalise/cf7cc49f-738b-48b0-80a7-476244ba4919,river
GLOB_RT_81,Sungai Celangcang|Songi Selansiang,Sungai Celangcang,-6.6494,108.5288,POINT (108.5288 -6.6494),https://digitaalerfgoed.poolparty.biz/globalise/cf7cc49f-738b-48b0-80a7-476244ba4919,river
GLOB_RT_82,Kalisapu|Qualisapoe,Kalisapu,-6.661,108.5482,POINT (108.5482 -6.661),https://digitaalerfgoed.poolparty.biz/globalise/06278cc4-0ec4-4376-b869-8c21bf507894,region
GLOB_RT_83,H. Lossary|Tanjung Losari,Tanjung Losari,-6.73937,108.83439,POINT (108.83439 -6.73937),https://digitaalerfgoed.poolparty.biz/globalise/50310cac-a6c2-4e9d-9162-ebaa073a9835,point
GLOB_RT_84,Sungai Krakahan|Songi Carrakahan,Sungai Krakahan,-6.8514,108.8852,POINT (108.8852 -6.8514),https://digitaalerfgoed.poolparty.biz/globalise/cf7cc49f-738b-48b0-80a7-476244ba4919,river
GLOB_RT_85,Tanjung Pasir|De Ruyge H.|Oudjong Java ,Tanjung Pasir,-6.01278,106.67861,POINT (106.67861 -6.01278),https://digitaalerfgoed.poolparty.biz/globalise/50310cac-a6c2-4e9d-9162-ebaa073a9835,point
GLOB_RT_86,Cadang Awer|Kandanghaur,Kandanghaur,-6.35477,108.10683,POINT (108.10683 -6.35477),https://digitaalerfgoed.poolparty.biz/globalise/46724d25-aa94-4848-a8ca-17fe02b0db2b,settlement
GLOB_RT_87,Ciparage|Thipparaga,Ciparage,-6.16583,107.49694,POINT (107.49694 -6.16583),https://digitaalerfgoed.poolparty.biz/globalise/d4dafba3-2344-4f5a-a94d-ed988069d0e5,village
GLOB_RT_88,Chillamaya |Tanjung Cilamaya|Schadelijke Hoek,Tanjung Cilamaya,-6.24889,107.59139,POINT (107.59139 -6.24889),https://digitaalerfgoed.poolparty.biz/globalise/46724d25-aa94-4848-a8ca-17fe02b0db2b,settlement
GLOB_RT_89,Sedulang Reefs|Carang Sandalang,Sedulang Reefs,-6.13333,107.58333,POINT (107.58333 -6.13333),https://digitaalerfgoed.poolparty.biz/globalise/ea0cf4b3-3d82-4ff6-ad10-12e77f581218,cape
GLOB_RT_9,Ampel,Ampel,-7.2319,112.7429,POINT (112.7429 -7.2319),https://digitaalerfgoed.poolparty.biz/globalise/d4dafba3-2344-4f5a-a94d-ed988069d0e5,village
GLOB_RT_90,Chamara|Cemara,Cemara,-6.015,107.38528,POINT (107.38528 -6.015),https://digitaalerfgoed.poolparty.biz/globalise/46724d25-aa94-4848-a8ca-17fe02b0db2b,settlement
GLOB_RT_91,Sadary|Sedari,Sedari,-5.9601,107.30046,POINT (107.30046 -5.9601),https://digitaalerfgoed.poolparty.biz/globalise/46724d25-aa94-4848-a8ca-17fe02b0db2b,settlement
GLOB_RT_92,Sarakan|Sarackan,Sarakan,-5.97694,107.21722,POINT (107.21722 -5.97694),https://digitaalerfgoed.poolparty.biz/globalise/cf7cc49f-738b-48b0-80a7-476244ba4919,river
GLOB_RT_93,Packis|Pakis (Karawang),Pakis (Karawang),-5.97472,107.12889,POINT (107.12889 -5.97472),https://digitaalerfgoed.poolparty.biz/globalise/d4dafba3-2344-4f5a-a94d-ed988069d0e5,village
GLOB_RT_95,Jeruk|Ieroek,Jeruk,-,-,POINT EMPTY,https://digitaalerfgoed.poolparty.biz/globalise/cf7cc49f-738b-48b0-80a7-476244ba4919,river
GLOB_RT_96,H. Bobocks|Tanjung Bobos,Tanjung Bobos,-6.18333,107.81667,POINT (107.81667 -6.18333),https://digitaalerfgoed.poolparty.biz/globalise/50310cac-a6c2-4e9d-9162-ebaa073a9835,point
GLOB_RT_97,Grote Versche R.|Sungai Besar,Sungai Besar,-5.98,107.01333,POINT (107.01333 -5.98),https://digitaalerfgoed.poolparty.biz/globalise/cf7cc49f-738b-48b0-80a7-476244ba4919,river
GLOB_RT_98,Karang Jeruk|met laag water eenige steene boven,Karang Jeruk,-,-,POINT EMPTY,-,-
NEW_ADMIN_NB_1,Ratnagiri,Ratnagiri,-,-,POINT EMPTY,-,-
NEW_ADMIN_NB_2,Sangli,Sangli,-,-,POINT EMPTY,-,-
NR_0,Rani|Ranny|Ranij,Ranny,12.392592,75.032989,POINT (75.032989 12.392592),-,-
NR_0_HUM_1,Ranny (Fort)|Fortressranij|Fort Rani,Ranny (Fort),12.392592,75.032989,POINT (75.032989 12.392592),https://digitaalerfgoed.poolparty.biz/globalise/84767cdb-cabe-4384-9e51-faca2ae3b864,fort
NR_1,Calahalam,Calahalam,-,-,POINT EMPTY,-,-
NR_100,Poejeparon|Poenjapare|Punnapra|Poenjeparon,Punnapra,9.43333,76.35,POINT (76.35 9.43333),-,-
NR_100_HUM_1,Punnapra (Temple)|Pagood Poejeparon|Pagood Poenjeparon|Pagood Poenjapare,Punnapra (Temple),9.43333,76.35,POINT (76.35 9.43333),https://digitaalerfgoed.poolparty.biz/globalise/02db354d-bbd0-4122-aa18-00d6fe8cba28,temple
NR_101,Ambelepe|Ambeleppe |Ambalapuzha|Ampeleppe,Ambalapuzha,9.38462,76.35507,POINT (76.35507 9.38462),-,-
NR_101_HUM_1,Fortres Ampeleppe|Ambalapuzha (Fortress)|Fortresse Ambeleppe|Fortres Ambelepe,Ambalapuzha (Fortress),9.38462,76.35507,POINT (76.35507 9.38462),https://digitaalerfgoed.poolparty.biz/globalise/84767cdb-cabe-4384-9e51-faca2ae3b864,fort
NR_103,Anaseram|Anandeswaram,Anandeswaram,9.334972,76.373917,POINT (76.373917 9.334972),-,-
NR_103_HUM_1,Pagood Anaseram|Anandeshwaram Mahadeva Temple,Anandeshwaram Mahadeva Temple,9.334972,76.373917,POINT (76.373917 9.334972),https://digitaalerfgoed.poolparty.biz/globalise/02db354d-bbd0-4122-aa18-00d6fe8cba28,temple
NR_104,Palloenai|Pallana|Paloenai,Pallana,9.29909,76.38905,POINT (76.38905 9.29909),-,-
NR_105,Paravur (Ernakulam)|Paroe ,Paravur (Ernakulam),10.12361,76.26708,POINT (76.26708 10.12361),-,-
NR_105_GEO_1,Paravur (River)|Spruijt v. Paroe|Spruit van Paroe,Paravur (River),10.12361,76.26708,POINT (76.26708 10.12361),https://digitaalerfgoed.poolparty.biz/globalise/cf7cc49f-738b-48b0-80a7-476244ba4919,river
NR_105_HUM_1,Paravur (Kingdom)|T Ryk van Paroe|Landen van Paroe|'t Ryck van Paroe,Paravur (Kingdom),10.12361,76.26708,POINT (76.26708 10.12361),https://digitaalerfgoed.poolparty.biz/globalise/6f1f178a-fa6f-4553-a723-99f9d909a771,kingdom
NR_106,Paroe (in het Land van den Samoryn),Paroe (in het Land van den Samoryn),-,-,POINT EMPTY,-,-
NR_107,Anjeepare|Arattupuzha (Alappuzha)|Antjepanne|Anjiepanne,Arattupuzha (Alappuzha),9.187931,76.4431,POINT (76.4431 9.187931),-,-
NR_107_HUM_1,Pagood van Anjiepanne|Pagood v: Anjiepanne|Arattupuzha (Temple)|Pagood Anjeepare,Arattupuzha (Temple),9.187931,76.4431,POINT (76.4431 9.187931),https://digitaalerfgoed.poolparty.biz/globalise/02db354d-bbd0-4122-aa18-00d6fe8cba28,temple
NR_109,Elaboe,Elaboe,9.13704,76.46495,POINT (76.46495 9.13704),-,-
NR_109_HUM_1,Elaboe (Temple)|Pagood Elaboe,Elaboe (Temple),9.13704,76.46495,POINT (76.46495 9.13704),https://digitaalerfgoed.poolparty.biz/globalise/02db354d-bbd0-4122-aa18-00d6fe8cba28,temple
NR_11,Mandij|Wandij|Mandie|Munderi,Munderi,12.02633,75.40541,POINT (75.40541 12.02633),-,-
NR_110,Klappene|Clappana|Klapene,Clappana,9.10616,76.4984,POINT (76.4984 9.10616),-,-
NR_110_HUM_1,Tolhuys v: Klappene|Tollhuijs v. Klappene|Clappana (Tollhouse),Clappana (Tollhouse),9.10616,76.4984,POINT (76.4984 9.10616),https://digitaalerfgoed.poolparty.biz/globalise/6e10b4e5-2a9a-4272-b10d-23c19f1e7448,tollhouse
NR_111,Paranagarapoera,Paranagarapoera,9.1,76.5,POINT (76.5 9.1),-,-
NR_112,Alipaar|Alipare|Alipaare|Alappad,Alappad,9.083333,76.483333,POINT (76.483333 9.083333),-,-
NR_112_GEO_1,Zoutpannen v: Alipaar|Alappad (Salt flat),Alappad (Salt flat),9.083333,76.483333,POINT (76.483333 9.083333),https://digitaalerfgoed.poolparty.biz/globalise/313f2a2a-6033-4593-9a19-9bc033e1f506,salt flat
NR_112_HUM_1,Pagood v: Alipaar|Pagood van Alipaare|Pagood Alipare|Alappad (Temple),Alappad (Temple),9.083333,76.483333,POINT (76.483333 9.083333),https://digitaalerfgoed.poolparty.biz/globalise/02db354d-bbd0-4122-aa18-00d6fe8cba28,temple
NR_113,Coesipalij|Coypalla|Coeipalla|Kuzhithura,Kuzhithura,9.1,76.5,POINT (76.5 9.1),-,-
NR_114,Parejekapadoe|Parayakadavu|Parejekaddapoeda|Parejekaddapoedda,Parayakadavu,9.1,76.5,POINT (76.5 9.1),-,-
NR_114_HUM_1,Tollhuijs gent Parejekaddapoedda|Tolhuys. Parejekaddapoeda|Parayakadavu (Tollhouse),Parayakadavu (Tollhouse),9.1,76.5,POINT (76.5 9.1),https://digitaalerfgoed.poolparty.biz/globalise/6e10b4e5-2a9a-4272-b10d-23c19f1e7448,tollhouse
NR_116,Tallangoa|Tallagoa,Tallagoa,8.96727,76.54188,POINT (76.54188 8.96727),-,-
NR_117,Tjaparra|Charrara|Chavara|Tiaparra,Chavara,8.96727,76.54188,POINT (76.54188 8.96727),-,-
NR_118,Caratoratoerdi|Karattura|Camelaradoerdi|Caratoratoertij,Karattura,8.9749,76.52906,POINT (76.52906 8.9749),-,-
NR_119,Maniabadda|Marumanatura|Mamabadda,Marumanatura,8.95209,76.53745,POINT (76.53745 8.95209),-,-
NR_12,Kannapuram|Karnaple|Canaple,Kannapuram,11.98434,75.30414,POINT (75.30414 11.98434),-,-
NR_120,Dalavapuram|Talawapoere,Dalavapuram,8.94865,76.55091,POINT (76.55091 8.94865),-,-
NR_122,Mongadoe|Monkam,Monkam,8.92274,76.5725,POINT (76.5725 8.92274),-,-
NR_123,Moekalon|Mukkad|Moukatong|Moukelan,Mukkad,8.92869,76.55727,POINT (76.55727 8.92869),-,-
NR_124,Poerioepe|Periaepe,Poerioepe,8.881609,76.568466,POINT (76.568466 8.881609),-,-
NR_126,Poely Eboeny|Poelidoeni|Panavally,Panavally,9.817222,76.351111,POINT (76.351111 9.817222),-,-
NR_126_HUM_1,Panavally (Temple)|Pagood Poelidoeni|Pagood Poely Eboeny,Panavally (Temple),9.817222,76.351111,POINT (76.351111 9.817222),https://digitaalerfgoed.poolparty.biz/globalise/02db354d-bbd0-4122-aa18-00d6fe8cba28,temple
NR_127,Turavur|T' Land Torouw,Turavur,9.7666,76.31667,POINT (76.31667 9.7666),-,-
NR_128,Daicatitjeri|Thaikkattussery|Dai Katitjeri,Thaikkattussery,9.782111,76.3512,POINT (76.3512 9.782111),-,-
NR_13,Chali|Challee|Challij|Chaliyar ,Chaliyar ,11.15,75.81667,POINT (75.81667 11.15),-,-
NR_130,Canatoertij|Kodamthuruth|Conatoerdi,Kodamthuruth,9.80062,76.30153,POINT (76.30153 9.80062),-,-
NR_130_HUM_1,Dorp Conatoerdi|Kodamthuruth (village),Kodamthuruth (village),9.80062,76.30153,POINT (76.30153 9.80062),https://digitaalerfgoed.poolparty.biz/globalise/d4dafba3-2344-4f5a-a94d-ed988069d0e5,village
NR_131,Pottiparam|Pattanakkad|Poettengadoe,Pattanakkad,9.7325,76.31758,POINT (76.31758 9.7325),-,-
NR_131_GEO_1,Pattanakkad (Island)|T E. Poettengadoe,Pattanakkad (Island),9.7325,76.31758,POINT (76.31758 9.7325),https://digitaalerfgoed.poolparty.biz/globalise/d8b4d9c6-11b3-430a-ba08-48eb1f3a8f56,island
NR_133,Kerdele|Kerdelle|Cherthala|Ceretale,Cherthala,9.68444,76.33558,POINT (76.33558 9.68444),-,-
NR_133_HUM_1,Pagood Kerdelle|Cherthala (Temple) |Pagood Kerdele|Pagood Ceretale,Cherthala (Temple) ,9.68444,76.33558,POINT (76.33558 9.68444),https://digitaalerfgoed.poolparty.biz/globalise/02db354d-bbd0-4122-aa18-00d6fe8cba28,temple
NR_134,Tjenkandong|Chenganda,Chenganda,9.7082,76.362,POINT (76.362 9.7082),-,-
NR_135,Varanad|Paronatij|Paronati,Varanad,9.696518,76.361995,POINT (76.361995 9.696518),-,-
NR_135_HUM_1,Pagood Paronatij|Pagood Paronati|Varanad Devi Temple,Varanad Devi Temple,9.696518,76.361995,POINT (76.361995 9.696518),https://digitaalerfgoed.poolparty.biz/globalise/02db354d-bbd0-4122-aa18-00d6fe8cba28,temple
NR_137,Cheramagalan|Cherimagalam 's Comps|Charamangalam |Cherimagalame Comps,Charamangalam ,9.61963,76.36369,POINT (76.36369 9.61963),https://digitaalerfgoed.poolparty.biz/globalise/49b48294-d3be-4a92-a066-a13be466993c,VOC administered area
NR_14,Vemenij|Vermenij|Vanneri,Vanneri,10.69329,75.988751,POINT (75.988751 10.69329),-,-
NR_141,Karumady|Caremattie|Caromartie,Karumady,9.366667,76.383333,POINT (76.383333 9.366667),-,-
NR_141_HUM_1,Pagood Caromartie|Pagood v. Caromartie|Karumady (Temple),Karumady (Temple),9.366667,76.383333,POINT (76.383333 9.366667),https://digitaalerfgoed.poolparty.biz/globalise/02db354d-bbd0-4122-aa18-00d6fe8cba28,temple
NR_147,Calliakatte|Calliacatta|Caliacatta|Calacatta|Kallickad (Alappuzha)|Calicatte|Morenbril |Pagodinha,Kallickad (Alappuzha),9.187931,76.4431,POINT (76.4431 9.187931),-,-
NR_147_HUM_1,Kallickad (Plantation)|'s Comps: Tuin v: Calliakatte|Compagnies Thuijn Caliacatta|Comps Thuijn gent Calliacatta,Kallickad (Plantation),9.187931,76.4431,POINT (76.4431 9.187931),https://digitaalerfgoed.poolparty.biz/globalise/3ab57615-93bf-49cc-a1f0-327e14ca1cfa,plantation
NR_15,Pallur (Thrissur)|Palur,Pallur (Thrissur),10.75916,76.23184,POINT (76.23184 10.75916),-,-
NR_151,Perieoekere|Perioekere|Poruvakara,Poruvakara,9.01668,76.53282,POINT (76.53282 9.01668),-,-
NR_152,Ponmana|Poimana,Ponmana,9.00798,76.52023,POINT (76.52023 9.00798),-,-
NR_152_HUM_1,Ponmana (Resthouse)|Rusthuijs van Poimana|Rusthuis v. Poimana,Ponmana (Resthouse),9.00798,76.52023,POINT (76.52023 9.00798),https://digitaalerfgoed.poolparty.biz/globalise/e6708012-d771-481c-b0e7-a2a1d34972f2,resthouse
NR_153,Kovilthottam|Koidodde|Koijdodde,Kovilthottam,8.9952,76.52325,POINT (76.52325 8.9952),-,-
NR_16,Chettikkad|Dedecattoe|Chatta|Tedekaddo|Dedecadoe,Chettikkad,10.17949,76.19001,POINT (76.19001 10.17949),-,-
NR_160,Ariebolla|Aravila|Arieboela,Aravila,8.91907,76.55999,POINT (76.55999 8.91907),-,-
NR_162,Palederi,Palederi,8.89583,76.5778,POINT (76.5778 8.89583),-,-
NR_163,Tjepoellekadoe|Tjepoellekaddon|Thoppilkadavu,Thoppilkadavu,8.89543,76.5726,POINT (76.5726 8.89543),-,-
NR_164,Moekallepalong|Mulamkadakam|Moekallepadang,Mulamkadakam,8.89628,76.5665,POINT (76.5665 8.89628),-,-
NR_164_HUM_1,Pagood Moekallepadang|Mulamkadakam (Temple)|Pagood Moekallepalong,Mulamkadakam (Temple),8.89628,76.5665,POINT (76.5665 8.89628),https://digitaalerfgoed.poolparty.biz/globalise/02db354d-bbd0-4122-aa18-00d6fe8cba28,temple
NR_16_GEO_1,Dedecattoe|Chettikkad (Island)|Dedecadoe|Tedekaddo,Chettikkad (Island),10.17949,76.19001,POINT (76.19001 10.17949),https://digitaalerfgoed.poolparty.biz/globalise/d8b4d9c6-11b3-430a-ba08-48eb1f3a8f56,island
NR_17,Diamper|Udayamperoor|Odieamper,Udayamperoor,9.89585,76.36824,POINT (76.36824 9.89585),-,-
NR_177,Naampali|Mambilly|Naampalli,Mambilly,10.486439,76.0919,POINT (76.0919 10.486439),-,-
NR_179,Eretjeribondari|Edassery|Ericheribondari,Edassery,10.44036,76.09483,POINT (76.09483 10.44036),-,-
NR_18 ,Paliport|Mannapaad|Paliporto |Pallippuram (Ernakulam)|Palliepoort,Pallippuram (Ernakulam),10.15082,76.18958,POINT (76.18958 10.15082),-,-
NR_180,Toelampi Kattong|Toelampikatoe|Foelampikattong,Toelampikatoe,10.4526,76.103,POINT (76.103 10.4526),-,-
NR_184,Gipoellicarre|Kizhuppillikkara|Gipoellekarre|Gipoelicare,Kizhuppillikkara,10.39668,76.14069,POINT (76.14069 10.39668),-,-
NR_185,Painoor|Saynoertjeri|Saijnoercherij,Painoor,10.394969,76.130231,POINT (76.130231 10.394969),-,-
NR_185_GEO_1,Spruyt Saynoertjeri|Spruijt Saijnoercherij|Painoor (River),Painoor (River),10.394969,76.130231,POINT (76.130231 10.394969),https://digitaalerfgoed.poolparty.biz/globalise/cf7cc49f-738b-48b0-80a7-476244ba4919,river
NR_186,s Comps Limiet genaamt Edamoetong|Edamuttam|Limiet Eddamoeton,Edamuttam,10.370981,76.127919,POINT (76.127919 10.370981),-,-
NR_187,Chalingad|Calignarum,Chalingad,10.329881,76.145819,POINT (76.145819 10.329881),-,-
NR_188,Tjenkado,Tjenkado,10.329881,76.145819,POINT (76.145819 10.329881),-,-
NR_189,Paddoyakaddo|Puthiyakavu|Poddoyacodde|Paddoyacoddoe,Puthiyakavu,10.295769,76.156039,POINT (76.156039 10.295769),-,-
NR_190,Codachera|Coddacherra|Coddacherij|Kodakara,Kodakara,10.36203,76.29611,POINT (76.29611 10.36203),-,-
NR_190_GEO_1,Kodakara (River)|R. Codachera|Revier Coddacherij|Riv: Coddacherra,Kodakara (River),10.36203,76.29611,POINT (76.29611 10.36203),https://digitaalerfgoed.poolparty.biz/globalise/cf7cc49f-738b-48b0-80a7-476244ba4919,river
NR_192,Caniencolangare|Caniamcolam|Kannamkulangara|Canian Colam,Kannamkulangara,10.31328,76.14847,POINT (76.14847 10.31328),-,-
NR_194,Poettengadong|Poetengaddong|Panangad,Panangad,10.27284,76.17475,POINT (76.17475 10.27284),-,-
NR_195,Poecotte|Poekotte|Pocotte,Pocotte,10.308119,76.185031,POINT (76.185031 10.308119),-,-
NR_195_GEO_1,Spruitje na Pocotte|Spruijt Poecotte|Pocotte (River)|Spruyt Poekotte,Pocotte (River),10.308119,76.185031,POINT (76.185031 10.308119),https://digitaalerfgoed.poolparty.biz/globalise/cf7cc49f-738b-48b0-80a7-476244ba4919,river
NR_195_HUM_1,Pocotte (Church)|Kerk van Pocotte,Pocotte (Church),10.308119,76.185031,POINT (76.185031 10.308119),https://digitaalerfgoed.poolparty.biz/globalise/d988ee0d-6b1c-4ba3-96f5-a95a5fd672da,church
NR_196,Ennegattij|Edavanakad,Edavanakad,10.08365,76.20947,POINT (76.20947 10.08365),-,-
NR_197,Vettutman|Bettumanoe|Wellutman,Bettumanoe,10.27284,76.17475,POINT (76.17475 10.27284),-,-
NR_198,Manjanakat|Menjanacodo|Manjanakkad,Manjanakkad,10.045909,76.231653,POINT (76.231653 10.045909),-,-
NR_198_GEO_1,Menjanacodo|E. Manjanakat|Manjanakkad (Island),Manjanakkad (Island),10.045909,76.231653,POINT (76.231653 10.045909),https://digitaalerfgoed.poolparty.biz/globalise/d8b4d9c6-11b3-430a-ba08-48eb1f3a8f56,island
NR_2,Termapatan|Tremepatnam|Tenepatnam|Tennepatnam ,Tennepatnam ,-,-,POINT EMPTY,-,-
NR_20,Kalbare|Kalbara|Calbale|Calbara,Calbara,-,-,POINT EMPTY,-,-
NR_200,Thiruvanchikulam|Tirivanjancolam|Tiriwangancolom|Siriwanjancola,Thiruvanchikulam,10.20843,76.2072,POINT (76.2072 10.20843),-,-
NR_200_HUM_1,Pagood Tirivanjancolam|Pagood Tiriwangancolom|Pagood Siriwanjancola|Thiruvanchikulam (Temple),Thiruvanchikulam (Temple),10.20843,76.2072,POINT (76.2072 10.20843),https://digitaalerfgoed.poolparty.biz/globalise/02db354d-bbd0-4122-aa18-00d6fe8cba28,temple
NR_201,Anapoera|Anapuzha,Anapuzha,10.20843,76.2072,POINT (76.2072 10.20843),-,-
NR_202,Maliankara|Molongerry,Maliankara,10.181739,76.185061,POINT (76.185061 10.181739),-,-
NR_205,Kottuvallikkad|Catolicado|Catolicadoe 's Comps.|Cadelicatoe Comps,Kottuvallikkad,10.18995,76.20079,POINT (76.20079 10.18995),-,-
NR_205_GEO_1,Cadelicatoe Comps|Catolicado|Catolicadoe 's Comps.|Kottuvallikkad (Island),Kottuvallikkad (Island),10.18995,76.20079,POINT (76.20079 10.18995),https://digitaalerfgoed.poolparty.biz/globalise/d8b4d9c6-11b3-430a-ba08-48eb1f3a8f56,island
NR_211,Manielle,Manielle,10.015,76.22,POINT (76.22 10.015),-,-
NR_211_HUM_1,Pagood Manielle|Manielle (Temple),Manielle (Temple),10.015,76.22,POINT (76.22 10.015),https://digitaalerfgoed.poolparty.biz/globalise/02db354d-bbd0-4122-aa18-00d6fe8cba28,temple
NR_212,Tammerbaton|Tamerbaton|Thamaravattom|Tammerbatong,Thamaravattom,10.06334,76.22615,POINT (76.22615 10.06334),-,-
NR_212_GEO_1,E. Tammerbaton|Eyl. Tammerbatong K: v. C|Tamerbaton van Cochim|Thamaravattom (Island),Thamaravattom (Island),10.06334,76.22615,POINT (76.22615 10.06334),https://digitaalerfgoed.poolparty.biz/globalise/d8b4d9c6-11b3-430a-ba08-48eb1f3a8f56,island
NR_213,Kallumadam-Valiyavattom|Baliabadong|Baliabatton|Baliabagodde,Kallumadam-Valiyavattom,10.048076,76.225756,POINT (76.225756 10.048076),-,-
NR_213_GEO_1,Baliabatton van den Koning van Cochim|T. E. Baliabagodde|t Eyland Baliabadong K: v: C.|Kallumadam-Valiyavattom (island),Kallumadam-Valiyavattom (island),10.048076,76.225756,POINT (76.225756 10.048076),https://digitaalerfgoed.poolparty.biz/globalise/d8b4d9c6-11b3-430a-ba08-48eb1f3a8f56,island
NR_214,Nedoegnatoe|Nedoenatoe|Nedungad,Nedungad,10.06334,76.22615,POINT (76.22615 10.06334),https://digitaalerfgoed.poolparty.biz/globalise/d8b4d9c6-11b3-430a-ba08-48eb1f3a8f56,island
NR_214_GEO_1,Nedungad (Island)|t Eyland Nedoegnatoe K: v. C|T. E. Nedoegnatoe|Nedoenatoe van Cochim,Nedungad (Island),10.06334,76.22615,POINT (76.22615 10.06334),-,-
NR_215,Ilha de Pingieon|Eilt. van Pindalo|Pigeon Island|Netrani Island,Netrani Island,14.01684,74.32672,POINT (74.32672 14.01684),https://digitaalerfgoed.poolparty.biz/globalise/d8b4d9c6-11b3-430a-ba08-48eb1f3a8f56,island
NR_217,Narika|Narakal|Narque|Narikepaye|Narike ,Narakal,10.03833,76.2221,POINT (76.2221 10.03833),-,-
NR_217_HUM_1,'t Dorp Narike|Narakal (Village)|T. Dorp Narikepaye,Narakal (Village),10.03833,76.2221,POINT (76.2221 10.03833),https://digitaalerfgoed.poolparty.biz/globalise/d4dafba3-2344-4f5a-a94d-ed988069d0e5,village
NR_218,Baccanoor|Bakkanore|Barquenoor|Barkur|Baquinoor,Barkur,13.46556,74.74639,POINT (74.74639 13.46556),-,-
NR_218_HUM_1,Barkur (European Settlement)|Baquinoor,Barkur (European Settlement),13.46556,74.74639,POINT (74.74639 13.46556),https://digitaalerfgoed.poolparty.biz/globalise/c12eaa34-8bf0-4f08-92b8-195871dbf949,european settlement
NR_22,Paliaparon|Pallipuram (Alappuzha)|Paliporam,Pallipuram (Alappuzha),9.75502,76.35724,POINT (76.35724 9.75502),-,-
NR_221,Bardella|Bardela|Vaduthala (Alappuzha),Vaduthala (Alappuzha),9.8694,76.30498,POINT (76.30498 9.8694),-,-
NR_221_GEO_1,T Eyland Bardella|Vaduthala (Island),Vaduthala (Island),9.8694,76.30498,POINT (76.30498 9.8694),https://digitaalerfgoed.poolparty.biz/globalise/d8b4d9c6-11b3-430a-ba08-48eb1f3a8f56,island
NR_222,Cheleri|Teleri|Gangar|Tilcerij|Gongar,Cheleri,11.94787,75.427628,POINT (75.427628 11.94787),-,-
NR_223,Ariebaron,Ariebaron,10.50563,76.06555,POINT (76.06555 10.50563),-,-
NR_224,Chetere|Tjetodde,Tjetodde,10.46905,76.08129,POINT (76.08129 10.46905),-,-
NR_224_GEO_1,Spruit Chetere|Spruyt Tjetodde,Spruyt Tjetodde,10.46905,76.08129,POINT (76.08129 10.46905),https://digitaalerfgoed.poolparty.biz/globalise/cf7cc49f-738b-48b0-80a7-476244ba4919,river
NR_225,Idikarre|Itegarre,Idikarre,10.46905,76.08129,POINT (76.08129 10.46905),-,-
NR_225_GEO_1,Spruit Itegarre|Spruyt Idikarre,Spruyt Idikarre,10.46905,76.08129,POINT (76.08129 10.46905),https://digitaalerfgoed.poolparty.biz/globalise/cf7cc49f-738b-48b0-80a7-476244ba4919,river
NR_226,Cacatoertij|Kakkathuruth (Alappuzha)|Cacatoerdi,Kakkathuruth (Alappuzha),9.816944,76.325,POINT (76.325 9.816944),-,-
NR_226_GEO_1,T' E. Cacatoerdi|Kakkathuruth (Island),Kakkathuruth (Island),9.816944,76.325,POINT (76.325 9.816944),https://digitaalerfgoed.poolparty.biz/globalise/d8b4d9c6-11b3-430a-ba08-48eb1f3a8f56,island
NR_227,Ilha. de S: Maria|St. Mary's Islands|Marias Eijlant|St. maria Eild.|Eilandjes van St. Maria,St. Mary's Islands,13.379444,74.673056,POINT (74.673056 13.379444),https://digitaalerfgoed.poolparty.biz/globalise/25b09c82-eab3-41d4-9c36-831cfc2b496c,islands
NR_228,Masserany|Meserom|Masaran|Manjeshwaram,Manjeshwaram,12.7,74.866667,POINT (74.866667 12.7),-,-
NR_229,"Kerck St. Andries.|St. Andrées|St. Andries|De kerk St. Andries|St. Andreis|de Kerk St. Andrés|St. Andrew's Basilica, Arthunkal","St. Andrew's Basilica, Arthunkal",9.661111,76.300389,POINT (76.300389 9.661111),https://digitaalerfgoed.poolparty.biz/globalise/d988ee0d-6b1c-4ba3-96f5-a95a5fd672da,church
NR_22_HUM_1,Pallipuram (Church)|Kerck v. Paliaparon,Pallipuram (Church),9.75502,76.35724,POINT (76.35724 9.75502),https://digitaalerfgoed.poolparty.biz/globalise/d988ee0d-6b1c-4ba3-96f5-a95a5fd672da,church
NR_22_HUM_2,Pagood Paliaparon|Pallipuram (Temple)|Pagood Paliporam,Pallipuram (Temple),9.75502,76.35724,POINT (76.35724 9.75502),https://digitaalerfgoed.poolparty.biz/globalise/02db354d-bbd0-4122-aa18-00d6fe8cba28,temple
NR_23,Kleijn Aywike|Klein Aywike|Klijn Aijwike|Klein Aywieke|Klijn Aijwika,Kleijn Aywike,8.94865,76.55091,POINT (76.55091 8.94865),-,-
NR_230,Dieven Eyland|'t Dieven Eyland K: v: Trev|Munro Island|E. Dieven|Pathiramanal,Pathiramanal,9.61851,76.38497,POINT (76.38497 9.61851),https://digitaalerfgoed.poolparty.biz/globalise/d8b4d9c6-11b3-430a-ba08-48eb1f3a8f56,island
NR_233,"de Kerk Sinjore Sagoedr|Our Lady of Health, Saude (Church)|Kerck, Nossa Senhora da Saude|Senhora de Saude","Our Lady of Health, Saude (Church)",9.927778,76.255278,POINT (76.255278 9.927778),https://digitaalerfgoed.poolparty.biz/globalise/d988ee0d-6b1c-4ba3-96f5-a95a5fd672da,church
NR_234,Angamale|Angamali|Angamalla,Angamali,10.19055,76.38789,POINT (76.38789 10.19055),-,-
NR_235,Triwolay|Tiruvalla|Trivolaij|Turubele,Tiruvalla,9.3816,76.57489,POINT (76.57489 9.3816),-,-
NR_236,Injam|Vizhinjam|Brinsjan,Vizhinjam,8.38284,76.98893,POINT (76.98893 8.38284),-,-
NR_237,St. Paulo Madre de Deos,St. Paulo Madre de Deos,9.7498,76.47305,POINT (76.47305 9.7498),https://digitaalerfgoed.poolparty.biz/globalise/d988ee0d-6b1c-4ba3-96f5-a95a5fd672da,church
NR_238,"St: Maria Maijor. |St. Mary's Syro Malabar Church, Koratty","St. Mary's Syro Malabar Church, Koratty",10.265226,76.346026,POINT (76.346026 10.265226),https://digitaalerfgoed.poolparty.biz/globalise/d988ee0d-6b1c-4ba3-96f5-a95a5fd672da,church
NR_239,Malayattoor|Malacatoer|Maliantoer,Malayattoor,10.2,76.5333,POINT (76.5333 10.2),-,-
NR_23_HUM_1,Kleijn Aywike (VOC administered area)|Klijn Aijwika,Kleijn Aywike (VOC administered area),8.94865,76.55091,POINT (76.55091 8.94865),https://digitaalerfgoed.poolparty.biz/globalise/49b48294-d3be-4a92-a066-a13be466993c,VOC administered area
NR_23_HUM_2,Kleijn Aywike (Church)|Kerck v: Klein Aywike|Kerk van Klijn Aijwike,Kleijn Aywike (Church),8.94865,76.55091,POINT (76.55091 8.94865),https://digitaalerfgoed.poolparty.biz/globalise/d988ee0d-6b1c-4ba3-96f5-a95a5fd672da,church
NR_24,Tjerri Aijwike|Cheria Aywika|Tjerri Aywike|Cheriyazheekal,Cheriyazheekal,9.05,76.5,POINT (76.5 9.05),-,-
NR_240,Edakochi|Castella van den Koning van Cochim|Castella,Edakochi,9.906944,76.293955,POINT (76.293955 9.906944),-,-
NR_240_GEO_1,Edakochi (Island)|T Eyl: Castella K:v:C|T. E. Castella,Edakochi (Island),9.906944,76.293955,POINT (76.293955 9.906944),https://digitaalerfgoed.poolparty.biz/globalise/d8b4d9c6-11b3-430a-ba08-48eb1f3a8f56,island
NR_241,Panayakulangara|Pamencollengerre|Paniencollengere,Panayakulangara,10.580803,76.018939,POINT (76.018939 10.580803),-,-
NR_243,'t Muskieten Eyland v: d: Palietter|Moesschitten Eyland|Musquite Eyland,Musquite Eyland,10.1931,76.2236,POINT (76.2236 10.1931),https://digitaalerfgoed.poolparty.biz/globalise/d8b4d9c6-11b3-430a-ba08-48eb1f3a8f56,island
NR_244,Kalvetti|Kalvathy|Caluyte|Calvettij|Callewette,Kalvathy,9.964981,76.247877,POINT (76.247877 9.964981),-,-
NR_245,Thirumullavarum|Triwelaar,Thirumullavarum,8.89442,76.55597,POINT (76.55597 8.89442),-,-
NR_247,Bepoer|Bempoer|Beypore,Beypore,11.18,75.82,POINT (75.82 11.18),-,-
NR_248,Berg van Calicout|Berg Cunio|Vavul Mala|De berg van Calicuth,Vavul Mala,11.4278,76.1304,POINT (76.1304 11.4278),https://digitaalerfgoed.poolparty.biz/globalise/168b4dfb-083c-4c4b-9bc8-4a824da53f0b,mountain
NR_24_GEO_1,Cheriyazheekal (Island)|'t. Eyl: Tjerri Aywike,Cheriyazheekal (Island),9.05,76.5,POINT (76.5 9.05),https://digitaalerfgoed.poolparty.biz/globalise/d8b4d9c6-11b3-430a-ba08-48eb1f3a8f56,island
NR_24_HUM_1,Pagood v: Tjerri Aywike|Cheriyazheekal (Temple)|Pagood v. Tjerri Aijwike,Cheriyazheekal (Temple),9.05,76.5,POINT (76.5 9.05),https://digitaalerfgoed.poolparty.biz/globalise/02db354d-bbd0-4122-aa18-00d6fe8cba28,temple
NR_25,Dharmadam|Darmapatnam|Darmepatan,Dharmadam,11.77538,75.46459,POINT (75.46459 11.77538),-,-
NR_250,St: Jago (Cochin)|St George,St: Jago (Cochin),9.9653,76.24117,POINT (76.24117 9.9653),-,-
NR_250_HUM_1,St: Jago (Church)|De Kerck St. Jago,St: Jago (Church),9.9653,76.24117,POINT (76.24117 9.9653),https://digitaalerfgoed.poolparty.biz/globalise/d988ee0d-6b1c-4ba3-96f5-a95a5fd672da,church
NR_251,Batacalo|Batacalao|Batacala|Baticola|Battecalo|Baticalo|Bhatkal,Bhatkal,13.98534,74.55531,POINT (74.55531 13.98534),-,-
NR_251_HUM_1,Batacalo|Bhatkal (port)|Batacalao|Batacala|Battecalo|Baticalo,Bhatkal (port),13.98534,74.55531,POINT (74.55531 13.98534),https://digitaalerfgoed.poolparty.biz/globalise/93a0b2c9-ad9a-4bab-8620-11b5c1e01f37,port
NR_251_HUM_2,'t Koninkryk Baticola|Bhatkal (Kingdom),Bhatkal (Kingdom),13.98534,74.55531,POINT (74.55531 13.98534),https://digitaalerfgoed.poolparty.biz/globalise/6f1f178a-fa6f-4553-a723-99f9d909a771,kingdom
NR_252,Retora|Reitura|Rutterah|Valiyathura,Valiyathura,8.46306,76.9242,POINT (76.9242 8.46306),-,-
NR_253,"St. Laurence's Church (Edakochi, Kerala)|Kerck v. St. Laurenz|Kerk St. Laurents","St. Laurence's Church (Edakochi, Kerala)",9.896872,76.296036,POINT (76.296036 9.896872),https://digitaalerfgoed.poolparty.biz/globalise/d988ee0d-6b1c-4ba3-96f5-a95a5fd672da,church
NR_254,Coertie|Coetie|Coerti|Gothuruth,Gothuruth,10.254811,76.192631,POINT (76.192631 10.254811),-,-
NR_254_GEO_1,E. Coetie|Eiland Coertie|'t Eyl: Coerti|Gothuruth (Island),Gothuruth (Island),10.254811,76.192631,POINT (76.192631 10.254811),https://digitaalerfgoed.poolparty.biz/globalise/d8b4d9c6-11b3-430a-ba08-48eb1f3a8f56,island
NR_27,Manipoely|Manappally (Kollam)|Manpulim,Manappally (Kollam),9.083333,76.533333,POINT (76.533333 9.083333),-,-
NR_28,Kovalam|Covaer,Kovalam,8.36667,76.99667,POINT (76.99667 8.36667),-,-
NR_29,Vadanappally|Madanapalli|Madanapallij|Maddenapallij,Vadanappally,10.46905,76.08129,POINT (76.08129 10.46905),-,-
NR_29_HUM_1,Comps Wagtpost gent Madanapalli|'s Comps. Wagtpost. Madanapallij|Vadanappally (Guard post),Vadanappally (Guard post),10.46905,76.08129,POINT (76.08129 10.46905),https://digitaalerfgoed.poolparty.biz/globalise/07b3f630-b359-4d5d-a0cd-3c029dc1c394,guard post
NR_2_HUM_1,Termapatan|Tennepatnam (Port city),Tennepatnam (Port city),-,-,POINT EMPTY,https://digitaalerfgoed.poolparty.biz/globalise/20d7cfe7-b3b1-4223-b2b4-d9f6ddb2e683|https://digitaalerfgoed.poolparty.biz/globalise/93a0b2c9-ad9a-4bab-8620-11b5c1e01f37,port|city
NR_3,Ballaseere|Balussery|Balasera,Balussery,11.45,75.83,POINT (75.83 11.45),-,-
NR_30,Tallicolongare|Tallicollongari|Talikkulam,Talikkulam,10.44036,76.09483,POINT (76.09483 10.44036),-,-
NR_31,Chelodi|Tjelooti|Tjeloti,Chelodi,10.44036,76.09483,POINT (76.09483 10.44036),-,-
NR_32,Cherkara|Cherkare|T. Jerri Karre,Cherkara,10.4136,76.1131,POINT (76.1131 10.4136),-,-
NR_33,Triporati|Triperati|Triprayar ,Triprayar ,10.4136,76.1131,POINT (76.1131 10.4136),-,-
NR_33_HUM_1,Triprayar (Temple)|Pagood Triperati|Pagood van Triporati,Triprayar (Temple),10.416667,76.083333,POINT (76.083333 10.416667),https://digitaalerfgoed.poolparty.biz/globalise/02db354d-bbd0-4122-aa18-00d6fe8cba28,temple
NR_34,Parinottere|Parinotteri|Peringottukara,Peringottukara,10.4284,76.121,POINT (76.121 10.4284),-,-
NR_35,Muttichur |Moeditjoere d: K: v. C.|Moedichoere,Muttichur ,10.4526,76.103,POINT (76.103 10.4526),-,-
NR_35_HUM_1,Tolhuys Moeditjoere d: K. v. C.|Tolhuijs v. d. K. v. Cochim|Muttichur (Tollhouse),Muttichur (Tollhouse),10.4526,76.103,POINT (76.103 10.4526),https://digitaalerfgoed.poolparty.biz/globalise/6e10b4e5-2a9a-4272-b10d-23c19f1e7448,tollhouse
NR_36,Dooijkauw|Toyakkavu|Dooykouw,Toyakkavu,10.50853,76.07943,POINT (76.07943 10.50853),-,-
NR_36_HUM_1,Toyakkavu (Tollhouse)|Tolhuys van Dooykouw|Tolhuij. v. Dooijkauw,Toyakkavu (Tollhouse),10.50853,76.07943,POINT (76.07943 10.50853),https://digitaalerfgoed.poolparty.biz/globalise/6e10b4e5-2a9a-4272-b10d-23c19f1e7448,tollhouse
NR_38,Padiani|Padiyam|Padiam,Padiyam,10.4526,76.103,POINT (76.103 10.4526),-,-
NR_39,Tanie|Thanniyam,Thanniyam,10.41667,76.13333,POINT (76.13333 10.41667),-,-
NR_3_HUM_1,Balussery (VOC administered area)|Balasera,Balussery (VOC administered area),11.45,75.83,POINT (75.83 11.45),https://digitaalerfgoed.poolparty.biz/globalise/49b48294-d3be-4a92-a066-a13be466993c,VOC administered area
NR_4,Poonoor|Ponol,Poonoor,11.436611,75.9014,POINT (75.9014 11.436611),-,-
NR_40,Palinjeri|Palingeri|Palintjeri,Palinjeri,10.394969,76.130231,POINT (76.130231 10.394969),-,-
NR_41,Palaparre|Palapaare|Palapetij|Valapad,Valapad,10.398333,76.091667,POINT (76.091667 10.398333),-,-
NR_41_HUM_1,Valapad (Bazaar)|Bazaar Palapetij|Bazaar Palaparre|Basaar Palapaarre,Valapad (Bazaar),10.398333,76.091667,POINT (76.091667 10.398333),https://digitaalerfgoed.poolparty.biz/globalise/81582de8-b667-4ac8-a6b1-c4d21e1f0917,bazaar
NR_42,Chentrappinni|Chenderapoeni|Chendrapony,Chentrappinni,10.355556,76.128056,POINT (76.128056 10.355556),-,-
NR_43,Edoerenhi|Edathirinji|Eddorinho|Edoerinhi,Edathirinji,10.34635,76.170511,POINT (76.170511 10.34635),-,-
NR_44,Mathilakam|Madilagam|Madlegam,Mathilakam,10.290278,76.166667,POINT (76.166667 10.290278),-,-
NR_45,Kakkathiruthy (Thrissur)|Cacadoerdi|Cacatoertij|Cacatoerdi,Kakkathiruthy (Thrissur),10.328789,76.153461,POINT (76.153461 10.328789),-,-
NR_46,de drie hoekorons|de driepoecorons|Drie Bokerons,Drie Bokerons,10.39668,76.14069,POINT (76.14069 10.39668),-,-
NR_47,Katoer|Kattur (Alappuzha),Kattur (Alappuzha),9.5705,76.31486,POINT (76.31486 9.5705),-,-
NR_47_HUM_1,Kattur (Church)|Kerck Katoer|Kerk Katoer,Kattur (Church),9.5705,76.31486,POINT (76.31486 9.5705),https://digitaalerfgoed.poolparty.biz/globalise/d988ee0d-6b1c-4ba3-96f5-a95a5fd672da,church
NR_48,Erlourtie|Edattirutti|Ertoertie|Eddatoertij,Edattirutti,10.36402,76.17373,POINT (76.17373 10.36402),-,-
NR_49,Peringenam|Perinjanam|Peringanum,Perinjanam,10.31328,76.14847,POINT (76.14847 10.31328),-,-
NR_5,Konga,Konga,-,-,POINT EMPTY,-,-
NR_50,Natoetoeroedoe |Natoetorroedoe|Natoederetoe,Natoederetoe,10.308119,76.185031,POINT (76.185031 10.308119),-,-
NR_50_GEO_1,T. Eyland Natoetorroedoe|t Eyland Natoetoeroedoe |T Eijland Natoederetoe,T Eijland Natoederetoe,10.308119,76.185031,POINT (76.185031 10.308119),https://digitaalerfgoed.poolparty.biz/globalise/d8b4d9c6-11b3-430a-ba08-48eb1f3a8f56,island
NR_51,Pariniatoetoertoe|Pariniatoetoerdoe,Pariniatoetoertoe,10.308119,76.185031,POINT (76.185031 10.308119),-,-
NR_51_GEO_1,'t Eyl. Pariniatoetoerdoe|Eijland Pariniatoetoertoe,Eijland Pariniatoetoertoe,10.308119,76.185031,POINT (76.185031 10.308119),https://digitaalerfgoed.poolparty.biz/globalise/d8b4d9c6-11b3-430a-ba08-48eb1f3a8f56,island
NR_53,Ponmanikkudam|Ponnanacodam|Poymanacodda|Panamacodam,Ponmanikkudam,10.31328,76.14847,POINT (76.14847 10.31328),-,-
NR_55,Tirupecolam|Thruppekkulam|Tiroepekolon,Thruppekkulam,10.294546,76.254457,POINT (76.254457 10.294546),-,-
NR_55_HUM_1,Pagood Tiroepekolon|Thruppekkulam (Temple)|Pagood Tirupecolam,Thruppekkulam (Temple),10.294546,76.254457,POINT (76.254457 10.294546),https://digitaalerfgoed.poolparty.biz/globalise/02db354d-bbd0-4122-aa18-00d6fe8cba28,temple
NR_58,Pouloetoe|Poulott|Pullut |Palutij|Poulout|Paluty,Pullut ,10.24421,76.20844,POINT (76.20844 10.24421),-,-
NR_58_GEO_1,'t Eijland Paluty|Pullut (Island)|basaar Palutij,Pullut (Island),10.24421,76.20844,POINT (76.20844 10.24421),https://digitaalerfgoed.poolparty.biz/globalise/d8b4d9c6-11b3-430a-ba08-48eb1f3a8f56,island
NR_58_HUM_1,Pullut (Temple)|Pagood Pouloetoe|Poulout een Pagood v. d. K. v. Cranganoor|Poulott. Pagood d: K: v: Kr.,Pullut (Temple),10.24421,76.20844,POINT (76.20844 10.24421),https://digitaalerfgoed.poolparty.biz/globalise/02db354d-bbd0-4122-aa18-00d6fe8cba28,temple
NR_58_HUM_2,Pullut (Bazaar),Pullut (Bazaar),10.24421,76.20844,POINT (76.20844 10.24421),https://digitaalerfgoed.poolparty.biz/globalise/81582de8-b667-4ac8-a6b1-c4d21e1f0917,bazaar
NR_59,"Amandoor|Limiet Mandoertij|'s Comps. Limiet, Mandoerdi",Amandoor,10.24995,76.170469,POINT (76.170469 10.24995),-,-
NR_6,Cotta Chere|Kuttichira,Kuttichira,11.241739,75.777489,POINT (75.777489 11.241739),-,-
NR_60,Talankarre|Tallancarre|Talecare,Talecare,10.394969,76.130231,POINT (76.130231 10.394969),-,-
NR_63,Manapally (Vypin)|Manapalij,Manapally (Vypin),10.143056,76.197222,POINT (76.197222 10.143056),-,-
NR_65,Chacaracaddo|Chakkarakadavu|Jakkarakarre,Chakkarakadavu,10.143056,76.197222,POINT (76.197222 10.143056),-,-
NR_66,Coeipally|Kuzhuppilly|Coesipally,Kuzhuppilly,10.015,76.22,POINT (76.22 10.015),-,-
NR_67,Jaddonattij|Jaddonatty|Chathanad|Chatanaty,Chathanad,10.06416,76.24565,POINT (76.24565 10.06416),-,-
NR_67_HUM_1,T. Dorp Jaddonattij|t Dorp Jaddonatty|Chathanad (Village),Chathanad (Village),10.06416,76.24565,POINT (76.24565 10.06416),https://digitaalerfgoed.poolparty.biz/globalise/d4dafba3-2344-4f5a-a94d-ed988069d0e5,village
NR_67_HUM_2,Ft Jaddonattij|Chathanad (Fortification)|Batterie Jaddonatty v: d: K: v: Trev:,Chathanad (Fortification),10.06416,76.24565,POINT (76.24565 10.06416),https://digitaalerfgoed.poolparty.biz/globalise/84767cdb-cabe-4384-9e51-faca2ae3b864,fortification
NR_69,Kadamakudi|Groot Cadancode|Groot Gaddangoetti|Groot Gattangoetti K: v. C.,Kadamakudi,10.06416,76.24565,POINT (76.24565 10.06416),-,-
NR_69_GEO_1,Groot Cadancode|Kadamakudi (Island)|Groot Gaddangoetti|Groot Gattangoetti K: v. C.,Kadamakudi (Island),10.06416,76.24565,POINT (76.24565 10.06416),https://digitaalerfgoed.poolparty.biz/globalise/d8b4d9c6-11b3-430a-ba08-48eb1f3a8f56,island
NR_7,Trentpatnam|Trangapatnam|Trintapatam|Tennepatnam,Trentpatnam,-,-,POINT EMPTY,-,-
NR_70,Ellengonape|Ellegoenapaye |Elamkunnapuzha,Elamkunnapuzha,10.02674,76.22229,POINT (76.22229 10.02674),-,-
NR_70_HUM_1,Pagood Ellegoenapaye|Pagood Ellegonape|Elamkunnapuzha Subramanya Swamy (Temple),Elamkunnapuzha Subramanya Swamy (Temple),10.030861,76.228694,POINT (76.228694 10.030861),https://digitaalerfgoed.poolparty.biz/globalise/02db354d-bbd0-4122-aa18-00d6fe8cba28,temple
NR_72,Ochanthuruth|Ootjendoedi|Otjendoertij,Ochanthuruth,10.00253,76.23641,POINT (76.23641 10.00253),-,-
NR_72_GEO_1,Otjendoertij|Ochanthuruth (Island)|E. Diewen v. K. v. Cochim|Dieven Eyland K: v: C.,Ochanthuruth (Island),10.00253,76.23641,POINT (76.23641 10.00253),https://digitaalerfgoed.poolparty.biz/globalise/d8b4d9c6-11b3-430a-ba08-48eb1f3a8f56,island
NR_72_GEO_2,Aoek v. Ootjendoedi|Ochanthuruth (Point),Ochanthuruth (Point),10.00253,76.23641,POINT (76.23641 10.00253),https://digitaalerfgoed.poolparty.biz/globalise/50310cac-a6c2-4e9d-9162-ebaa073a9835,point
NR_73,Bolgatty|Balgatty|Molegare|Pologatti,Bolgatty,9.98447,76.26703,POINT (76.26703 9.98447),-,-
NR_73_GEO_1,'t eyland Molegare|'t Eyland Pologatti d: K: v. C.|Eyland Balgattij|T Eyland Pologatti van den Koning van Cochim|Bolgatty (Island),Bolgatty (Island),9.98447,76.26703,POINT (76.26703 9.98447),https://digitaalerfgoed.poolparty.biz/globalise/d8b4d9c6-11b3-430a-ba08-48eb1f3a8f56,island
NR_74,Paulisten|Balarparte|Palarpart|Palarpant|Vallarpadam,Vallarpadam,9.99941,76.24423,POINT (76.24423 9.99941),-,-
NR_74_GEO_1,Balarparte|Wallarpat Island|E. Paulisten Comps|Paulisten Eyland|Paulisten Eyland 's: Comps.,Wallarpat Island,9.99941,76.24423,POINT (76.24423 9.99941),https://digitaalerfgoed.poolparty.biz/globalise/d8b4d9c6-11b3-430a-ba08-48eb1f3a8f56,island
NR_74_HUM_1,Kerk Palarpant|Vallarpadam (Church)|Kerk Palarpart,Vallarpadam (Church),9.989444,76.260833,POINT (76.260833 9.989444),https://digitaalerfgoed.poolparty.biz/globalise/d988ee0d-6b1c-4ba3-96f5-a95a5fd672da,church
NR_75,Moendicherij|Moendicheri|Moendichery,Moendichery,10.015,76.22,POINT (76.22 10.015),-,-
NR_77,Palluruthy (Cochin)|Paloerti|Paloertij,Palluruthy (Cochin),9.921389,76.273889,POINT (76.273889 9.921389),-,-
NR_77_GEO_1,Hoek v: Paloerti|Aoek v. Paloertie|Palluruthy (Point),Palluruthy (Point),9.921389,76.273889,POINT (76.273889 9.921389),https://digitaalerfgoed.poolparty.biz/globalise/50310cac-a6c2-4e9d-9162-ebaa073a9835,point
NR_77_HUM_1,Pagood Paloertij|Kerck v: Paloerti|Kerk v. Paloertie|Kerkje van Paloertij|Palluruthy (Church),Palluruthy (Church),9.921389,76.273889,POINT (76.273889 9.921389),https://digitaalerfgoed.poolparty.biz/globalise/d988ee0d-6b1c-4ba3-96f5-a95a5fd672da,church
NR_78,Combelon|T Land Combalom|Kumbalam|'t Land Combalon|Combalan,Kumbalam,9.9063,76.31127,POINT (76.31127 9.9063),-,-
NR_79,T Land van Aijroer|'t Land Airouw|T Land Ajrouw|Aroor (Alappuzha),Aroor (Alappuzha),9.8694,76.30498,POINT (76.30498 9.8694),-,-
NR_79_HUM_1,Pager van Ayroer|Pagger v. Ayrouw|Aroor (Fortification),Aroor (Fortification),9.8694,76.30498,POINT (76.30498 9.8694),https://digitaalerfgoed.poolparty.biz/globalise/84767cdb-cabe-4384-9e51-faca2ae3b864,fortification
NR_7_GEO_1,Trintapatam|Trentpatnam (River)|R. van Trangapatnam,Trentpatnam (River),-,-,POINT EMPTY,https://digitaalerfgoed.poolparty.biz/globalise/cf7cc49f-738b-48b0-80a7-476244ba4919,river
NR_7_HUM_1,Trentpatnam (Manufacturing center)|Tennepatnam,Trentpatnam (Manufacturing center),-,-,POINT EMPTY,https://digitaalerfgoed.poolparty.biz/globalise/9909aa42-a02a-45b0-8a8a-a6e549017d6a,manufacturing center
NR_8,Cota|Couta|Coutta |Cotte,Coutta ,11.23333,75.76667,POINT (75.76667 11.23333),-,-
NR_80,Klein Cadancodie|Klein Gandangoetti|Cheria Kadamakudi|Kl: Gattangoetti K: v. C.,Cheria Kadamakudi,10.04299,76.25366,POINT (76.25366 10.04299),-,-
NR_80_GEO_1,Klein Cadancodie|Kl: Gattangoetti K: v. C.|Klein Gandangoetti|Cheria Kadamakudi (Island),Cheria Kadamakudi (Island),10.04299,76.25366,POINT (76.25366 10.04299),https://digitaalerfgoed.poolparty.biz/globalise/d8b4d9c6-11b3-430a-ba08-48eb1f3a8f56,island
NR_81,Oetoewejoe|Oetoenoejoe|Perimbala|Perumbalam,Perumbalam,9.85,76.36667,POINT (76.36667 9.85),-,-
NR_81_GEO_1,Perumbalam (Island)|t Eyl. Oetoewejoe |'t eijland Perimbala|E. Oetoewejoe,Perumbalam (Island),9.85,76.36667,POINT (76.36667 9.85),https://digitaalerfgoed.poolparty.biz/globalise/d8b4d9c6-11b3-430a-ba08-48eb1f3a8f56,island
NR_85,Kundannoor|Cantonati|Canddanallij|Candenatij,Kundannoor,9.969,76.318,POINT (76.318 9.969),-,-
NR_85_GEO_1,'t Eyl: Cantonati K: v: Trev.|T Eyland Cantonati van den Koning Trevancoer|Kundannoor (Island)|Eijland Canddanallij,Kundannoor (Island),9.969,76.318,POINT (76.318 9.969),https://digitaalerfgoed.poolparty.biz/globalise/d8b4d9c6-11b3-430a-ba08-48eb1f3a8f56,island
NR_86,Aybene|Ezhupunna|Aibene,Ezhupunna,9.8211,76.29982,POINT (76.29982 9.8211),-,-
NR_86_GEO_1,Hoek v: Aibene|Ezhupunna (Point),Ezhupunna (Point),9.8211,76.29982,POINT (76.29982 9.8211),https://digitaalerfgoed.poolparty.biz/globalise/50310cac-a6c2-4e9d-9162-ebaa073a9835,point
NR_87,Baijkan|Vaikam|Waikom|Waikon,Vaikam,9.74858,76.39637,POINT (76.39637 9.74858),-,-
NR_87_HUM_1,Vaikam (Temple)|Pagood Waikon|Pagood Waikom|Pagood Baijkan,Vaikam (Temple),9.74858,76.39637,POINT (76.39637 9.74858),https://digitaalerfgoed.poolparty.biz/globalise/02db354d-bbd0-4122-aa18-00d6fe8cba28,temple
NR_88,Kadakkarappally|Kerkerpalij|Kerkerpalli,Kadakkarappally,9.7,76.3,POINT (76.3 9.7),-,-
NR_88_HUM_1,de Kerk Kerkerpalli|Kerck. Kerkerpalli|Kadakkarapally (Church)|Kerkje Kerkerpalij,Kadakkarapally (Church),9.7,76.3,POINT (76.3 9.7),https://digitaalerfgoed.poolparty.biz/globalise/d988ee0d-6b1c-4ba3-96f5-a95a5fd672da,church
NR_89,Moedoedoer|Moededoe,Moedoedoer,9.58261,76.36343,POINT (76.36343 9.58261),-,-
NR_89_GEO_1,Spruyt van Moededoe|Moedoedoer (River),Moedoedoer (River),9.58261,76.36343,POINT (76.36343 9.58261),https://digitaalerfgoed.poolparty.biz/globalise/cf7cc49f-738b-48b0-80a7-476244ba4919,river
NR_89_HUM_1,Groote Bazaar van Moededoe|Groote Pasaar gent Moededoe|Groot Bazaar van Moededoer|Moedoedoer (Bazaar),Moedoedoer (Bazaar),9.58261,76.36343,POINT (76.36343 9.58261),https://digitaalerfgoed.poolparty.biz/globalise/81582de8-b667-4ac8-a6b1-c4d21e1f0917,bazaar
NR_8_HUM_1,Cota|Coutta (Manufacturing center),Coutta (Manufacturing center),11.23333,75.76667,POINT (75.76667 11.23333),https://digitaalerfgoed.poolparty.biz/globalise/9909aa42-a02a-45b0-8a8a-a6e549017d6a,manufacturing center
NR_9 ,Narmacadoe|Nadakkavu,Nadakkavu,11.27081,75.77639,POINT (75.77639 11.27081),-,-
NR_90,Tanairemouka|Tanairemoekan,Tanairemoekan,9.1756,76.47129,POINT (76.47129 9.1756),-,-
NR_93,Maikollongere|Ollaiconlongerre|Ollankollangare|Ambanakulangara,Ambanakulangara,9.568381,76.362311,POINT (76.362311 9.568381),-,-
NR_93_HUM_1,Pagood Maikollongere|Pagood van Ollaicollongerre|Ambanakulangara (Temple),Ambanakulangara (Temple),9.568381,76.362311,POINT (76.362311 9.568381),https://digitaalerfgoed.poolparty.biz/globalise/02db354d-bbd0-4122-aa18-00d6fe8cba28,temple
NR_94,Aregatoe|Aryad,Aryad,9.525419,76.35435,POINT (76.35435 9.525419),-,-
NR_94_HUM_1,Tolhuys van Aregatoe|Aryad (Tollhouse)|Tollhuijs van Aregatoe,Aryad (Tollhouse),9.525419,76.35435,POINT (76.35435 9.525419),https://digitaalerfgoed.poolparty.biz/globalise/6e10b4e5-2a9a-4272-b10d-23c19f1e7448,tollhouse
NR_94_HUM_2,'t Dorp Aregatoe|Aryad (Village),Aryad (Village),9.525419,76.35435,POINT (76.35435 9.525419),https://digitaalerfgoed.poolparty.biz/globalise/d4dafba3-2344-4f5a-a94d-ed988069d0e5,village
NR_95,Cattoer|Catoer|Caloer|Kattur (Thrissur),Kattur (Thrissur),10.37315,76.16678,POINT (76.16678 10.37315),-,-
NR_96,Toemboel|Toemboell|Thumpoly ,Thumpoly ,9.51916,76.32172,POINT (76.32172 9.51916),-,-
NR_96_HUM_1,Thumpoly (Church)|Kerck Toemboell|Kerk Toemboel,Thumpoly (Church),9.566667,76.333333,POINT (76.333333 9.566667),https://digitaalerfgoed.poolparty.biz/globalise/d988ee0d-6b1c-4ba3-96f5-a95a5fd672da,church
NR_97,Palartoertij|Palaardoerdi|Pallathuruthy (Alappuzha)|Palaartoerdi,Pallathuruthy (Alappuzha),9.4598,76.3697,POINT (76.3697 9.4598),-,-
NR_97_GEO_1,'t Eyland Palaardoerdi|Eijland Palatoerij|Pallathuruthy (Island),Pallathuruthy (Island),9.4598,76.3697,POINT (76.3697 9.4598),https://digitaalerfgoed.poolparty.biz/globalise/d8b4d9c6-11b3-430a-ba08-48eb1f3a8f56,island
NR_97_HUM_1,Pagood Palartoertij|Pagood v: Palaartoerdi|Pallathuruthy (Temple),Pallathuruthy (Temple),9.4598,76.3697,POINT (76.3697 9.4598),https://digitaalerfgoed.poolparty.biz/globalise/02db354d-bbd0-4122-aa18-00d6fe8cba28,temple
NR_98,T Land Pajjour|Vechoor|'t Land Pitjour|T' Land Bitjoer,Vechoor,9.666667,76.45,POINT (76.45 9.666667),-,-
NR_99,Polikekaiw|Poelikekaia|Pullangady|Poelikekaija,Pullangady,9.395189,76.422789,POINT (76.422789 9.395189),-,-
NR_99_HUM_1,Pagood Poelikekaija|Pagood v. Polikekaiw|Pagood v: Poelikekaia|Pullangady (Temple),Pullangady (Temple),9.395189,76.422789,POINT (76.422789 9.395189),https://digitaalerfgoed.poolparty.biz/globalise/02db354d-bbd0-4122-aa18-00d6fe8cba28,temple
